CalendarDate,DateKey,Year,Quarter,Month,MonthName,Week,Day,DayName,Weekend
2021-01-01,20210101,2021,1,1,January,53,1,Friday,False
2021-01-02,20210102,2021,1,1,January,53,2,Saturday,True
2021-01-03,20210103,2021,1,1,January,53,3,Sunday,True
2021-01-04,20210104,2021,1,1,January,1,4,Monday,False
2021-01-05,20210105,2021,1,1,January,1,5,Tuesday,False
2021-01-06,20210106,2021,1,1,January,1,6,Wednesday,False
2021-01-07,20210107,2021,1,1,January,1,7,Thursday,False
2021-01-08,20210108,2021,1,1,January,1,8,Friday,False
2021-01-09,20210109,2021,1,1,January,1,9,Saturday,True
2021-01-10,20210110,2021,1,1,January,1,10,Sunday,True
2021-01-11,20210111,2021,1,1,January,2,11,Monday,False
2021-01-12,20210112,2021,1,1,January,2,12,Tuesday,False
2021-01-13,20210113,2021,1,1,January,2,13,Wednesday,False
2021-01-14,20210114,2021,1,1,January,2,14,Thursday,False
2021-01-15,20210115,2021,1,1,January,2,15,Friday,False
2021-01-16,20210116,2021,1,1,January,2,16,Saturday,True
2021-01-17,20210117,2021,1,1,January,2,17,Sunday,True
2021-01-18,20210118,2021,1,1,January,3,18,Monday,False
2021-01-19,20210119,2021,1,1,January,3,19,Tuesday,False
2021-01-20,20210120,2021,1,1,January,3,20,Wednesday,False
2021-01-21,20210121,2021,1,1,January,3,21,Thursday,False
2021-01-22,20210122,2021,1,1,January,3,22,Friday,False
2021-01-23,20210123,2021,1,1,January,3,23,Saturday,True
2021-01-24,20210124,2021,1,1,January,3,24,Sunday,True
2021-01-25,20210125,2021,1,1,January,4,25,Monday,False
2021-01-26,20210126,2021,1,1,January,4,26,Tuesday,False
2021-01-27,20210127,2021,1,1,January,4,27,Wednesday,False
2021-01-28,20210128,2021,1,1,January,4,28,Thursday,False
2021-01-29,20210129,2021,1,1,January,4,29,Friday,False
2021-01-30,20210130,2021,1,1,January,4,30,Saturday,True
2021-01-31,20210131,2021,1,1,January,4,31,Sunday,True
2021-02-01,20210201,2021,1,2,February,5,1,Monday,False
2021-02-02,20210202,2021,1,2,February,5,2,Tuesday,False
2021-02-03,20210203,2021,1,2,February,5,3,Wednesday,False
2021-02-04,20210204,2021,1,2,February,5,4,Thursday,False
2021-02-05,20210205,2021,1,2,February,5,5,Friday,False
2021-02-06,20210206,2021,1,2,February,5,6,Saturday,True
2021-02-07,20210207,2021,1,2,February,5,7,Sunday,True
2021-02-08,20210208,2021,1,2,February,6,8,Monday,False
2021-02-09,20210209,2021,1,2,February,6,9,Tuesday,False
2021-02-10,20210210,2021,1,2,February,6,10,Wednesday,False
2021-02-11,20210211,2021,1,2,February,6,11,Thursday,False
2021-02-12,20210212,2021,1,2,February,6,12,Friday,False
2021-02-13,20210213,2021,1,2,February,6,13,Saturday,True
2021-02-14,20210214,2021,1,2,February,6,14,Sunday,True
2021-02-15,20210215,2021,1,2,February,7,15,Monday,False
2021-02-16,20210216,2021,1,2,February,7,16,Tuesday,False
2021-02-17,20210217,2021,1,2,February,7,17,Wednesday,False
2021-02-18,20210218,2021,1,2,February,7,18,Thursday,False
2021-02-19,20210219,2021,1,2,February,7,19,Friday,False
2021-02-20,20210220,2021,1,2,February,7,20,Saturday,True
2021-02-21,20210221,2021,1,2,February,7,21,Sunday,True
2021-02-22,20210222,2021,1,2,February,8,22,Monday,False
2021-02-23,20210223,2021,1,2,February,8,23,Tuesday,False
2021-02-24,20210224,2021,1,2,February,8,24,Wednesday,False
2021-02-25,20210225,2021,1,2,February,8,25,Thursday,False
2021-02-26,20210226,2021,1,2,February,8,26,Friday,False
2021-02-27,20210227,2021,1,2,February,8,27,Saturday,True
2021-02-28,20210228,2021,1,2,February,8,28,Sunday,True
2021-03-01,20210301,2021,1,3,March,9,1,Monday,False
2021-03-02,20210302,2021,1,3,March,9,2,Tuesday,False
2021-03-03,20210303,2021,1,3,March,9,3,Wednesday,False
2021-03-04,20210304,2021,1,3,March,9,4,Thursday,False
2021-03-05,20210305,2021,1,3,March,9,5,Friday,False
2021-03-06,20210306,2021,1,3,March,9,6,Saturday,True
2021-03-07,20210307,2021,1,3,March,9,7,Sunday,True
2021-03-08,20210308,2021,1,3,March,10,8,Monday,False
2021-03-09,20210309,2021,1,3,March,10,9,Tuesday,False
2021-03-10,20210310,2021,1,3,March,10,10,Wednesday,False
2021-03-11,20210311,2021,1,3,March,10,11,Thursday,False
2021-03-12,20210312,2021,1,3,March,10,12,Friday,False
2021-03-13,20210313,2021,1,3,March,10,13,Saturday,True
2021-03-14,20210314,2021,1,3,March,10,14,Sunday,True
2021-03-15,20210315,2021,1,3,March,11,15,Monday,False
2021-03-16,20210316,2021,1,3,March,11,16,Tuesday,False
2021-03-17,20210317,2021,1,3,March,11,17,Wednesday,False
2021-03-18,20210318,2021,1,3,March,11,18,Thursday,False
2021-03-19,20210319,2021,1,3,March,11,19,Friday,False
2021-03-20,20210320,2021,1,3,March,11,20,Saturday,True
2021-03-21,20210321,2021,1,3,March,11,21,Sunday,True
2021-03-22,20210322,2021,1,3,March,12,22,Monday,False
2021-03-23,20210323,2021,1,3,March,12,23,Tuesday,False
2021-03-24,20210324,2021,1,3,March,12,24,Wednesday,False
2021-03-25,20210325,2021,1,3,March,12,25,Thursday,False
2021-03-26,20210326,2021,1,3,March,12,26,Friday,False
2021-03-27,20210327,2021,1,3,March,12,27,Saturday,True
2021-03-28,20210328,2021,1,3,March,12,28,Sunday,True
2021-03-29,20210329,2021,1,3,March,13,29,Monday,False
2021-03-30,20210330,2021,1,3,March,13,30,Tuesday,False
2021-03-31,20210331,2021,1,3,March,13,31,Wednesday,False
2021-04-01,20210401,2021,2,4,April,13,1,Thursday,False
2021-04-02,20210402,2021,2,4,April,13,2,Friday,False
2021-04-03,20210403,2021,2,4,April,13,3,Saturday,True
2021-04-04,20210404,2021,2,4,April,13,4,Sunday,True
2021-04-05,20210405,2021,2,4,April,14,5,Monday,False
2021-04-06,20210406,2021,2,4,April,14,6,Tuesday,False
2021-04-07,20210407,2021,2,4,April,14,7,Wednesday,False
2021-04-08,20210408,2021,2,4,April,14,8,Thursday,False
2021-04-09,20210409,2021,2,4,April,14,9,Friday,False
2021-04-10,20210410,2021,2,4,April,14,10,Saturday,True
2021-04-11,20210411,2021,2,4,April,14,11,Sunday,True
2021-04-12,20210412,2021,2,4,April,15,12,Monday,False
2021-04-13,20210413,2021,2,4,April,15,13,Tuesday,False
2021-04-14,20210414,2021,2,4,April,15,14,Wednesday,False
2021-04-15,20210415,2021,2,4,April,15,15,Thursday,False
2021-04-16,20210416,2021,2,4,April,15,16,Friday,False
2021-04-17,20210417,2021,2,4,April,15,17,Saturday,True
2021-04-18,20210418,2021,2,4,April,15,18,Sunday,True
2021-04-19,20210419,2021,2,4,April,16,19,Monday,False
2021-04-20,20210420,2021,2,4,April,16,20,Tuesday,False
2021-04-21,20210421,2021,2,4,April,16,21,Wednesday,False
2021-04-22,20210422,2021,2,4,April,16,22,Thursday,False
2021-04-23,20210423,2021,2,4,April,16,23,Friday,False
2021-04-24,20210424,2021,2,4,April,16,24,Saturday,True
2021-04-25,20210425,2021,2,4,April,16,25,Sunday,True
2021-04-26,20210426,2021,2,4,April,17,26,Monday,False
2021-04-27,20210427,2021,2,4,April,17,27,Tuesday,False
2021-04-28,20210428,2021,2,4,April,17,28,Wednesday,False
2021-04-29,20210429,2021,2,4,April,17,29,Thursday,False
2021-04-30,20210430,2021,2,4,April,17,30,Friday,False
2021-05-01,20210501,2021,2,5,May,17,1,Saturday,True
2021-05-02,20210502,2021,2,5,May,17,2,Sunday,True
2021-05-03,20210503,2021,2,5,May,18,3,Monday,False
2021-05-04,20210504,2021,2,5,May,18,4,Tuesday,False
2021-05-05,20210505,2021,2,5,May,18,5,Wednesday,False
2021-05-06,20210506,2021,2,5,May,18,6,Thursday,False
2021-05-07,20210507,2021,2,5,May,18,7,Friday,False
2021-05-08,20210508,2021,2,5,May,18,8,Saturday,True
2021-05-09,20210509,2021,2,5,May,18,9,Sunday,True
2021-05-10,20210510,2021,2,5,May,19,10,Monday,False
2021-05-11,20210511,2021,2,5,May,19,11,Tuesday,False
2021-05-12,20210512,2021,2,5,May,19,12,Wednesday,False
2021-05-13,20210513,2021,2,5,May,19,13,Thursday,False
2021-05-14,20210514,2021,2,5,May,19,14,Friday,False
2021-05-15,20210515,2021,2,5,May,19,15,Saturday,True
2021-05-16,20210516,2021,2,5,May,19,16,Sunday,True
2021-05-17,20210517,2021,2,5,May,20,17,Monday,False
2021-05-18,20210518,2021,2,5,May,20,18,Tuesday,False
2021-05-19,20210519,2021,2,5,May,20,19,Wednesday,False
2021-05-20,20210520,2021,2,5,May,20,20,Thursday,False
2021-05-21,20210521,2021,2,5,May,20,21,Friday,False
2021-05-22,20210522,2021,2,5,May,20,22,Saturday,True
2021-05-23,20210523,2021,2,5,May,20,23,Sunday,True
2021-05-24,20210524,2021,2,5,May,21,24,Monday,False
2021-05-25,20210525,2021,2,5,May,21,25,Tuesday,False
2021-05-26,20210526,2021,2,5,May,21,26,Wednesday,False
2021-05-27,20210527,2021,2,5,May,21,27,Thursday,False
2021-05-28,20210528,2021,2,5,May,21,28,Friday,False
2021-05-29,20210529,2021,2,5,May,21,29,Saturday,True
2021-05-30,20210530,2021,2,5,May,21,30,Sunday,True
2021-05-31,20210531,2021,2,5,May,22,31,Monday,False
2021-06-01,20210601,2021,2,6,June,22,1,Tuesday,False
2021-06-02,20210602,2021,2,6,June,22,2,Wednesday,False
2021-06-03,20210603,2021,2,6,June,22,3,Thursday,False
2021-06-04,20210604,2021,2,6,June,22,4,Friday,False
2021-06-05,20210605,2021,2,6,June,22,5,Saturday,True
2021-06-06,20210606,2021,2,6,June,22,6,Sunday,True
2021-06-07,20210607,2021,2,6,June,23,7,Monday,False
2021-06-08,20210608,2021,2,6,June,23,8,Tuesday,False
2021-06-09,20210609,2021,2,6,June,23,9,Wednesday,False
2021-06-10,20210610,2021,2,6,June,23,10,Thursday,False
2021-06-11,20210611,2021,2,6,June,23,11,Friday,False
2021-06-12,20210612,2021,2,6,June,23,12,Saturday,True
2021-06-13,20210613,2021,2,6,June,23,13,Sunday,True
2021-06-14,20210614,2021,2,6,June,24,14,Monday,False
2021-06-15,20210615,2021,2,6,June,24,15,Tuesday,False
2021-06-16,20210616,2021,2,6,June,24,16,Wednesday,False
2021-06-17,20210617,2021,2,6,June,24,17,Thursday,False
2021-06-18,20210618,2021,2,6,June,24,18,Friday,False
2021-06-19,20210619,2021,2,6,June,24,19,Saturday,True
2021-06-20,20210620,2021,2,6,June,24,20,Sunday,True
2021-06-21,20210621,2021,2,6,June,25,21,Monday,False
2021-06-22,20210622,2021,2,6,June,25,22,Tuesday,False
2021-06-23,20210623,2021,2,6,June,25,23,Wednesday,False
2021-06-24,20210624,2021,2,6,June,25,24,Thursday,False
2021-06-25,20210625,2021,2,6,June,25,25,Friday,False
2021-06-26,20210626,2021,2,6,June,25,26,Saturday,True
2021-06-27,20210627,2021,2,6,June,25,27,Sunday,True
2021-06-28,20210628,2021,2,6,June,26,28,Monday,False
2021-06-29,20210629,2021,2,6,June,26,29,Tuesday,False
2021-06-30,20210630,2021,2,6,June,26,30,Wednesday,False
2021-07-01,20210701,2021,3,7,July,26,1,Thursday,False
2021-07-02,20210702,2021,3,7,July,26,2,Friday,False
2021-07-03,20210703,2021,3,7,July,26,3,Saturday,True
2021-07-04,20210704,2021,3,7,July,26,4,Sunday,True
2021-07-05,20210705,2021,3,7,July,27,5,Monday,False
2021-07-06,20210706,2021,3,7,July,27,6,Tuesday,False
2021-07-07,20210707,2021,3,7,July,27,7,Wednesday,False
2021-07-08,20210708,2021,3,7,July,27,8,Thursday,False
2021-07-09,20210709,2021,3,7,July,27,9,Friday,False
2021-07-10,20210710,2021,3,7,July,27,10,Saturday,True
2021-07-11,20210711,2021,3,7,July,27,11,Sunday,True
2021-07-12,20210712,2021,3,7,July,28,12,Monday,False
2021-07-13,20210713,2021,3,7,July,28,13,Tuesday,False
2021-07-14,20210714,2021,3,7,July,28,14,Wednesday,False
2021-07-15,20210715,2021,3,7,July,28,15,Thursday,False
2021-07-16,20210716,2021,3,7,July,28,16,Friday,False
2021-07-17,20210717,2021,3,7,July,28,17,Saturday,True
2021-07-18,20210718,2021,3,7,July,28,18,Sunday,True
2021-07-19,20210719,2021,3,7,July,29,19,Monday,False
2021-07-20,20210720,2021,3,7,July,29,20,Tuesday,False
2021-07-21,20210721,2021,3,7,July,29,21,Wednesday,False
2021-07-22,20210722,2021,3,7,July,29,22,Thursday,False
2021-07-23,20210723,2021,3,7,July,29,23,Friday,False
2021-07-24,20210724,2021,3,7,July,29,24,Saturday,True
2021-07-25,20210725,2021,3,7,July,29,25,Sunday,True
2021-07-26,20210726,2021,3,7,July,30,26,Monday,False
2021-07-27,20210727,2021,3,7,July,30,27,Tuesday,False
2021-07-28,20210728,2021,3,7,July,30,28,Wednesday,False
2021-07-29,20210729,2021,3,7,July,30,29,Thursday,False
2021-07-30,20210730,2021,3,7,July,30,30,Friday,False
2021-07-31,20210731,2021,3,7,July,30,31,Saturday,True
2021-08-01,20210801,2021,3,8,August,30,1,Sunday,True
2021-08-02,20210802,2021,3,8,August,31,2,Monday,False
2021-08-03,20210803,2021,3,8,August,31,3,Tuesday,False
2021-08-04,20210804,2021,3,8,August,31,4,Wednesday,False
2021-08-05,20210805,2021,3,8,August,31,5,Thursday,False
2021-08-06,20210806,2021,3,8,August,31,6,Friday,False
2021-08-07,20210807,2021,3,8,August,31,7,Saturday,True
2021-08-08,20210808,2021,3,8,August,31,8,Sunday,True
2021-08-09,20210809,2021,3,8,August,32,9,Monday,False
2021-08-10,20210810,2021,3,8,August,32,10,Tuesday,False
2021-08-11,20210811,2021,3,8,August,32,11,Wednesday,False
2021-08-12,20210812,2021,3,8,August,32,12,Thursday,False
2021-08-13,20210813,2021,3,8,August,32,13,Friday,False
2021-08-14,20210814,2021,3,8,August,32,14,Saturday,True
2021-08-15,20210815,2021,3,8,August,32,15,Sunday,True
2021-08-16,20210816,2021,3,8,August,33,16,Monday,False
2021-08-17,20210817,2021,3,8,August,33,17,Tuesday,False
2021-08-18,20210818,2021,3,8,August,33,18,Wednesday,False
2021-08-19,20210819,2021,3,8,August,33,19,Thursday,False
2021-08-20,20210820,2021,3,8,August,33,20,Friday,False
2021-08-21,20210821,2021,3,8,August,33,21,Saturday,True
2021-08-22,20210822,2021,3,8,August,33,22,Sunday,True
2021-08-23,20210823,2021,3,8,August,34,23,Monday,False
2021-08-24,20210824,2021,3,8,August,34,24,Tuesday,False
2021-08-25,20210825,2021,3,8,August,34,25,Wednesday,False
2021-08-26,20210826,2021,3,8,August,34,26,Thursday,False
2021-08-27,20210827,2021,3,8,August,34,27,Friday,False
2021-08-28,20210828,2021,3,8,August,34,28,Saturday,True
2021-08-29,20210829,2021,3,8,August,34,29,Sunday,True
2021-08-30,20210830,2021,3,8,August,35,30,Monday,False
2021-08-31,20210831,2021,3,8,August,35,31,Tuesday,False
2021-09-01,20210901,2021,3,9,September,35,1,Wednesday,False
2021-09-02,20210902,2021,3,9,September,35,2,Thursday,False
2021-09-03,20210903,2021,3,9,September,35,3,Friday,False
2021-09-04,20210904,2021,3,9,September,35,4,Saturday,True
2021-09-05,20210905,2021,3,9,September,35,5,Sunday,True
2021-09-06,20210906,2021,3,9,September,36,6,Monday,False
2021-09-07,20210907,2021,3,9,September,36,7,Tuesday,False
2021-09-08,20210908,2021,3,9,September,36,8,Wednesday,False
2021-09-09,20210909,2021,3,9,September,36,9,Thursday,False
2021-09-10,20210910,2021,3,9,September,36,10,Friday,False
2021-09-11,20210911,2021,3,9,September,36,11,Saturday,True
2021-09-12,20210912,2021,3,9,September,36,12,Sunday,True
2021-09-13,20210913,2021,3,9,September,37,13,Monday,False
2021-09-14,20210914,2021,3,9,September,37,14,Tuesday,False
2021-09-15,20210915,2021,3,9,September,37,15,Wednesday,False
2021-09-16,20210916,2021,3,9,September,37,16,Thursday,False
2021-09-17,20210917,2021,3,9,September,37,17,Friday,False
2021-09-18,20210918,2021,3,9,September,37,18,Saturday,True
2021-09-19,20210919,2021,3,9,September,37,19,Sunday,True
2021-09-20,20210920,2021,3,9,September,38,20,Monday,False
2021-09-21,20210921,2021,3,9,September,38,21,Tuesday,False
2021-09-22,20210922,2021,3,9,September,38,22,Wednesday,False
2021-09-23,20210923,2021,3,9,September,38,23,Thursday,False
2021-09-24,20210924,2021,3,9,September,38,24,Friday,False
2021-09-25,20210925,2021,3,9,September,38,25,Saturday,True
2021-09-26,20210926,2021,3,9,September,38,26,Sunday,True
2021-09-27,20210927,2021,3,9,September,39,27,Monday,False
2021-09-28,20210928,2021,3,9,September,39,28,Tuesday,False
2021-09-29,20210929,2021,3,9,September,39,29,Wednesday,False
2021-09-30,20210930,2021,3,9,September,39,30,Thursday,False
2021-10-01,20211001,2021,4,10,October,39,1,Friday,False
2021-10-02,20211002,2021,4,10,October,39,2,Saturday,True
2021-10-03,20211003,2021,4,10,October,39,3,Sunday,True
2021-10-04,20211004,2021,4,10,October,40,4,Monday,False
2021-10-05,20211005,2021,4,10,October,40,5,Tuesday,False
2021-10-06,20211006,2021,4,10,October,40,6,Wednesday,False
2021-10-07,20211007,2021,4,10,October,40,7,Thursday,False
2021-10-08,20211008,2021,4,10,October,40,8,Friday,False
2021-10-09,20211009,2021,4,10,October,40,9,Saturday,True
2021-10-10,20211010,2021,4,10,October,40,10,Sunday,True
2021-10-11,20211011,2021,4,10,October,41,11,Monday,False
2021-10-12,20211012,2021,4,10,October,41,12,Tuesday,False
2021-10-13,20211013,2021,4,10,October,41,13,Wednesday,False
2021-10-14,20211014,2021,4,10,October,41,14,Thursday,False
2021-10-15,20211015,2021,4,10,October,41,15,Friday,False
2021-10-16,20211016,2021,4,10,October,41,16,Saturday,True
2021-10-17,20211017,2021,4,10,October,41,17,Sunday,True
2021-10-18,20211018,2021,4,10,October,42,18,Monday,False
2021-10-19,20211019,2021,4,10,October,42,19,Tuesday,False
2021-10-20,20211020,2021,4,10,October,42,20,Wednesday,False
2021-10-21,20211021,2021,4,10,October,42,21,Thursday,False
2021-10-22,20211022,2021,4,10,October,42,22,Friday,False
2021-10-23,20211023,2021,4,10,October,42,23,Saturday,True
2021-10-24,20211024,2021,4,10,October,42,24,Sunday,True
2021-10-25,20211025,2021,4,10,October,43,25,Monday,False
2021-10-26,20211026,2021,4,10,October,43,26,Tuesday,False
2021-10-27,20211027,2021,4,10,October,43,27,Wednesday,False
2021-10-28,20211028,2021,4,10,October,43,28,Thursday,False
2021-10-29,20211029,2021,4,10,October,43,29,Friday,False
2021-10-30,20211030,2021,4,10,October,43,30,Saturday,True
2021-10-31,20211031,2021,4,10,October,43,31,Sunday,True
2021-11-01,20211101,2021,4,11,November,44,1,Monday,False
2021-11-02,20211102,2021,4,11,November,44,2,Tuesday,False
2021-11-03,20211103,2021,4,11,November,44,3,Wednesday,False
2021-11-04,20211104,2021,4,11,November,44,4,Thursday,False
2021-11-05,20211105,2021,4,11,November,44,5,Friday,False
2021-11-06,20211106,2021,4,11,November,44,6,Saturday,True
2021-11-07,20211107,2021,4,11,November,44,7,Sunday,True
2021-11-08,20211108,2021,4,11,November,45,8,Monday,False
2021-11-09,20211109,2021,4,11,November,45,9,Tuesday,False
2021-11-10,20211110,2021,4,11,November,45,10,Wednesday,False
2021-11-11,20211111,2021,4,11,November,45,11,Thursday,False
2021-11-12,20211112,2021,4,11,November,45,12,Friday,False
2021-11-13,20211113,2021,4,11,November,45,13,Saturday,True
2021-11-14,20211114,2021,4,11,November,45,14,Sunday,True
2021-11-15,20211115,2021,4,11,November,46,15,Monday,False
2021-11-16,20211116,2021,4,11,November,46,16,Tuesday,False
2021-11-17,20211117,2021,4,11,November,46,17,Wednesday,False
2021-11-18,20211118,2021,4,11,November,46,18,Thursday,False
2021-11-19,20211119,2021,4,11,November,46,19,Friday,False
2021-11-20,20211120,2021,4,11,November,46,20,Saturday,True
2021-11-21,20211121,2021,4,11,November,46,21,Sunday,True
2021-11-22,20211122,2021,4,11,November,47,22,Monday,False
2021-11-23,20211123,2021,4,11,November,47,23,Tuesday,False
2021-11-24,20211124,2021,4,11,November,47,24,Wednesday,False
2021-11-25,20211125,2021,4,11,November,47,25,Thursday,False
2021-11-26,20211126,2021,4,11,November,47,26,Friday,False
2021-11-27,20211127,2021,4,11,November,47,27,Saturday,True
2021-11-28,20211128,2021,4,11,November,47,28,Sunday,True
2021-11-29,20211129,2021,4,11,November,48,29,Monday,False
2021-11-30,20211130,2021,4,11,November,48,30,Tuesday,False
2021-12-01,20211201,2021,4,12,December,48,1,Wednesday,False
2021-12-02,20211202,2021,4,12,December,48,2,Thursday,False
2021-12-03,20211203,2021,4,12,December,48,3,Friday,False
2021-12-04,20211204,2021,4,12,December,48,4,Saturday,True
2021-12-05,20211205,2021,4,12,December,48,5,Sunday,True
2021-12-06,20211206,2021,4,12,December,49,6,Monday,False
2021-12-07,20211207,2021,4,12,December,49,7,Tuesday,False
2021-12-08,20211208,2021,4,12,December,49,8,Wednesday,False
2021-12-09,20211209,2021,4,12,December,49,9,Thursday,False
2021-12-10,20211210,2021,4,12,December,49,10,Friday,False
2021-12-11,20211211,2021,4,12,December,49,11,Saturday,True
2021-12-12,20211212,2021,4,12,December,49,12,Sunday,True
2021-12-13,20211213,2021,4,12,December,50,13,Monday,False
2021-12-14,20211214,2021,4,12,December,50,14,Tuesday,False
2021-12-15,20211215,2021,4,12,December,50,15,Wednesday,False
2021-12-16,20211216,2021,4,12,December,50,16,Thursday,False
2021-12-17,20211217,2021,4,12,December,50,17,Friday,False
2021-12-18,20211218,2021,4,12,December,50,18,Saturday,True
2021-12-19,20211219,2021,4,12,December,50,19,Sunday,True
2021-12-20,20211220,2021,4,12,December,51,20,Monday,False
2021-12-21,20211221,2021,4,12,December,51,21,Tuesday,False
2021-12-22,20211222,2021,4,12,December,51,22,Wednesday,False
2021-12-23,20211223,2021,4,12,December,51,23,Thursday,False
2021-12-24,20211224,2021,4,12,December,51,24,Friday,False
2021-12-25,20211225,2021,4,12,December,51,25,Saturday,True
2021-12-26,20211226,2021,4,12,December,51,26,Sunday,True
2021-12-27,20211227,2021,4,12,December,52,27,Monday,False
2021-12-28,20211228,2021,4,12,December,52,28,Tuesday,False
2021-12-29,20211229,2021,4,12,December,52,29,Wednesday,False
2021-12-30,20211230,2021,4,12,December,52,30,Thursday,False
2021-12-31,20211231,2021,4,12,December,52,31,Friday,False
2022-01-01,20220101,2022,1,1,January,52,1,Saturday,True
2022-01-02,20220102,2022,1,1,January,52,2,Sunday,True
2022-01-03,20220103,2022,1,1,January,1,3,Monday,False
2022-01-04,20220104,2022,1,1,January,1,4,Tuesday,False
2022-01-05,20220105,2022,1,1,January,1,5,Wednesday,False
2022-01-06,20220106,2022,1,1,January,1,6,Thursday,False
2022-01-07,20220107,2022,1,1,January,1,7,Friday,False
2022-01-08,20220108,2022,1,1,January,1,8,Saturday,True
2022-01-09,20220109,2022,1,1,January,1,9,Sunday,True
2022-01-10,20220110,2022,1,1,January,2,10,Monday,False
2022-01-11,20220111,2022,1,1,January,2,11,Tuesday,False
2022-01-12,20220112,2022,1,1,January,2,12,Wednesday,False
2022-01-13,20220113,2022,1,1,January,2,13,Thursday,False
2022-01-14,20220114,2022,1,1,January,2,14,Friday,False
2022-01-15,20220115,2022,1,1,January,2,15,Saturday,True
2022-01-16,20220116,2022,1,1,January,2,16,Sunday,True
2022-01-17,20220117,2022,1,1,January,3,17,Monday,False
2022-01-18,20220118,2022,1,1,January,3,18,Tuesday,False
2022-01-19,20220119,2022,1,1,January,3,19,Wednesday,False
2022-01-20,20220120,2022,1,1,January,3,20,Thursday,False
2022-01-21,20220121,2022,1,1,January,3,21,Friday,False
2022-01-22,20220122,2022,1,1,January,3,22,Saturday,True
2022-01-23,20220123,2022,1,1,January,3,23,Sunday,True
2022-01-24,20220124,2022,1,1,January,4,24,Monday,False
2022-01-25,20220125,2022,1,1,January,4,25,Tuesday,False
2022-01-26,20220126,2022,1,1,January,4,26,Wednesday,False
2022-01-27,20220127,2022,1,1,January,4,27,Thursday,False
2022-01-28,20220128,2022,1,1,January,4,28,Friday,False
2022-01-29,20220129,2022,1,1,January,4,29,Saturday,True
2022-01-30,20220130,2022,1,1,January,4,30,Sunday,True
2022-01-31,20220131,2022,1,1,January,5,31,Monday,False
2022-02-01,20220201,2022,1,2,February,5,1,Tuesday,False
2022-02-02,20220202,2022,1,2,February,5,2,Wednesday,False
2022-02-03,20220203,2022,1,2,February,5,3,Thursday,False
2022-02-04,20220204,2022,1,2,February,5,4,Friday,False
2022-02-05,20220205,2022,1,2,February,5,5,Saturday,True
2022-02-06,20220206,2022,1,2,February,5,6,Sunday,True
2022-02-07,20220207,2022,1,2,February,6,7,Monday,False
2022-02-08,20220208,2022,1,2,February,6,8,Tuesday,False
2022-02-09,20220209,2022,1,2,February,6,9,Wednesday,False
2022-02-10,20220210,2022,1,2,February,6,10,Thursday,False
2022-02-11,20220211,2022,1,2,February,6,11,Friday,False
2022-02-12,20220212,2022,1,2,February,6,12,Saturday,True
2022-02-13,20220213,2022,1,2,February,6,13,Sunday,True
2022-02-14,20220214,2022,1,2,February,7,14,Monday,False
2022-02-15,20220215,2022,1,2,February,7,15,Tuesday,False
2022-02-16,20220216,2022,1,2,February,7,16,Wednesday,False
2022-02-17,20220217,2022,1,2,February,7,17,Thursday,False
2022-02-18,20220218,2022,1,2,February,7,18,Friday,False
2022-02-19,20220219,2022,1,2,February,7,19,Saturday,True
2022-02-20,20220220,2022,1,2,February,7,20,Sunday,True
2022-02-21,20220221,2022,1,2,February,8,21,Monday,False
2022-02-22,20220222,2022,1,2,February,8,22,Tuesday,False
2022-02-23,20220223,2022,1,2,February,8,23,Wednesday,False
2022-02-24,20220224,2022,1,2,February,8,24,Thursday,False
2022-02-25,20220225,2022,1,2,February,8,25,Friday,False
2022-02-26,20220226,2022,1,2,February,8,26,Saturday,True
2022-02-27,20220227,2022,1,2,February,8,27,Sunday,True
2022-02-28,20220228,2022,1,2,February,9,28,Monday,False
2022-03-01,20220301,2022,1,3,March,9,1,Tuesday,False
2022-03-02,20220302,2022,1,3,March,9,2,Wednesday,False
2022-03-03,20220303,2022,1,3,March,9,3,Thursday,False
2022-03-04,20220304,2022,1,3,March,9,4,Friday,False
2022-03-05,20220305,2022,1,3,March,9,5,Saturday,True
2022-03-06,20220306,2022,1,3,March,9,6,Sunday,True
2022-03-07,20220307,2022,1,3,March,10,7,Monday,False
2022-03-08,20220308,2022,1,3,March,10,8,Tuesday,False
2022-03-09,20220309,2022,1,3,March,10,9,Wednesday,False
2022-03-10,20220310,2022,1,3,March,10,10,Thursday,False
2022-03-11,20220311,2022,1,3,March,10,11,Friday,False
2022-03-12,20220312,2022,1,3,March,10,12,Saturday,True
2022-03-13,20220313,2022,1,3,March,10,13,Sunday,True
2022-03-14,20220314,2022,1,3,March,11,14,Monday,False
2022-03-15,20220315,2022,1,3,March,11,15,Tuesday,False
2022-03-16,20220316,2022,1,3,March,11,16,Wednesday,False
2022-03-17,20220317,2022,1,3,March,11,17,Thursday,False
2022-03-18,20220318,2022,1,3,March,11,18,Friday,False
2022-03-19,20220319,2022,1,3,March,11,19,Saturday,True
2022-03-20,20220320,2022,1,3,March,11,20,Sunday,True
2022-03-21,20220321,2022,1,3,March,12,21,Monday,False
2022-03-22,20220322,2022,1,3,March,12,22,Tuesday,False
2022-03-23,20220323,2022,1,3,March,12,23,Wednesday,False
2022-03-24,20220324,2022,1,3,March,12,24,Thursday,False
2022-03-25,20220325,2022,1,3,March,12,25,Friday,False
2022-03-26,20220326,2022,1,3,March,12,26,Saturday,True
2022-03-27,20220327,2022,1,3,March,12,27,Sunday,True
2022-03-28,20220328,2022,1,3,March,13,28,Monday,False
2022-03-29,20220329,2022,1,3,March,13,29,Tuesday,False
2022-03-30,20220330,2022,1,3,March,13,30,Wednesday,False
2022-03-31,20220331,2022,1,3,March,13,31,Thursday,False
2022-04-01,20220401,2022,2,4,April,13,1,Friday,False
2022-04-02,20220402,2022,2,4,April,13,2,Saturday,True
2022-04-03,20220403,2022,2,4,April,13,3,Sunday,True
2022-04-04,20220404,2022,2,4,April,14,4,Monday,False
2022-04-05,20220405,2022,2,4,April,14,5,Tuesday,False
2022-04-06,20220406,2022,2,4,April,14,6,Wednesday,False
2022-04-07,20220407,2022,2,4,April,14,7,Thursday,False
2022-04-08,20220408,2022,2,4,April,14,8,Friday,False
2022-04-09,20220409,2022,2,4,April,14,9,Saturday,True
2022-04-10,20220410,2022,2,4,April,14,10,Sunday,True
2022-04-11,20220411,2022,2,4,April,15,11,Monday,False
2022-04-12,20220412,2022,2,4,April,15,12,Tuesday,False
2022-04-13,20220413,2022,2,4,April,15,13,Wednesday,False
2022-04-14,20220414,2022,2,4,April,15,14,Thursday,False
2022-04-15,20220415,2022,2,4,April,15,15,Friday,False
2022-04-16,20220416,2022,2,4,April,15,16,Saturday,True
2022-04-17,20220417,2022,2,4,April,15,17,Sunday,True
2022-04-18,20220418,2022,2,4,April,16,18,Monday,False
2022-04-19,20220419,2022,2,4,April,16,19,Tuesday,False
2022-04-20,20220420,2022,2,4,April,16,20,Wednesday,False
2022-04-21,20220421,2022,2,4,April,16,21,Thursday,False
2022-04-22,20220422,2022,2,4,April,16,22,Friday,False
2022-04-23,20220423,2022,2,4,April,16,23,Saturday,True
2022-04-24,20220424,2022,2,4,April,16,24,Sunday,True
2022-04-25,20220425,2022,2,4,April,17,25,Monday,False
2022-04-26,20220426,2022,2,4,April,17,26,Tuesday,False
2022-04-27,20220427,2022,2,4,April,17,27,Wednesday,False
2022-04-28,20220428,2022,2,4,April,17,28,Thursday,False
2022-04-29,20220429,2022,2,4,April,17,29,Friday,False
2022-04-30,20220430,2022,2,4,April,17,30,Saturday,True
2022-05-01,20220501,2022,2,5,May,17,1,Sunday,True
2022-05-02,20220502,2022,2,5,May,18,2,Monday,False
2022-05-03,20220503,2022,2,5,May,18,3,Tuesday,False
2022-05-04,20220504,2022,2,5,May,18,4,Wednesday,False
2022-05-05,20220505,2022,2,5,May,18,5,Thursday,False
2022-05-06,20220506,2022,2,5,May,18,6,Friday,False
2022-05-07,20220507,2022,2,5,May,18,7,Saturday,True
2022-05-08,20220508,2022,2,5,May,18,8,Sunday,True
2022-05-09,20220509,2022,2,5,May,19,9,Monday,False
2022-05-10,20220510,2022,2,5,May,19,10,Tuesday,False
2022-05-11,20220511,2022,2,5,May,19,11,Wednesday,False
2022-05-12,20220512,2022,2,5,May,19,12,Thursday,False
2022-05-13,20220513,2022,2,5,May,19,13,Friday,False
2022-05-14,20220514,2022,2,5,May,19,14,Saturday,True
2022-05-15,20220515,2022,2,5,May,19,15,Sunday,True
2022-05-16,20220516,2022,2,5,May,20,16,Monday,False
2022-05-17,20220517,2022,2,5,May,20,17,Tuesday,False
2022-05-18,20220518,2022,2,5,May,20,18,Wednesday,False
2022-05-19,20220519,2022,2,5,May,20,19,Thursday,False
2022-05-20,20220520,2022,2,5,May,20,20,Friday,False
2022-05-21,20220521,2022,2,5,May,20,21,Saturday,True
2022-05-22,20220522,2022,2,5,May,20,22,Sunday,True
2022-05-23,20220523,2022,2,5,May,21,23,Monday,False
2022-05-24,20220524,2022,2,5,May,21,24,Tuesday,False
2022-05-25,20220525,2022,2,5,May,21,25,Wednesday,False
2022-05-26,20220526,2022,2,5,May,21,26,Thursday,False
2022-05-27,20220527,2022,2,5,May,21,27,Friday,False
2022-05-28,20220528,2022,2,5,May,21,28,Saturday,True
2022-05-29,20220529,2022,2,5,May,21,29,Sunday,True
2022-05-30,20220530,2022,2,5,May,22,30,Monday,False
2022-05-31,20220531,2022,2,5,May,22,31,Tuesday,False
2022-06-01,20220601,2022,2,6,June,22,1,Wednesday,False
2022-06-02,20220602,2022,2,6,June,22,2,Thursday,False
2022-06-03,20220603,2022,2,6,June,22,3,Friday,False
2022-06-04,20220604,2022,2,6,June,22,4,Saturday,True
2022-06-05,20220605,2022,2,6,June,22,5,Sunday,True
2022-06-06,20220606,2022,2,6,June,23,6,Monday,False
2022-06-07,20220607,2022,2,6,June,23,7,Tuesday,False
2022-06-08,20220608,2022,2,6,June,23,8,Wednesday,False
2022-06-09,20220609,2022,2,6,June,23,9,Thursday,False
2022-06-10,20220610,2022,2,6,June,23,10,Friday,False
2022-06-11,20220611,2022,2,6,June,23,11,Saturday,True
2022-06-12,20220612,2022,2,6,June,23,12,Sunday,True
2022-06-13,20220613,2022,2,6,June,24,13,Monday,False
2022-06-14,20220614,2022,2,6,June,24,14,Tuesday,False
2022-06-15,20220615,2022,2,6,June,24,15,Wednesday,False
2022-06-16,20220616,2022,2,6,June,24,16,Thursday,False
2022-06-17,20220617,2022,2,6,June,24,17,Friday,False
2022-06-18,20220618,2022,2,6,June,24,18,Saturday,True
2022-06-19,20220619,2022,2,6,June,24,19,Sunday,True
2022-06-20,20220620,2022,2,6,June,25,20,Monday,False
2022-06-21,20220621,2022,2,6,June,25,21,Tuesday,False
2022-06-22,20220622,2022,2,6,June,25,22,Wednesday,False
2022-06-23,20220623,2022,2,6,June,25,23,Thursday,False
2022-06-24,20220624,2022,2,6,June,25,24,Friday,False
2022-06-25,20220625,2022,2,6,June,25,25,Saturday,True
2022-06-26,20220626,2022,2,6,June,25,26,Sunday,True
2022-06-27,20220627,2022,2,6,June,26,27,Monday,False
2022-06-28,20220628,2022,2,6,June,26,28,Tuesday,False
2022-06-29,20220629,2022,2,6,June,26,29,Wednesday,False
2022-06-30,20220630,2022,2,6,June,26,30,Thursday,False
2022-07-01,20220701,2022,3,7,July,26,1,Friday,False
2022-07-02,20220702,2022,3,7,July,26,2,Saturday,True
2022-07-03,20220703,2022,3,7,July,26,3,Sunday,True
2022-07-04,20220704,2022,3,7,July,27,4,Monday,False
2022-07-05,20220705,2022,3,7,July,27,5,Tuesday,False
2022-07-06,20220706,2022,3,7,July,27,6,Wednesday,False
2022-07-07,20220707,2022,3,7,July,27,7,Thursday,False
2022-07-08,20220708,2022,3,7,July,27,8,Friday,False
2022-07-09,20220709,2022,3,7,July,27,9,Saturday,True
2022-07-10,20220710,2022,3,7,July,27,10,Sunday,True
2022-07-11,20220711,2022,3,7,July,28,11,Monday,False
2022-07-12,20220712,2022,3,7,July,28,12,Tuesday,False
2022-07-13,20220713,2022,3,7,July,28,13,Wednesday,False
2022-07-14,20220714,2022,3,7,July,28,14,Thursday,False
2022-07-15,20220715,2022,3,7,July,28,15,Friday,False
2022-07-16,20220716,2022,3,7,July,28,16,Saturday,True
2022-07-17,20220717,2022,3,7,July,28,17,Sunday,True
2022-07-18,20220718,2022,3,7,July,29,18,Monday,False
2022-07-19,20220719,2022,3,7,July,29,19,Tuesday,False
2022-07-20,20220720,2022,3,7,July,29,20,Wednesday,False
2022-07-21,20220721,2022,3,7,July,29,21,Thursday,False
2022-07-22,20220722,2022,3,7,July,29,22,Friday,False
2022-07-23,20220723,2022,3,7,July,29,23,Saturday,True
2022-07-24,20220724,2022,3,7,July,29,24,Sunday,True
2022-07-25,20220725,2022,3,7,July,30,25,Monday,False
2022-07-26,20220726,2022,3,7,July,30,26,Tuesday,False
2022-07-27,20220727,2022,3,7,July,30,27,Wednesday,False
2022-07-28,20220728,2022,3,7,July,30,28,Thursday,False
2022-07-29,20220729,2022,3,7,July,30,29,Friday,False
2022-07-30,20220730,2022,3,7,July,30,30,Saturday,True
2022-07-31,20220731,2022,3,7,July,30,31,Sunday,True
2022-08-01,20220801,2022,3,8,August,31,1,Monday,False
2022-08-02,20220802,2022,3,8,August,31,2,Tuesday,False
2022-08-03,20220803,2022,3,8,August,31,3,Wednesday,False
2022-08-04,20220804,2022,3,8,August,31,4,Thursday,False
2022-08-05,20220805,2022,3,8,August,31,5,Friday,False
2022-08-06,20220806,2022,3,8,August,31,6,Saturday,True
2022-08-07,20220807,2022,3,8,August,31,7,Sunday,True
2022-08-08,20220808,2022,3,8,August,32,8,Monday,False
2022-08-09,20220809,2022,3,8,August,32,9,Tuesday,False
2022-08-10,20220810,2022,3,8,August,32,10,Wednesday,False
2022-08-11,20220811,2022,3,8,August,32,11,Thursday,False
2022-08-12,20220812,2022,3,8,August,32,12,Friday,False
2022-08-13,20220813,2022,3,8,August,32,13,Saturday,True
2022-08-14,20220814,2022,3,8,August,32,14,Sunday,True
2022-08-15,20220815,2022,3,8,August,33,15,Monday,False
2022-08-16,20220816,2022,3,8,August,33,16,Tuesday,False
2022-08-17,20220817,2022,3,8,August,33,17,Wednesday,False
2022-08-18,20220818,2022,3,8,August,33,18,Thursday,False
2022-08-19,20220819,2022,3,8,August,33,19,Friday,False
2022-08-20,20220820,2022,3,8,August,33,20,Saturday,True
2022-08-21,20220821,2022,3,8,August,33,21,Sunday,True
2022-08-22,20220822,2022,3,8,August,34,22,Monday,False
2022-08-23,20220823,2022,3,8,August,34,23,Tuesday,False
2022-08-24,20220824,2022,3,8,August,34,24,Wednesday,False
2022-08-25,20220825,2022,3,8,August,34,25,Thursday,False
2022-08-26,20220826,2022,3,8,August,34,26,Friday,False
2022-08-27,20220827,2022,3,8,August,34,27,Saturday,True
2022-08-28,20220828,2022,3,8,August,34,28,Sunday,True
2022-08-29,20220829,2022,3,8,August,35,29,Monday,False
2022-08-30,20220830,2022,3,8,August,35,30,Tuesday,False
2022-08-31,20220831,2022,3,8,August,35,31,Wednesday,False
2022-09-01,20220901,2022,3,9,September,35,1,Thursday,False
2022-09-02,20220902,2022,3,9,September,35,2,Friday,False
2022-09-03,20220903,2022,3,9,September,35,3,Saturday,True
2022-09-04,20220904,2022,3,9,September,35,4,Sunday,True
2022-09-05,20220905,2022,3,9,September,36,5,Monday,False
2022-09-06,20220906,2022,3,9,September,36,6,Tuesday,False
2022-09-07,20220907,2022,3,9,September,36,7,Wednesday,False
2022-09-08,20220908,2022,3,9,September,36,8,Thursday,False
2022-09-09,20220909,2022,3,9,September,36,9,Friday,False
2022-09-10,20220910,2022,3,9,September,36,10,Saturday,True
2022-09-11,20220911,2022,3,9,September,36,11,Sunday,True
2022-09-12,20220912,2022,3,9,September,37,12,Monday,False
2022-09-13,20220913,2022,3,9,September,37,13,Tuesday,False
2022-09-14,20220914,2022,3,9,September,37,14,Wednesday,False
2022-09-15,20220915,2022,3,9,September,37,15,Thursday,False
2022-09-16,20220916,2022,3,9,September,37,16,Friday,False
2022-09-17,20220917,2022,3,9,September,37,17,Saturday,True
2022-09-18,20220918,2022,3,9,September,37,18,Sunday,True
2022-09-19,20220919,2022,3,9,September,38,19,Monday,False
2022-09-20,20220920,2022,3,9,September,38,20,Tuesday,False
2022-09-21,20220921,2022,3,9,September,38,21,Wednesday,False
2022-09-22,20220922,2022,3,9,September,38,22,Thursday,False
2022-09-23,20220923,2022,3,9,September,38,23,Friday,False
2022-09-24,20220924,2022,3,9,September,38,24,Saturday,True
2022-09-25,20220925,2022,3,9,September,38,25,Sunday,True
2022-09-26,20220926,2022,3,9,September,39,26,Monday,False
2022-09-27,20220927,2022,3,9,September,39,27,Tuesday,False
2022-09-28,20220928,2022,3,9,September,39,28,Wednesday,False
2022-09-29,20220929,2022,3,9,September,39,29,Thursday,False
2022-09-30,20220930,2022,3,9,September,39,30,Friday,False
2022-10-01,20221001,2022,4,10,October,39,1,Saturday,True
2022-10-02,20221002,2022,4,10,October,39,2,Sunday,True
2022-10-03,20221003,2022,4,10,October,40,3,Monday,False
2022-10-04,20221004,2022,4,10,October,40,4,Tuesday,False
2022-10-05,20221005,2022,4,10,October,40,5,Wednesday,False
2022-10-06,20221006,2022,4,10,October,40,6,Thursday,False
2022-10-07,20221007,2022,4,10,October,40,7,Friday,False
2022-10-08,20221008,2022,4,10,October,40,8,Saturday,True
2022-10-09,20221009,2022,4,10,October,40,9,Sunday,True
2022-10-10,20221010,2022,4,10,October,41,10,Monday,False
2022-10-11,20221011,2022,4,10,October,41,11,Tuesday,False
2022-10-12,20221012,2022,4,10,October,41,12,Wednesday,False
2022-10-13,20221013,2022,4,10,October,41,13,Thursday,False
2022-10-14,20221014,2022,4,10,October,41,14,Friday,False
2022-10-15,20221015,2022,4,10,October,41,15,Saturday,True
2022-10-16,20221016,2022,4,10,October,41,16,Sunday,True
2022-10-17,20221017,2022,4,10,October,42,17,Monday,False
2022-10-18,20221018,2022,4,10,October,42,18,Tuesday,False
2022-10-19,20221019,2022,4,10,October,42,19,Wednesday,False
2022-10-20,20221020,2022,4,10,October,42,20,Thursday,False
2022-10-21,20221021,2022,4,10,October,42,21,Friday,False
2022-10-22,20221022,2022,4,10,October,42,22,Saturday,True
2022-10-23,20221023,2022,4,10,October,42,23,Sunday,True
2022-10-24,20221024,2022,4,10,October,43,24,Monday,False
2022-10-25,20221025,2022,4,10,October,43,25,Tuesday,False
2022-10-26,20221026,2022,4,10,October,43,26,Wednesday,False
2022-10-27,20221027,2022,4,10,October,43,27,Thursday,False
2022-10-28,20221028,2022,4,10,October,43,28,Friday,False
2022-10-29,20221029,2022,4,10,October,43,29,Saturday,True
2022-10-30,20221030,2022,4,10,October,43,30,Sunday,True
2022-10-31,20221031,2022,4,10,October,44,31,Monday,False
2022-11-01,20221101,2022,4,11,November,44,1,Tuesday,False
2022-11-02,20221102,2022,4,11,November,44,2,Wednesday,False
2022-11-03,20221103,2022,4,11,November,44,3,Thursday,False
2022-11-04,20221104,2022,4,11,November,44,4,Friday,False
2022-11-05,20221105,2022,4,11,November,44,5,Saturday,True
2022-11-06,20221106,2022,4,11,November,44,6,Sunday,True
2022-11-07,20221107,2022,4,11,November,45,7,Monday,False
2022-11-08,20221108,2022,4,11,November,45,8,Tuesday,False
2022-11-09,20221109,2022,4,11,November,45,9,Wednesday,False
2022-11-10,20221110,2022,4,11,November,45,10,Thursday,False
2022-11-11,20221111,2022,4,11,November,45,11,Friday,False
2022-11-12,20221112,2022,4,11,November,45,12,Saturday,True
2022-11-13,20221113,2022,4,11,November,45,13,Sunday,True
2022-11-14,20221114,2022,4,11,November,46,14,Monday,False
2022-11-15,20221115,2022,4,11,November,46,15,Tuesday,False
2022-11-16,20221116,2022,4,11,November,46,16,Wednesday,False
2022-11-17,20221117,2022,4,11,November,46,17,Thursday,False
2022-11-18,20221118,2022,4,11,November,46,18,Friday,False
2022-11-19,20221119,2022,4,11,November,46,19,Saturday,True
2022-11-20,20221120,2022,4,11,November,46,20,Sunday,True
2022-11-21,20221121,2022,4,11,November,47,21,Monday,False
2022-11-22,20221122,2022,4,11,November,47,22,Tuesday,False
2022-11-23,20221123,2022,4,11,November,47,23,Wednesday,False
2022-11-24,20221124,2022,4,11,November,47,24,Thursday,False
2022-11-25,20221125,2022,4,11,November,47,25,Friday,False
2022-11-26,20221126,2022,4,11,November,47,26,Saturday,True
2022-11-27,20221127,2022,4,11,November,47,27,Sunday,True
2022-11-28,20221128,2022,4,11,November,48,28,Monday,False
2022-11-29,20221129,2022,4,11,November,48,29,Tuesday,False
2022-11-30,20221130,2022,4,11,November,48,30,Wednesday,False
2022-12-01,20221201,2022,4,12,December,48,1,Thursday,False
2022-12-02,20221202,2022,4,12,December,48,2,Friday,False
2022-12-03,20221203,2022,4,12,December,48,3,Saturday,True
2022-12-04,20221204,2022,4,12,December,48,4,Sunday,True
2022-12-05,20221205,2022,4,12,December,49,5,Monday,False
2022-12-06,20221206,2022,4,12,December,49,6,Tuesday,False
2022-12-07,20221207,2022,4,12,December,49,7,Wednesday,False
2022-12-08,20221208,2022,4,12,December,49,8,Thursday,False
2022-12-09,20221209,2022,4,12,December,49,9,Friday,False
2022-12-10,20221210,2022,4,12,December,49,10,Saturday,True
2022-12-11,20221211,2022,4,12,December,49,11,Sunday,True
2022-12-12,20221212,2022,4,12,December,50,12,Monday,False
2022-12-13,20221213,2022,4,12,December,50,13,Tuesday,False
2022-12-14,20221214,2022,4,12,December,50,14,Wednesday,False
2022-12-15,20221215,2022,4,12,December,50,15,Thursday,False
2022-12-16,20221216,2022,4,12,December,50,16,Friday,False
2022-12-17,20221217,2022,4,12,December,50,17,Saturday,True
2022-12-18,20221218,2022,4,12,December,50,18,Sunday,True
2022-12-19,20221219,2022,4,12,December,51,19,Monday,False
2022-12-20,20221220,2022,4,12,December,51,20,Tuesday,False
2022-12-21,20221221,2022,4,12,December,51,21,Wednesday,False
2022-12-22,20221222,2022,4,12,December,51,22,Thursday,False
2022-12-23,20221223,2022,4,12,December,51,23,Friday,False
2022-12-24,20221224,2022,4,12,December,51,24,Saturday,True
2022-12-25,20221225,2022,4,12,December,51,25,Sunday,True
2022-12-26,20221226,2022,4,12,December,52,26,Monday,False
2022-12-27,20221227,2022,4,12,December,52,27,Tuesday,False
2022-12-28,20221228,2022,4,12,December,52,28,Wednesday,False
2022-12-29,20221229,2022,4,12,December,52,29,Thursday,False
2022-12-30,20221230,2022,4,12,December,52,30,Friday,False
2022-12-31,20221231,2022,4,12,December,52,31,Saturday,True
2023-01-01,20230101,2023,1,1,January,52,1,Sunday,True
2023-01-02,20230102,2023,1,1,January,1,2,Monday,False
2023-01-03,20230103,2023,1,1,January,1,3,Tuesday,False
2023-01-04,20230104,2023,1,1,January,1,4,Wednesday,False
2023-01-05,20230105,2023,1,1,January,1,5,Thursday,False
2023-01-06,20230106,2023,1,1,January,1,6,Friday,False
2023-01-07,20230107,2023,1,1,January,1,7,Saturday,True
2023-01-08,20230108,2023,1,1,January,1,8,Sunday,True
2023-01-09,20230109,2023,1,1,January,2,9,Monday,False
2023-01-10,20230110,2023,1,1,January,2,10,Tuesday,False
2023-01-11,20230111,2023,1,1,January,2,11,Wednesday,False
2023-01-12,20230112,2023,1,1,January,2,12,Thursday,False
2023-01-13,20230113,2023,1,1,January,2,13,Friday,False
2023-01-14,20230114,2023,1,1,January,2,14,Saturday,True
2023-01-15,20230115,2023,1,1,January,2,15,Sunday,True
2023-01-16,20230116,2023,1,1,January,3,16,Monday,False
2023-01-17,20230117,2023,1,1,January,3,17,Tuesday,False
2023-01-18,20230118,2023,1,1,January,3,18,Wednesday,False
2023-01-19,20230119,2023,1,1,January,3,19,Thursday,False
2023-01-20,20230120,2023,1,1,January,3,20,Friday,False
2023-01-21,20230121,2023,1,1,January,3,21,Saturday,True
2023-01-22,20230122,2023,1,1,January,3,22,Sunday,True
2023-01-23,20230123,2023,1,1,January,4,23,Monday,False
2023-01-24,20230124,2023,1,1,January,4,24,Tuesday,False
2023-01-25,20230125,2023,1,1,January,4,25,Wednesday,False
2023-01-26,20230126,2023,1,1,January,4,26,Thursday,False
2023-01-27,20230127,2023,1,1,January,4,27,Friday,False
2023-01-28,20230128,2023,1,1,January,4,28,Saturday,True
2023-01-29,20230129,2023,1,1,January,4,29,Sunday,True
2023-01-30,20230130,2023,1,1,January,5,30,Monday,False
2023-01-31,20230131,2023,1,1,January,5,31,Tuesday,False
2023-02-01,20230201,2023,1,2,February,5,1,Wednesday,False
2023-02-02,20230202,2023,1,2,February,5,2,Thursday,False
2023-02-03,20230203,2023,1,2,February,5,3,Friday,False
2023-02-04,20230204,2023,1,2,February,5,4,Saturday,True
2023-02-05,20230205,2023,1,2,February,5,5,Sunday,True
2023-02-06,20230206,2023,1,2,February,6,6,Monday,False
2023-02-07,20230207,2023,1,2,February,6,7,Tuesday,False
2023-02-08,20230208,2023,1,2,February,6,8,Wednesday,False
2023-02-09,20230209,2023,1,2,February,6,9,Thursday,False
2023-02-10,20230210,2023,1,2,February,6,10,Friday,False
2023-02-11,20230211,2023,1,2,February,6,11,Saturday,True
2023-02-12,20230212,2023,1,2,February,6,12,Sunday,True
2023-02-13,20230213,2023,1,2,February,7,13,Monday,False
2023-02-14,20230214,2023,1,2,February,7,14,Tuesday,False
2023-02-15,20230215,2023,1,2,February,7,15,Wednesday,False
2023-02-16,20230216,2023,1,2,February,7,16,Thursday,False
2023-02-17,20230217,2023,1,2,February,7,17,Friday,False
2023-02-18,20230218,2023,1,2,February,7,18,Saturday,True
2023-02-19,20230219,2023,1,2,February,7,19,Sunday,True
2023-02-20,20230220,2023,1,2,February,8,20,Monday,False
2023-02-21,20230221,2023,1,2,February,8,21,Tuesday,False
2023-02-22,20230222,2023,1,2,February,8,22,Wednesday,False
2023-02-23,20230223,2023,1,2,February,8,23,Thursday,False
2023-02-24,20230224,2023,1,2,February,8,24,Friday,False
2023-02-25,20230225,2023,1,2,February,8,25,Saturday,True
2023-02-26,20230226,2023,1,2,February,8,26,Sunday,True
2023-02-27,20230227,2023,1,2,February,9,27,Monday,False
2023-02-28,20230228,2023,1,2,February,9,28,Tuesday,False
2023-03-01,20230301,2023,1,3,March,9,1,Wednesday,False
2023-03-02,20230302,2023,1,3,March,9,2,Thursday,False
2023-03-03,20230303,2023,1,3,March,9,3,Friday,False
2023-03-04,20230304,2023,1,3,March,9,4,Saturday,True
2023-03-05,20230305,2023,1,3,March,9,5,Sunday,True
2023-03-06,20230306,2023,1,3,March,10,6,Monday,False
2023-03-07,20230307,2023,1,3,March,10,7,Tuesday,False
2023-03-08,20230308,2023,1,3,March,10,8,Wednesday,False
2023-03-09,20230309,2023,1,3,March,10,9,Thursday,False
2023-03-10,20230310,2023,1,3,March,10,10,Friday,False
2023-03-11,20230311,2023,1,3,March,10,11,Saturday,True
2023-03-12,20230312,2023,1,3,March,10,12,Sunday,True
2023-03-13,20230313,2023,1,3,March,11,13,Monday,False
2023-03-14,20230314,2023,1,3,March,11,14,Tuesday,False
2023-03-15,20230315,2023,1,3,March,11,15,Wednesday,False
2023-03-16,20230316,2023,1,3,March,11,16,Thursday,False
2023-03-17,20230317,2023,1,3,March,11,17,Friday,False
2023-03-18,20230318,2023,1,3,March,11,18,Saturday,True
2023-03-19,20230319,2023,1,3,March,11,19,Sunday,True
2023-03-20,20230320,2023,1,3,March,12,20,Monday,False
2023-03-21,20230321,2023,1,3,March,12,21,Tuesday,False
2023-03-22,20230322,2023,1,3,March,12,22,Wednesday,False
2023-03-23,20230323,2023,1,3,March,12,23,Thursday,False
2023-03-24,20230324,2023,1,3,March,12,24,Friday,False
2023-03-25,20230325,2023,1,3,March,12,25,Saturday,True
2023-03-26,20230326,2023,1,3,March,12,26,Sunday,True
2023-03-27,20230327,2023,1,3,March,13,27,Monday,False
2023-03-28,20230328,2023,1,3,March,13,28,Tuesday,False
2023-03-29,20230329,2023,1,3,March,13,29,Wednesday,False
2023-03-30,20230330,2023,1,3,March,13,30,Thursday,False
2023-03-31,20230331,2023,1,3,March,13,31,Friday,False
2023-04-01,20230401,2023,2,4,April,13,1,Saturday,True
2023-04-02,20230402,2023,2,4,April,13,2,Sunday,True
2023-04-03,20230403,2023,2,4,April,14,3,Monday,False
2023-04-04,20230404,2023,2,4,April,14,4,Tuesday,False
2023-04-05,20230405,2023,2,4,April,14,5,Wednesday,False
2023-04-06,20230406,2023,2,4,April,14,6,Thursday,False
2023-04-07,20230407,2023,2,4,April,14,7,Friday,False
2023-04-08,20230408,2023,2,4,April,14,8,Saturday,True
2023-04-09,20230409,2023,2,4,April,14,9,Sunday,True
2023-04-10,20230410,2023,2,4,April,15,10,Monday,False
2023-04-11,20230411,2023,2,4,April,15,11,Tuesday,False
2023-04-12,20230412,2023,2,4,April,15,12,Wednesday,False
2023-04-13,20230413,2023,2,4,April,15,13,Thursday,False
2023-04-14,20230414,2023,2,4,April,15,14,Friday,False
2023-04-15,20230415,2023,2,4,April,15,15,Saturday,True
2023-04-16,20230416,2023,2,4,April,15,16,Sunday,True
2023-04-17,20230417,2023,2,4,April,16,17,Monday,False
2023-04-18,20230418,2023,2,4,April,16,18,Tuesday,False
2023-04-19,20230419,2023,2,4,April,16,19,Wednesday,False
2023-04-20,20230420,2023,2,4,April,16,20,Thursday,False
2023-04-21,20230421,2023,2,4,April,16,21,Friday,False
2023-04-22,20230422,2023,2,4,April,16,22,Saturday,True
2023-04-23,20230423,2023,2,4,April,16,23,Sunday,True
2023-04-24,20230424,2023,2,4,April,17,24,Monday,False
2023-04-25,20230425,2023,2,4,April,17,25,Tuesday,False
2023-04-26,20230426,2023,2,4,April,17,26,Wednesday,False
2023-04-27,20230427,2023,2,4,April,17,27,Thursday,False
2023-04-28,20230428,2023,2,4,April,17,28,Friday,False
2023-04-29,20230429,2023,2,4,April,17,29,Saturday,True
2023-04-30,20230430,2023,2,4,April,17,30,Sunday,True
2023-05-01,20230501,2023,2,5,May,18,1,Monday,False
2023-05-02,20230502,2023,2,5,May,18,2,Tuesday,False
2023-05-03,20230503,2023,2,5,May,18,3,Wednesday,False
2023-05-04,20230504,2023,2,5,May,18,4,Thursday,False
2023-05-05,20230505,2023,2,5,May,18,5,Friday,False
2023-05-06,20230506,2023,2,5,May,18,6,Saturday,True
2023-05-07,20230507,2023,2,5,May,18,7,Sunday,True
2023-05-08,20230508,2023,2,5,May,19,8,Monday,False
2023-05-09,20230509,2023,2,5,May,19,9,Tuesday,False
2023-05-10,20230510,2023,2,5,May,19,10,Wednesday,False
2023-05-11,20230511,2023,2,5,May,19,11,Thursday,False
2023-05-12,20230512,2023,2,5,May,19,12,Friday,False
2023-05-13,20230513,2023,2,5,May,19,13,Saturday,True
2023-05-14,20230514,2023,2,5,May,19,14,Sunday,True
2023-05-15,20230515,2023,2,5,May,20,15,Monday,False
2023-05-16,20230516,2023,2,5,May,20,16,Tuesday,False
2023-05-17,20230517,2023,2,5,May,20,17,Wednesday,False
2023-05-18,20230518,2023,2,5,May,20,18,Thursday,False
2023-05-19,20230519,2023,2,5,May,20,19,Friday,False
2023-05-20,20230520,2023,2,5,May,20,20,Saturday,True
2023-05-21,20230521,2023,2,5,May,20,21,Sunday,True
2023-05-22,20230522,2023,2,5,May,21,22,Monday,False
2023-05-23,20230523,2023,2,5,May,21,23,Tuesday,False
2023-05-24,20230524,2023,2,5,May,21,24,Wednesday,False
2023-05-25,20230525,2023,2,5,May,21,25,Thursday,False
2023-05-26,20230526,2023,2,5,May,21,26,Friday,False
2023-05-27,20230527,2023,2,5,May,21,27,Saturday,True
2023-05-28,20230528,2023,2,5,May,21,28,Sunday,True
2023-05-29,20230529,2023,2,5,May,22,29,Monday,False
2023-05-30,20230530,2023,2,5,May,22,30,Tuesday,False
2023-05-31,20230531,2023,2,5,May,22,31,Wednesday,False
2023-06-01,20230601,2023,2,6,June,22,1,Thursday,False
2023-06-02,20230602,2023,2,6,June,22,2,Friday,False
2023-06-03,20230603,2023,2,6,June,22,3,Saturday,True
2023-06-04,20230604,2023,2,6,June,22,4,Sunday,True
2023-06-05,20230605,2023,2,6,June,23,5,Monday,False
2023-06-06,20230606,2023,2,6,June,23,6,Tuesday,False
2023-06-07,20230607,2023,2,6,June,23,7,Wednesday,False
2023-06-08,20230608,2023,2,6,June,23,8,Thursday,False
2023-06-09,20230609,2023,2,6,June,23,9,Friday,False
2023-06-10,20230610,2023,2,6,June,23,10,Saturday,True
2023-06-11,20230611,2023,2,6,June,23,11,Sunday,True
2023-06-12,20230612,2023,2,6,June,24,12,Monday,False
2023-06-13,20230613,2023,2,6,June,24,13,Tuesday,False
2023-06-14,20230614,2023,2,6,June,24,14,Wednesday,False
2023-06-15,20230615,2023,2,6,June,24,15,Thursday,False
2023-06-16,20230616,2023,2,6,June,24,16,Friday,False
2023-06-17,20230617,2023,2,6,June,24,17,Saturday,True
2023-06-18,20230618,2023,2,6,June,24,18,Sunday,True
2023-06-19,20230619,2023,2,6,June,25,19,Monday,False
2023-06-20,20230620,2023,2,6,June,25,20,Tuesday,False
2023-06-21,20230621,2023,2,6,June,25,21,Wednesday,False
2023-06-22,20230622,2023,2,6,June,25,22,Thursday,False
2023-06-23,20230623,2023,2,6,June,25,23,Friday,False
2023-06-24,20230624,2023,2,6,June,25,24,Saturday,True
2023-06-25,20230625,2023,2,6,June,25,25,Sunday,True
2023-06-26,20230626,2023,2,6,June,26,26,Monday,False
2023-06-27,20230627,2023,2,6,June,26,27,Tuesday,False
2023-06-28,20230628,2023,2,6,June,26,28,Wednesday,False
2023-06-29,20230629,2023,2,6,June,26,29,Thursday,False
2023-06-30,20230630,2023,2,6,June,26,30,Friday,False
2023-07-01,20230701,2023,3,7,July,26,1,Saturday,True
2023-07-02,20230702,2023,3,7,July,26,2,Sunday,True
2023-07-03,20230703,2023,3,7,July,27,3,Monday,False
2023-07-04,20230704,2023,3,7,July,27,4,Tuesday,False
2023-07-05,20230705,2023,3,7,July,27,5,Wednesday,False
2023-07-06,20230706,2023,3,7,July,27,6,Thursday,False
2023-07-07,20230707,2023,3,7,July,27,7,Friday,False
2023-07-08,20230708,2023,3,7,July,27,8,Saturday,True
2023-07-09,20230709,2023,3,7,July,27,9,Sunday,True
2023-07-10,20230710,2023,3,7,July,28,10,Monday,False
2023-07-11,20230711,2023,3,7,July,28,11,Tuesday,False
2023-07-12,20230712,2023,3,7,July,28,12,Wednesday,False
2023-07-13,20230713,2023,3,7,July,28,13,Thursday,False
2023-07-14,20230714,2023,3,7,July,28,14,Friday,False
2023-07-15,20230715,2023,3,7,July,28,15,Saturday,True
2023-07-16,20230716,2023,3,7,July,28,16,Sunday,True
2023-07-17,20230717,2023,3,7,July,29,17,Monday,False
2023-07-18,20230718,2023,3,7,July,29,18,Tuesday,False
2023-07-19,20230719,2023,3,7,July,29,19,Wednesday,False
2023-07-20,20230720,2023,3,7,July,29,20,Thursday,False
2023-07-21,20230721,2023,3,7,July,29,21,Friday,False
2023-07-22,20230722,2023,3,7,July,29,22,Saturday,True
2023-07-23,20230723,2023,3,7,July,29,23,Sunday,True
2023-07-24,20230724,2023,3,7,July,30,24,Monday,False
2023-07-25,20230725,2023,3,7,July,30,25,Tuesday,False
2023-07-26,20230726,2023,3,7,July,30,26,Wednesday,False
2023-07-27,20230727,2023,3,7,July,30,27,Thursday,False
2023-07-28,20230728,2023,3,7,July,30,28,Friday,False
2023-07-29,20230729,2023,3,7,July,30,29,Saturday,True
2023-07-30,20230730,2023,3,7,July,30,30,Sunday,True
2023-07-31,20230731,2023,3,7,July,31,31,Monday,False
2023-08-01,20230801,2023,3,8,August,31,1,Tuesday,False
2023-08-02,20230802,2023,3,8,August,31,2,Wednesday,False
2023-08-03,20230803,2023,3,8,August,31,3,Thursday,False
2023-08-04,20230804,2023,3,8,August,31,4,Friday,False
2023-08-05,20230805,2023,3,8,August,31,5,Saturday,True
2023-08-06,20230806,2023,3,8,August,31,6,Sunday,True
2023-08-07,20230807,2023,3,8,August,32,7,Monday,False
2023-08-08,20230808,2023,3,8,August,32,8,Tuesday,False
2023-08-09,20230809,2023,3,8,August,32,9,Wednesday,False
2023-08-10,20230810,2023,3,8,August,32,10,Thursday,False
2023-08-11,20230811,2023,3,8,August,32,11,Friday,False
2023-08-12,20230812,2023,3,8,August,32,12,Saturday,True
2023-08-13,20230813,2023,3,8,August,32,13,Sunday,True
2023-08-14,20230814,2023,3,8,August,33,14,Monday,False
2023-08-15,20230815,2023,3,8,August,33,15,Tuesday,False
2023-08-16,20230816,2023,3,8,August,33,16,Wednesday,False
2023-08-17,20230817,2023,3,8,August,33,17,Thursday,False
2023-08-18,20230818,2023,3,8,August,33,18,Friday,False
2023-08-19,20230819,2023,3,8,August,33,19,Saturday,True
2023-08-20,20230820,2023,3,8,August,33,20,Sunday,True
2023-08-21,20230821,2023,3,8,August,34,21,Monday,False
2023-08-22,20230822,2023,3,8,August,34,22,Tuesday,False
2023-08-23,20230823,2023,3,8,August,34,23,Wednesday,False
2023-08-24,20230824,2023,3,8,August,34,24,Thursday,False
2023-08-25,20230825,2023,3,8,August,34,25,Friday,False
2023-08-26,20230826,2023,3,8,August,34,26,Saturday,True
2023-08-27,20230827,2023,3,8,August,34,27,Sunday,True
2023-08-28,20230828,2023,3,8,August,35,28,Monday,False
2023-08-29,20230829,2023,3,8,August,35,29,Tuesday,False
2023-08-30,20230830,2023,3,8,August,35,30,Wednesday,False
2023-08-31,20230831,2023,3,8,August,35,31,Thursday,False
2023-09-01,20230901,2023,3,9,September,35,1,Friday,False
2023-09-02,20230902,2023,3,9,September,35,2,Saturday,True
2023-09-03,20230903,2023,3,9,September,35,3,Sunday,True
2023-09-04,20230904,2023,3,9,September,36,4,Monday,False
2023-09-05,20230905,2023,3,9,September,36,5,Tuesday,False
2023-09-06,20230906,2023,3,9,September,36,6,Wednesday,False
2023-09-07,20230907,2023,3,9,September,36,7,Thursday,False
2023-09-08,20230908,2023,3,9,September,36,8,Friday,False
2023-09-09,20230909,2023,3,9,September,36,9,Saturday,True
2023-09-10,20230910,2023,3,9,September,36,10,Sunday,True
2023-09-11,20230911,2023,3,9,September,37,11,Monday,False
2023-09-12,20230912,2023,3,9,September,37,12,Tuesday,False
2023-09-13,20230913,2023,3,9,September,37,13,Wednesday,False
2023-09-14,20230914,2023,3,9,September,37,14,Thursday,False
2023-09-15,20230915,2023,3,9,September,37,15,Friday,False
2023-09-16,20230916,2023,3,9,September,37,16,Saturday,True
2023-09-17,20230917,2023,3,9,September,37,17,Sunday,True
2023-09-18,20230918,2023,3,9,September,38,18,Monday,False
2023-09-19,20230919,2023,3,9,September,38,19,Tuesday,False
2023-09-20,20230920,2023,3,9,September,38,20,Wednesday,False
2023-09-21,20230921,2023,3,9,September,38,21,Thursday,False
2023-09-22,20230922,2023,3,9,September,38,22,Friday,False
2023-09-23,20230923,2023,3,9,September,38,23,Saturday,True
2023-09-24,20230924,2023,3,9,September,38,24,Sunday,True
2023-09-25,20230925,2023,3,9,September,39,25,Monday,False
2023-09-26,20230926,2023,3,9,September,39,26,Tuesday,False
2023-09-27,20230927,2023,3,9,September,39,27,Wednesday,False
2023-09-28,20230928,2023,3,9,September,39,28,Thursday,False
2023-09-29,20230929,2023,3,9,September,39,29,Friday,False
2023-09-30,20230930,2023,3,9,September,39,30,Saturday,True
2023-10-01,20231001,2023,4,10,October,39,1,Sunday,True
2023-10-02,20231002,2023,4,10,October,40,2,Monday,False
2023-10-03,20231003,2023,4,10,October,40,3,Tuesday,False
2023-10-04,20231004,2023,4,10,October,40,4,Wednesday,False
2023-10-05,20231005,2023,4,10,October,40,5,Thursday,False
2023-10-06,20231006,2023,4,10,October,40,6,Friday,False
2023-10-07,20231007,2023,4,10,October,40,7,Saturday,True
2023-10-08,20231008,2023,4,10,October,40,8,Sunday,True
2023-10-09,20231009,2023,4,10,October,41,9,Monday,False
2023-10-10,20231010,2023,4,10,October,41,10,Tuesday,False
2023-10-11,20231011,2023,4,10,October,41,11,Wednesday,False
2023-10-12,20231012,2023,4,10,October,41,12,Thursday,False
2023-10-13,20231013,2023,4,10,October,41,13,Friday,False
2023-10-14,20231014,2023,4,10,October,41,14,Saturday,True
2023-10-15,20231015,2023,4,10,October,41,15,Sunday,True
2023-10-16,20231016,2023,4,10,October,42,16,Monday,False
2023-10-17,20231017,2023,4,10,October,42,17,Tuesday,False
2023-10-18,20231018,2023,4,10,October,42,18,Wednesday,False
2023-10-19,20231019,2023,4,10,October,42,19,Thursday,False
2023-10-20,20231020,2023,4,10,October,42,20,Friday,False
2023-10-21,20231021,2023,4,10,October,42,21,Saturday,True
2023-10-22,20231022,2023,4,10,October,42,22,Sunday,True
2023-10-23,20231023,2023,4,10,October,43,23,Monday,False
2023-10-24,20231024,2023,4,10,October,43,24,Tuesday,False
2023-10-25,20231025,2023,4,10,October,43,25,Wednesday,False
2023-10-26,20231026,2023,4,10,October,43,26,Thursday,False
2023-10-27,20231027,2023,4,10,October,43,27,Friday,False
2023-10-28,20231028,2023,4,10,October,43,28,Saturday,True
2023-10-29,20231029,2023,4,10,October,43,29,Sunday,True
2023-10-30,20231030,2023,4,10,October,44,30,Monday,False
2023-10-31,20231031,2023,4,10,October,44,31,Tuesday,False
2023-11-01,20231101,2023,4,11,November,44,1,Wednesday,False
2023-11-02,20231102,2023,4,11,November,44,2,Thursday,False
2023-11-03,20231103,2023,4,11,November,44,3,Friday,False
2023-11-04,20231104,2023,4,11,November,44,4,Saturday,True
2023-11-05,20231105,2023,4,11,November,44,5,Sunday,True
2023-11-06,20231106,2023,4,11,November,45,6,Monday,False
2023-11-07,20231107,2023,4,11,November,45,7,Tuesday,False
2023-11-08,20231108,2023,4,11,November,45,8,Wednesday,False
2023-11-09,20231109,2023,4,11,November,45,9,Thursday,False
2023-11-10,20231110,2023,4,11,November,45,10,Friday,False
2023-11-11,20231111,2023,4,11,November,45,11,Saturday,True
2023-11-12,20231112,2023,4,11,November,45,12,Sunday,True
2023-11-13,20231113,2023,4,11,November,46,13,Monday,False
2023-11-14,20231114,2023,4,11,November,46,14,Tuesday,False
2023-11-15,20231115,2023,4,11,November,46,15,Wednesday,False
2023-11-16,20231116,2023,4,11,November,46,16,Thursday,False
2023-11-17,20231117,2023,4,11,November,46,17,Friday,False
2023-11-18,20231118,2023,4,11,November,46,18,Saturday,True
2023-11-19,20231119,2023,4,11,November,46,19,Sunday,True
2023-11-20,20231120,2023,4,11,November,47,20,Monday,False
2023-11-21,20231121,2023,4,11,November,47,21,Tuesday,False
2023-11-22,20231122,2023,4,11,November,47,22,Wednesday,False
2023-11-23,20231123,2023,4,11,November,47,23,Thursday,False
2023-11-24,20231124,2023,4,11,November,47,24,Friday,False
2023-11-25,20231125,2023,4,11,November,47,25,Saturday,True
2023-11-26,20231126,2023,4,11,November,47,26,Sunday,True
2023-11-27,20231127,2023,4,11,November,48,27,Monday,False
2023-11-28,20231128,2023,4,11,November,48,28,Tuesday,False
2023-11-29,20231129,2023,4,11,November,48,29,Wednesday,False
2023-11-30,20231130,2023,4,11,November,48,30,Thursday,False
2023-12-01,20231201,2023,4,12,December,48,1,Friday,False
2023-12-02,20231202,2023,4,12,December,48,2,Saturday,True
2023-12-03,20231203,2023,4,12,December,48,3,Sunday,True
2023-12-04,20231204,2023,4,12,December,49,4,Monday,False
2023-12-05,20231205,2023,4,12,December,49,5,Tuesday,False
2023-12-06,20231206,2023,4,12,December,49,6,Wednesday,False
2023-12-07,20231207,2023,4,12,December,49,7,Thursday,False
2023-12-08,20231208,2023,4,12,December,49,8,Friday,False
2023-12-09,20231209,2023,4,12,December,49,9,Saturday,True
2023-12-10,20231210,2023,4,12,December,49,10,Sunday,True
2023-12-11,20231211,2023,4,12,December,50,11,Monday,False
2023-12-12,20231212,2023,4,12,December,50,12,Tuesday,False
2023-12-13,20231213,2023,4,12,December,50,13,Wednesday,False
2023-12-14,20231214,2023,4,12,December,50,14,Thursday,False
2023-12-15,20231215,2023,4,12,December,50,15,Friday,False
2023-12-16,20231216,2023,4,12,December,50,16,Saturday,True
2023-12-17,20231217,2023,4,12,December,50,17,Sunday,True
2023-12-18,20231218,2023,4,12,December,51,18,Monday,False
2023-12-19,20231219,2023,4,12,December,51,19,Tuesday,False
2023-12-20,20231220,2023,4,12,December,51,20,Wednesday,False
2023-12-21,20231221,2023,4,12,December,51,21,Thursday,False
2023-12-22,20231222,2023,4,12,December,51,22,Friday,False
2023-12-23,20231223,2023,4,12,December,51,23,Saturday,True
2023-12-24,20231224,2023,4,12,December,51,24,Sunday,True
2023-12-25,20231225,2023,4,12,December,52,25,Monday,False
2023-12-26,20231226,2023,4,12,December,52,26,Tuesday,False
2023-12-27,20231227,2023,4,12,December,52,27,Wednesday,False
2023-12-28,20231228,2023,4,12,December,52,28,Thursday,False
2023-12-29,20231229,2023,4,12,December,52,29,Friday,False
2023-12-30,20231230,2023,4,12,December,52,30,Saturday,True
2023-12-31,20231231,2023,4,12,December,52,31,Sunday,True
2024-01-01,20240101,2024,1,1,January,1,1,Monday,False
2024-01-02,20240102,2024,1,1,January,1,2,Tuesday,False
2024-01-03,20240103,2024,1,1,January,1,3,Wednesday,False
2024-01-04,20240104,2024,1,1,January,1,4,Thursday,False
2024-01-05,20240105,2024,1,1,January,1,5,Friday,False
2024-01-06,20240106,2024,1,1,January,1,6,Saturday,True
2024-01-07,20240107,2024,1,1,January,1,7,Sunday,True
2024-01-08,20240108,2024,1,1,January,2,8,Monday,False
2024-01-09,20240109,2024,1,1,January,2,9,Tuesday,False
2024-01-10,20240110,2024,1,1,January,2,10,Wednesday,False
2024-01-11,20240111,2024,1,1,January,2,11,Thursday,False
2024-01-12,20240112,2024,1,1,January,2,12,Friday,False
2024-01-13,20240113,2024,1,1,January,2,13,Saturday,True
2024-01-14,20240114,2024,1,1,January,2,14,Sunday,True
2024-01-15,20240115,2024,1,1,January,3,15,Monday,False
2024-01-16,20240116,2024,1,1,January,3,16,Tuesday,False
2024-01-17,20240117,2024,1,1,January,3,17,Wednesday,False
2024-01-18,20240118,2024,1,1,January,3,18,Thursday,False
2024-01-19,20240119,2024,1,1,January,3,19,Friday,False
2024-01-20,20240120,2024,1,1,January,3,20,Saturday,True
2024-01-21,20240121,2024,1,1,January,3,21,Sunday,True
2024-01-22,20240122,2024,1,1,January,4,22,Monday,False
2024-01-23,20240123,2024,1,1,January,4,23,Tuesday,False
2024-01-24,20240124,2024,1,1,January,4,24,Wednesday,False
2024-01-25,20240125,2024,1,1,January,4,25,Thursday,False
2024-01-26,20240126,2024,1,1,January,4,26,Friday,False
2024-01-27,20240127,2024,1,1,January,4,27,Saturday,True
2024-01-28,20240128,2024,1,1,January,4,28,Sunday,True
2024-01-29,20240129,2024,1,1,January,5,29,Monday,False
2024-01-30,20240130,2024,1,1,January,5,30,Tuesday,False
2024-01-31,20240131,2024,1,1,January,5,31,Wednesday,False
2024-02-01,20240201,2024,1,2,February,5,1,Thursday,False
2024-02-02,20240202,2024,1,2,February,5,2,Friday,False
2024-02-03,20240203,2024,1,2,February,5,3,Saturday,True
2024-02-04,20240204,2024,1,2,February,5,4,Sunday,True
2024-02-05,20240205,2024,1,2,February,6,5,Monday,False
2024-02-06,20240206,2024,1,2,February,6,6,Tuesday,False
2024-02-07,20240207,2024,1,2,February,6,7,Wednesday,False
2024-02-08,20240208,2024,1,2,February,6,8,Thursday,False
2024-02-09,20240209,2024,1,2,February,6,9,Friday,False
2024-02-10,20240210,2024,1,2,February,6,10,Saturday,True
2024-02-11,20240211,2024,1,2,February,6,11,Sunday,True
2024-02-12,20240212,2024,1,2,February,7,12,Monday,False
2024-02-13,20240213,2024,1,2,February,7,13,Tuesday,False
2024-02-14,20240214,2024,1,2,February,7,14,Wednesday,False
2024-02-15,20240215,2024,1,2,February,7,15,Thursday,False
2024-02-16,20240216,2024,1,2,February,7,16,Friday,False
2024-02-17,20240217,2024,1,2,February,7,17,Saturday,True
2024-02-18,20240218,2024,1,2,February,7,18,Sunday,True
2024-02-19,20240219,2024,1,2,February,8,19,Monday,False
2024-02-20,20240220,2024,1,2,February,8,20,Tuesday,False
2024-02-21,20240221,2024,1,2,February,8,21,Wednesday,False
2024-02-22,20240222,2024,1,2,February,8,22,Thursday,False
2024-02-23,20240223,2024,1,2,February,8,23,Friday,False
2024-02-24,20240224,2024,1,2,February,8,24,Saturday,True
2024-02-25,20240225,2024,1,2,February,8,25,Sunday,True
2024-02-26,20240226,2024,1,2,February,9,26,Monday,False
2024-02-27,20240227,2024,1,2,February,9,27,Tuesday,False
2024-02-28,20240228,2024,1,2,February,9,28,Wednesday,False
2024-02-29,20240229,2024,1,2,February,9,29,Thursday,False
2024-03-01,20240301,2024,1,3,March,9,1,Friday,False
2024-03-02,20240302,2024,1,3,March,9,2,Saturday,True
2024-03-03,20240303,2024,1,3,March,9,3,Sunday,True
2024-03-04,20240304,2024,1,3,March,10,4,Monday,False
2024-03-05,20240305,2024,1,3,March,10,5,Tuesday,False
2024-03-06,20240306,2024,1,3,March,10,6,Wednesday,False
2024-03-07,20240307,2024,1,3,March,10,7,Thursday,False
2024-03-08,20240308,2024,1,3,March,10,8,Friday,False
2024-03-09,20240309,2024,1,3,March,10,9,Saturday,True
2024-03-10,20240310,2024,1,3,March,10,10,Sunday,True
2024-03-11,20240311,2024,1,3,March,11,11,Monday,False
2024-03-12,20240312,2024,1,3,March,11,12,Tuesday,False
2024-03-13,20240313,2024,1,3,March,11,13,Wednesday,False
2024-03-14,20240314,2024,1,3,March,11,14,Thursday,False
2024-03-15,20240315,2024,1,3,March,11,15,Friday,False
2024-03-16,20240316,2024,1,3,March,11,16,Saturday,True
2024-03-17,20240317,2024,1,3,March,11,17,Sunday,True
2024-03-18,20240318,2024,1,3,March,12,18,Monday,False
2024-03-19,20240319,2024,1,3,March,12,19,Tuesday,False
2024-03-20,20240320,2024,1,3,March,12,20,Wednesday,False
2024-03-21,20240321,2024,1,3,March,12,21,Thursday,False
2024-03-22,20240322,2024,1,3,March,12,22,Friday,False
2024-03-23,20240323,2024,1,3,March,12,23,Saturday,True
2024-03-24,20240324,2024,1,3,March,12,24,Sunday,True
2024-03-25,20240325,2024,1,3,March,13,25,Monday,False
2024-03-26,20240326,2024,1,3,March,13,26,Tuesday,False
2024-03-27,20240327,2024,1,3,March,13,27,Wednesday,False
2024-03-28,20240328,2024,1,3,March,13,28,Thursday,False
2024-03-29,20240329,2024,1,3,March,13,29,Friday,False
2024-03-30,20240330,2024,1,3,March,13,30,Saturday,True
2024-03-31,20240331,2024,1,3,March,13,31,Sunday,True
2024-04-01,20240401,2024,2,4,April,14,1,Monday,False
2024-04-02,20240402,2024,2,4,April,14,2,Tuesday,False
2024-04-03,20240403,2024,2,4,April,14,3,Wednesday,False
2024-04-04,20240404,2024,2,4,April,14,4,Thursday,False
2024-04-05,20240405,2024,2,4,April,14,5,Friday,False
2024-04-06,20240406,2024,2,4,April,14,6,Saturday,True
2024-04-07,20240407,2024,2,4,April,14,7,Sunday,True
2024-04-08,20240408,2024,2,4,April,15,8,Monday,False
2024-04-09,20240409,2024,2,4,April,15,9,Tuesday,False
2024-04-10,20240410,2024,2,4,April,15,10,Wednesday,False
2024-04-11,20240411,2024,2,4,April,15,11,Thursday,False
2024-04-12,20240412,2024,2,4,April,15,12,Friday,False
2024-04-13,20240413,2024,2,4,April,15,13,Saturday,True
2024-04-14,20240414,2024,2,4,April,15,14,Sunday,True
2024-04-15,20240415,2024,2,4,April,16,15,Monday,False
2024-04-16,20240416,2024,2,4,April,16,16,Tuesday,False
2024-04-17,20240417,2024,2,4,April,16,17,Wednesday,False
2024-04-18,20240418,2024,2,4,April,16,18,Thursday,False
2024-04-19,20240419,2024,2,4,April,16,19,Friday,False
2024-04-20,20240420,2024,2,4,April,16,20,Saturday,True
2024-04-21,20240421,2024,2,4,April,16,21,Sunday,True
2024-04-22,20240422,2024,2,4,April,17,22,Monday,False
2024-04-23,20240423,2024,2,4,April,17,23,Tuesday,False
2024-04-24,20240424,2024,2,4,April,17,24,Wednesday,False
2024-04-25,20240425,2024,2,4,April,17,25,Thursday,False
2024-04-26,20240426,2024,2,4,April,17,26,Friday,False
2024-04-27,20240427,2024,2,4,April,17,27,Saturday,True
2024-04-28,20240428,2024,2,4,April,17,28,Sunday,True
2024-04-29,20240429,2024,2,4,April,18,29,Monday,False
2024-04-30,20240430,2024,2,4,April,18,30,Tuesday,False
2024-05-01,20240501,2024,2,5,May,18,1,Wednesday,False
2024-05-02,20240502,2024,2,5,May,18,2,Thursday,False
2024-05-03,20240503,2024,2,5,May,18,3,Friday,False
2024-05-04,20240504,2024,2,5,May,18,4,Saturday,True
2024-05-05,20240505,2024,2,5,May,18,5,Sunday,True
2024-05-06,20240506,2024,2,5,May,19,6,Monday,False
2024-05-07,20240507,2024,2,5,May,19,7,Tuesday,False
2024-05-08,20240508,2024,2,5,May,19,8,Wednesday,False
2024-05-09,20240509,2024,2,5,May,19,9,Thursday,False
2024-05-10,20240510,2024,2,5,May,19,10,Friday,False
2024-05-11,20240511,2024,2,5,May,19,11,Saturday,True
2024-05-12,20240512,2024,2,5,May,19,12,Sunday,True
2024-05-13,20240513,2024,2,5,May,20,13,Monday,False
2024-05-14,20240514,2024,2,5,May,20,14,Tuesday,False
2024-05-15,20240515,2024,2,5,May,20,15,Wednesday,False
2024-05-16,20240516,2024,2,5,May,20,16,Thursday,False
2024-05-17,20240517,2024,2,5,May,20,17,Friday,False
2024-05-18,20240518,2024,2,5,May,20,18,Saturday,True
2024-05-19,20240519,2024,2,5,May,20,19,Sunday,True
2024-05-20,20240520,2024,2,5,May,21,20,Monday,False
2024-05-21,20240521,2024,2,5,May,21,21,Tuesday,False
2024-05-22,20240522,2024,2,5,May,21,22,Wednesday,False
2024-05-23,20240523,2024,2,5,May,21,23,Thursday,False
2024-05-24,20240524,2024,2,5,May,21,24,Friday,False
2024-05-25,20240525,2024,2,5,May,21,25,Saturday,True
2024-05-26,20240526,2024,2,5,May,21,26,Sunday,True
2024-05-27,20240527,2024,2,5,May,22,27,Monday,False
2024-05-28,20240528,2024,2,5,May,22,28,Tuesday,False
2024-05-29,20240529,2024,2,5,May,22,29,Wednesday,False
2024-05-30,20240530,2024,2,5,May,22,30,Thursday,False
2024-05-31,20240531,2024,2,5,May,22,31,Friday,False
2024-06-01,20240601,2024,2,6,June,22,1,Saturday,True
2024-06-02,20240602,2024,2,6,June,22,2,Sunday,True
2024-06-03,20240603,2024,2,6,June,23,3,Monday,False
2024-06-04,20240604,2024,2,6,June,23,4,Tuesday,False
2024-06-05,20240605,2024,2,6,June,23,5,Wednesday,False
2024-06-06,20240606,2024,2,6,June,23,6,Thursday,False
2024-06-07,20240607,2024,2,6,June,23,7,Friday,False
2024-06-08,20240608,2024,2,6,June,23,8,Saturday,True
2024-06-09,20240609,2024,2,6,June,23,9,Sunday,True
2024-06-10,20240610,2024,2,6,June,24,10,Monday,False
2024-06-11,20240611,2024,2,6,June,24,11,Tuesday,False
2024-06-12,20240612,2024,2,6,June,24,12,Wednesday,False
2024-06-13,20240613,2024,2,6,June,24,13,Thursday,False
2024-06-14,20240614,2024,2,6,June,24,14,Friday,False
2024-06-15,20240615,2024,2,6,June,24,15,Saturday,True
2024-06-16,20240616,2024,2,6,June,24,16,Sunday,True
2024-06-17,20240617,2024,2,6,June,25,17,Monday,False
2024-06-18,20240618,2024,2,6,June,25,18,Tuesday,False
2024-06-19,20240619,2024,2,6,June,25,19,Wednesday,False
2024-06-20,20240620,2024,2,6,June,25,20,Thursday,False
2024-06-21,20240621,2024,2,6,June,25,21,Friday,False
2024-06-22,20240622,2024,2,6,June,25,22,Saturday,True
2024-06-23,20240623,2024,2,6,June,25,23,Sunday,True
2024-06-24,20240624,2024,2,6,June,26,24,Monday,False
2024-06-25,20240625,2024,2,6,June,26,25,Tuesday,False
2024-06-26,20240626,2024,2,6,June,26,26,Wednesday,False
2024-06-27,20240627,2024,2,6,June,26,27,Thursday,False
2024-06-28,20240628,2024,2,6,June,26,28,Friday,False
2024-06-29,20240629,2024,2,6,June,26,29,Saturday,True
2024-06-30,20240630,2024,2,6,June,26,30,Sunday,True
2024-07-01,20240701,2024,3,7,July,27,1,Monday,False
2024-07-02,20240702,2024,3,7,July,27,2,Tuesday,False
2024-07-03,20240703,2024,3,7,July,27,3,Wednesday,False
2024-07-04,20240704,2024,3,7,July,27,4,Thursday,False
2024-07-05,20240705,2024,3,7,July,27,5,Friday,False
2024-07-06,20240706,2024,3,7,July,27,6,Saturday,True
2024-07-07,20240707,2024,3,7,July,27,7,Sunday,True
2024-07-08,20240708,2024,3,7,July,28,8,Monday,False
2024-07-09,20240709,2024,3,7,July,28,9,Tuesday,False
2024-07-10,20240710,2024,3,7,July,28,10,Wednesday,False
2024-07-11,20240711,2024,3,7,July,28,11,Thursday,False
2024-07-12,20240712,2024,3,7,July,28,12,Friday,False
2024-07-13,20240713,2024,3,7,July,28,13,Saturday,True
2024-07-14,20240714,2024,3,7,July,28,14,Sunday,True
2024-07-15,20240715,2024,3,7,July,29,15,Monday,False
2024-07-16,20240716,2024,3,7,July,29,16,Tuesday,False
2024-07-17,20240717,2024,3,7,July,29,17,Wednesday,False
2024-07-18,20240718,2024,3,7,July,29,18,Thursday,False
2024-07-19,20240719,2024,3,7,July,29,19,Friday,False
2024-07-20,20240720,2024,3,7,July,29,20,Saturday,True
2024-07-21,20240721,2024,3,7,July,29,21,Sunday,True
2024-07-22,20240722,2024,3,7,July,30,22,Monday,False
2024-07-23,20240723,2024,3,7,July,30,23,Tuesday,False
2024-07-24,20240724,2024,3,7,July,30,24,Wednesday,False
2024-07-25,20240725,2024,3,7,July,30,25,Thursday,False
2024-07-26,20240726,2024,3,7,July,30,26,Friday,False
2024-07-27,20240727,2024,3,7,July,30,27,Saturday,True
2024-07-28,20240728,2024,3,7,July,30,28,Sunday,True
2024-07-29,20240729,2024,3,7,July,31,29,Monday,False
2024-07-30,20240730,2024,3,7,July,31,30,Tuesday,False
2024-07-31,20240731,2024,3,7,July,31,31,Wednesday,False
2024-08-01,20240801,2024,3,8,August,31,1,Thursday,False
2024-08-02,20240802,2024,3,8,August,31,2,Friday,False
2024-08-03,20240803,2024,3,8,August,31,3,Saturday,True
2024-08-04,20240804,2024,3,8,August,31,4,Sunday,True
2024-08-05,20240805,2024,3,8,August,32,5,Monday,False
2024-08-06,20240806,2024,3,8,August,32,6,Tuesday,False
2024-08-07,20240807,2024,3,8,August,32,7,Wednesday,False
2024-08-08,20240808,2024,3,8,August,32,8,Thursday,False
2024-08-09,20240809,2024,3,8,August,32,9,Friday,False
2024-08-10,20240810,2024,3,8,August,32,10,Saturday,True
2024-08-11,20240811,2024,3,8,August,32,11,Sunday,True
2024-08-12,20240812,2024,3,8,August,33,12,Monday,False
2024-08-13,20240813,2024,3,8,August,33,13,Tuesday,False
2024-08-14,20240814,2024,3,8,August,33,14,Wednesday,False
2024-08-15,20240815,2024,3,8,August,33,15,Thursday,False
2024-08-16,20240816,2024,3,8,August,33,16,Friday,False
2024-08-17,20240817,2024,3,8,August,33,17,Saturday,True
2024-08-18,20240818,2024,3,8,August,33,18,Sunday,True
2024-08-19,20240819,2024,3,8,August,34,19,Monday,False
2024-08-20,20240820,2024,3,8,August,34,20,Tuesday,False
2024-08-21,20240821,2024,3,8,August,34,21,Wednesday,False
2024-08-22,20240822,2024,3,8,August,34,22,Thursday,False
2024-08-23,20240823,2024,3,8,August,34,23,Friday,False
2024-08-24,20240824,2024,3,8,August,34,24,Saturday,True
2024-08-25,20240825,2024,3,8,August,34,25,Sunday,True
2024-08-26,20240826,2024,3,8,August,35,26,Monday,False
2024-08-27,20240827,2024,3,8,August,35,27,Tuesday,False
2024-08-28,20240828,2024,3,8,August,35,28,Wednesday,False
2024-08-29,20240829,2024,3,8,August,35,29,Thursday,False
2024-08-30,20240830,2024,3,8,August,35,30,Friday,False
2024-08-31,20240831,2024,3,8,August,35,31,Saturday,True
2024-09-01,20240901,2024,3,9,September,35,1,Sunday,True
2024-09-02,20240902,2024,3,9,September,36,2,Monday,False
2024-09-03,20240903,2024,3,9,September,36,3,Tuesday,False
2024-09-04,20240904,2024,3,9,September,36,4,Wednesday,False
2024-09-05,20240905,2024,3,9,September,36,5,Thursday,False
2024-09-06,20240906,2024,3,9,September,36,6,Friday,False
2024-09-07,20240907,2024,3,9,September,36,7,Saturday,True
2024-09-08,20240908,2024,3,9,September,36,8,Sunday,True
2024-09-09,20240909,2024,3,9,September,37,9,Monday,False
2024-09-10,20240910,2024,3,9,September,37,10,Tuesday,False
2024-09-11,20240911,2024,3,9,September,37,11,Wednesday,False
2024-09-12,20240912,2024,3,9,September,37,12,Thursday,False
2024-09-13,20240913,2024,3,9,September,37,13,Friday,False
2024-09-14,20240914,2024,3,9,September,37,14,Saturday,True
2024-09-15,20240915,2024,3,9,September,37,15,Sunday,True
2024-09-16,20240916,2024,3,9,September,38,16,Monday,False
2024-09-17,20240917,2024,3,9,September,38,17,Tuesday,False
2024-09-18,20240918,2024,3,9,September,38,18,Wednesday,False
2024-09-19,20240919,2024,3,9,September,38,19,Thursday,False
2024-09-20,20240920,2024,3,9,September,38,20,Friday,False
2024-09-21,20240921,2024,3,9,September,38,21,Saturday,True
2024-09-22,20240922,2024,3,9,September,38,22,Sunday,True
2024-09-23,20240923,2024,3,9,September,39,23,Monday,False
2024-09-24,20240924,2024,3,9,September,39,24,Tuesday,False
2024-09-25,20240925,2024,3,9,September,39,25,Wednesday,False
2024-09-26,20240926,2024,3,9,September,39,26,Thursday,False
2024-09-27,20240927,2024,3,9,September,39,27,Friday,False
2024-09-28,20240928,2024,3,9,September,39,28,Saturday,True
2024-09-29,20240929,2024,3,9,September,39,29,Sunday,True
2024-09-30,20240930,2024,3,9,September,40,30,Monday,False
2024-10-01,20241001,2024,4,10,October,40,1,Tuesday,False
2024-10-02,20241002,2024,4,10,October,40,2,Wednesday,False
2024-10-03,20241003,2024,4,10,October,40,3,Thursday,False
2024-10-04,20241004,2024,4,10,October,40,4,Friday,False
2024-10-05,20241005,2024,4,10,October,40,5,Saturday,True
2024-10-06,20241006,2024,4,10,October,40,6,Sunday,True
2024-10-07,20241007,2024,4,10,October,41,7,Monday,False
2024-10-08,20241008,2024,4,10,October,41,8,Tuesday,False
2024-10-09,20241009,2024,4,10,October,41,9,Wednesday,False
2024-10-10,20241010,2024,4,10,October,41,10,Thursday,False
2024-10-11,20241011,2024,4,10,October,41,11,Friday,False
2024-10-12,20241012,2024,4,10,October,41,12,Saturday,True
2024-10-13,20241013,2024,4,10,October,41,13,Sunday,True
2024-10-14,20241014,2024,4,10,October,42,14,Monday,False
2024-10-15,20241015,2024,4,10,October,42,15,Tuesday,False
2024-10-16,20241016,2024,4,10,October,42,16,Wednesday,False
2024-10-17,20241017,2024,4,10,October,42,17,Thursday,False
2024-10-18,20241018,2024,4,10,October,42,18,Friday,False
2024-10-19,20241019,2024,4,10,October,42,19,Saturday,True
2024-10-20,20241020,2024,4,10,October,42,20,Sunday,True
2024-10-21,20241021,2024,4,10,October,43,21,Monday,False
2024-10-22,20241022,2024,4,10,October,43,22,Tuesday,False
2024-10-23,20241023,2024,4,10,October,43,23,Wednesday,False
2024-10-24,20241024,2024,4,10,October,43,24,Thursday,False
2024-10-25,20241025,2024,4,10,October,43,25,Friday,False
2024-10-26,20241026,2024,4,10,October,43,26,Saturday,True
2024-10-27,20241027,2024,4,10,October,43,27,Sunday,True
2024-10-28,20241028,2024,4,10,October,44,28,Monday,False
2024-10-29,20241029,2024,4,10,October,44,29,Tuesday,False
2024-10-30,20241030,2024,4,10,October,44,30,Wednesday,False
2024-10-31,20241031,2024,4,10,October,44,31,Thursday,False
2024-11-01,20241101,2024,4,11,November,44,1,Friday,False
2024-11-02,20241102,2024,4,11,November,44,2,Saturday,True
2024-11-03,20241103,2024,4,11,November,44,3,Sunday,True
2024-11-04,20241104,2024,4,11,November,45,4,Monday,False
2024-11-05,20241105,2024,4,11,November,45,5,Tuesday,False
2024-11-06,20241106,2024,4,11,November,45,6,Wednesday,False
2024-11-07,20241107,2024,4,11,November,45,7,Thursday,False
2024-11-08,20241108,2024,4,11,November,45,8,Friday,False
2024-11-09,20241109,2024,4,11,November,45,9,Saturday,True
2024-11-10,20241110,2024,4,11,November,45,10,Sunday,True
2024-11-11,20241111,2024,4,11,November,46,11,Monday,False
2024-11-12,20241112,2024,4,11,November,46,12,Tuesday,False
2024-11-13,20241113,2024,4,11,November,46,13,Wednesday,False
2024-11-14,20241114,2024,4,11,November,46,14,Thursday,False
2024-11-15,20241115,2024,4,11,November,46,15,Friday,False
2024-11-16,20241116,2024,4,11,November,46,16,Saturday,True
2024-11-17,20241117,2024,4,11,November,46,17,Sunday,True
2024-11-18,20241118,2024,4,11,November,47,18,Monday,False
2024-11-19,20241119,2024,4,11,November,47,19,Tuesday,False
2024-11-20,20241120,2024,4,11,November,47,20,Wednesday,False
2024-11-21,20241121,2024,4,11,November,47,21,Thursday,False
2024-11-22,20241122,2024,4,11,November,47,22,Friday,False
2024-11-23,20241123,2024,4,11,November,47,23,Saturday,True
2024-11-24,20241124,2024,4,11,November,47,24,Sunday,True
2024-11-25,20241125,2024,4,11,November,48,25,Monday,False
2024-11-26,20241126,2024,4,11,November,48,26,Tuesday,False
2024-11-27,20241127,2024,4,11,November,48,27,Wednesday,False
2024-11-28,20241128,2024,4,11,November,48,28,Thursday,False
2024-11-29,20241129,2024,4,11,November,48,29,Friday,False
2024-11-30,20241130,2024,4,11,November,48,30,Saturday,True
2024-12-01,20241201,2024,4,12,December,48,1,Sunday,True
2024-12-02,20241202,2024,4,12,December,49,2,Monday,False
2024-12-03,20241203,2024,4,12,December,49,3,Tuesday,False
2024-12-04,20241204,2024,4,12,December,49,4,Wednesday,False
2024-12-05,20241205,2024,4,12,December,49,5,Thursday,False
2024-12-06,20241206,2024,4,12,December,49,6,Friday,False
2024-12-07,20241207,2024,4,12,December,49,7,Saturday,True
2024-12-08,20241208,2024,4,12,December,49,8,Sunday,True
2024-12-09,20241209,2024,4,12,December,50,9,Monday,False
2024-12-10,20241210,2024,4,12,December,50,10,Tuesday,False
2024-12-11,20241211,2024,4,12,December,50,11,Wednesday,False
2024-12-12,20241212,2024,4,12,December,50,12,Thursday,False
2024-12-13,20241213,2024,4,12,December,50,13,Friday,False
2024-12-14,20241214,2024,4,12,December,50,14,Saturday,True
2024-12-15,20241215,2024,4,12,December,50,15,Sunday,True
2024-12-16,20241216,2024,4,12,December,51,16,Monday,False
2024-12-17,20241217,2024,4,12,December,51,17,Tuesday,False
2024-12-18,20241218,2024,4,12,December,51,18,Wednesday,False
2024-12-19,20241219,2024,4,12,December,51,19,Thursday,False
2024-12-20,20241220,2024,4,12,December,51,20,Friday,False
2024-12-21,20241221,2024,4,12,December,51,21,Saturday,True
2024-12-22,20241222,2024,4,12,December,51,22,Sunday,True
2024-12-23,20241223,2024,4,12,December,52,23,Monday,False
2024-12-24,20241224,2024,4,12,December,52,24,Tuesday,False
2024-12-25,20241225,2024,4,12,December,52,25,Wednesday,False
2024-12-26,20241226,2024,4,12,December,52,26,Thursday,False
2024-12-27,20241227,2024,4,12,December,52,27,Friday,False
2024-12-28,20241228,2024,4,12,December,52,28,Saturday,True
2024-12-29,20241229,2024,4,12,December,52,29,Sunday,True
2024-12-30,20241230,2024,4,12,December,1,30,Monday,False
2024-12-31,20241231,2024,4,12,December,1,31,Tuesday,False
2025-01-01,20250101,2025,1,1,January,1,1,Wednesday,False
2025-01-02,20250102,2025,1,1,January,1,2,Thursday,False
2025-01-03,20250103,2025,1,1,January,1,3,Friday,False
2025-01-04,20250104,2025,1,1,January,1,4,Saturday,True
2025-01-05,20250105,2025,1,1,January,1,5,Sunday,True
2025-01-06,20250106,2025,1,1,January,2,6,Monday,False
2025-01-07,20250107,2025,1,1,January,2,7,Tuesday,False
2025-01-08,20250108,2025,1,1,January,2,8,Wednesday,False
2025-01-09,20250109,2025,1,1,January,2,9,Thursday,False
2025-01-10,20250110,2025,1,1,January,2,10,Friday,False
2025-01-11,20250111,2025,1,1,January,2,11,Saturday,True
2025-01-12,20250112,2025,1,1,January,2,12,Sunday,True
2025-01-13,20250113,2025,1,1,January,3,13,Monday,False
2025-01-14,20250114,2025,1,1,January,3,14,Tuesday,False
2025-01-15,20250115,2025,1,1,January,3,15,Wednesday,False
2025-01-16,20250116,2025,1,1,January,3,16,Thursday,False
2025-01-17,20250117,2025,1,1,January,3,17,Friday,False
2025-01-18,20250118,2025,1,1,January,3,18,Saturday,True
2025-01-19,20250119,2025,1,1,January,3,19,Sunday,True
2025-01-20,20250120,2025,1,1,January,4,20,Monday,False
2025-01-21,20250121,2025,1,1,January,4,21,Tuesday,False
2025-01-22,20250122,2025,1,1,January,4,22,Wednesday,False
2025-01-23,20250123,2025,1,1,January,4,23,Thursday,False
2025-01-24,20250124,2025,1,1,January,4,24,Friday,False
2025-01-25,20250125,2025,1,1,January,4,25,Saturday,True
2025-01-26,20250126,2025,1,1,January,4,26,Sunday,True
2025-01-27,20250127,2025,1,1,January,5,27,Monday,False
2025-01-28,20250128,2025,1,1,January,5,28,Tuesday,False
2025-01-29,20250129,2025,1,1,January,5,29,Wednesday,False
2025-01-30,20250130,2025,1,1,January,5,30,Thursday,False
2025-01-31,20250131,2025,1,1,January,5,31,Friday,False
2025-02-01,20250201,2025,1,2,February,5,1,Saturday,True
2025-02-02,20250202,2025,1,2,February,5,2,Sunday,True
2025-02-03,20250203,2025,1,2,February,6,3,Monday,False
2025-02-04,20250204,2025,1,2,February,6,4,Tuesday,False
2025-02-05,20250205,2025,1,2,February,6,5,Wednesday,False
2025-02-06,20250206,2025,1,2,February,6,6,Thursday,False
2025-02-07,20250207,2025,1,2,February,6,7,Friday,False
2025-02-08,20250208,2025,1,2,February,6,8,Saturday,True
2025-02-09,20250209,2025,1,2,February,6,9,Sunday,True
2025-02-10,20250210,2025,1,2,February,7,10,Monday,False
2025-02-11,20250211,2025,1,2,February,7,11,Tuesday,False
2025-02-12,20250212,2025,1,2,February,7,12,Wednesday,False
2025-02-13,20250213,2025,1,2,February,7,13,Thursday,False
2025-02-14,20250214,2025,1,2,February,7,14,Friday,False
2025-02-15,20250215,2025,1,2,February,7,15,Saturday,True
2025-02-16,20250216,2025,1,2,February,7,16,Sunday,True
2025-02-17,20250217,2025,1,2,February,8,17,Monday,False
2025-02-18,20250218,2025,1,2,February,8,18,Tuesday,False
2025-02-19,20250219,2025,1,2,February,8,19,Wednesday,False
2025-02-20,20250220,2025,1,2,February,8,20,Thursday,False
2025-02-21,20250221,2025,1,2,February,8,21,Friday,False
2025-02-22,20250222,2025,1,2,February,8,22,Saturday,True
2025-02-23,20250223,2025,1,2,February,8,23,Sunday,True
2025-02-24,20250224,2025,1,2,February,9,24,Monday,False
2025-02-25,20250225,2025,1,2,February,9,25,Tuesday,False
2025-02-26,20250226,2025,1,2,February,9,26,Wednesday,False
2025-02-27,20250227,2025,1,2,February,9,27,Thursday,False
2025-02-28,20250228,2025,1,2,February,9,28,Friday,False
2025-03-01,20250301,2025,1,3,March,9,1,Saturday,True
2025-03-02,20250302,2025,1,3,March,9,2,Sunday,True
2025-03-03,20250303,2025,1,3,March,10,3,Monday,False
2025-03-04,20250304,2025,1,3,March,10,4,Tuesday,False
2025-03-05,20250305,2025,1,3,March,10,5,Wednesday,False
2025-03-06,20250306,2025,1,3,March,10,6,Thursday,False
2025-03-07,20250307,2025,1,3,March,10,7,Friday,False
2025-03-08,20250308,2025,1,3,March,10,8,Saturday,True
2025-03-09,20250309,2025,1,3,March,10,9,Sunday,True
2025-03-10,20250310,2025,1,3,March,11,10,Monday,False
2025-03-11,20250311,2025,1,3,March,11,11,Tuesday,False
2025-03-12,20250312,2025,1,3,March,11,12,Wednesday,False
2025-03-13,20250313,2025,1,3,March,11,13,Thursday,False
2025-03-14,20250314,2025,1,3,March,11,14,Friday,False
2025-03-15,20250315,2025,1,3,March,11,15,Saturday,True
2025-03-16,20250316,2025,1,3,March,11,16,Sunday,True
2025-03-17,20250317,2025,1,3,March,12,17,Monday,False
2025-03-18,20250318,2025,1,3,March,12,18,Tuesday,False
2025-03-19,20250319,2025,1,3,March,12,19,Wednesday,False
2025-03-20,20250320,2025,1,3,March,12,20,Thursday,False
2025-03-21,20250321,2025,1,3,March,12,21,Friday,False
2025-03-22,20250322,2025,1,3,March,12,22,Saturday,True
2025-03-23,20250323,2025,1,3,March,12,23,Sunday,True
2025-03-24,20250324,2025,1,3,March,13,24,Monday,False
2025-03-25,20250325,2025,1,3,March,13,25,Tuesday,False
2025-03-26,20250326,2025,1,3,March,13,26,Wednesday,False
2025-03-27,20250327,2025,1,3,March,13,27,Thursday,False
2025-03-28,20250328,2025,1,3,March,13,28,Friday,False
2025-03-29,20250329,2025,1,3,March,13,29,Saturday,True
2025-03-30,20250330,2025,1,3,March,13,30,Sunday,True
2025-03-31,20250331,2025,1,3,March,14,31,Monday,False
2025-04-01,20250401,2025,2,4,April,14,1,Tuesday,False
2025-04-02,20250402,2025,2,4,April,14,2,Wednesday,False
2025-04-03,20250403,2025,2,4,April,14,3,Thursday,False
2025-04-04,20250404,2025,2,4,April,14,4,Friday,False
2025-04-05,20250405,2025,2,4,April,14,5,Saturday,True
2025-04-06,20250406,2025,2,4,April,14,6,Sunday,True
2025-04-07,20250407,2025,2,4,April,15,7,Monday,False
2025-04-08,20250408,2025,2,4,April,15,8,Tuesday,False
2025-04-09,20250409,2025,2,4,April,15,9,Wednesday,False
2025-04-10,20250410,2025,2,4,April,15,10,Thursday,False
2025-04-11,20250411,2025,2,4,April,15,11,Friday,False
2025-04-12,20250412,2025,2,4,April,15,12,Saturday,True
2025-04-13,20250413,2025,2,4,April,15,13,Sunday,True
2025-04-14,20250414,2025,2,4,April,16,14,Monday,False
2025-04-15,20250415,2025,2,4,April,16,15,Tuesday,False
2025-04-16,20250416,2025,2,4,April,16,16,Wednesday,False
2025-04-17,20250417,2025,2,4,April,16,17,Thursday,False
2025-04-18,20250418,2025,2,4,April,16,18,Friday,False
2025-04-19,20250419,2025,2,4,April,16,19,Saturday,True
2025-04-20,20250420,2025,2,4,April,16,20,Sunday,True
2025-04-21,20250421,2025,2,4,April,17,21,Monday,False
2025-04-22,20250422,2025,2,4,April,17,22,Tuesday,False
2025-04-23,20250423,2025,2,4,April,17,23,Wednesday,False
2025-04-24,20250424,2025,2,4,April,17,24,Thursday,False
2025-04-25,20250425,2025,2,4,April,17,25,Friday,False
2025-04-26,20250426,2025,2,4,April,17,26,Saturday,True
2025-04-27,20250427,2025,2,4,April,17,27,Sunday,True
2025-04-28,20250428,2025,2,4,April,18,28,Monday,False
2025-04-29,20250429,2025,2,4,April,18,29,Tuesday,False
2025-04-30,20250430,2025,2,4,April,18,30,Wednesday,False
2025-05-01,20250501,2025,2,5,May,18,1,Thursday,False
2025-05-02,20250502,2025,2,5,May,18,2,Friday,False
2025-05-03,20250503,2025,2,5,May,18,3,Saturday,True
2025-05-04,20250504,2025,2,5,May,18,4,Sunday,True
2025-05-05,20250505,2025,2,5,May,19,5,Monday,False
2025-05-06,20250506,2025,2,5,May,19,6,Tuesday,False
2025-05-07,20250507,2025,2,5,May,19,7,Wednesday,False
2025-05-08,20250508,2025,2,5,May,19,8,Thursday,False
2025-05-09,20250509,2025,2,5,May,19,9,Friday,False
2025-05-10,20250510,2025,2,5,May,19,10,Saturday,True
2025-05-11,20250511,2025,2,5,May,19,11,Sunday,True
2025-05-12,20250512,2025,2,5,May,20,12,Monday,False
2025-05-13,20250513,2025,2,5,May,20,13,Tuesday,False
2025-05-14,20250514,2025,2,5,May,20,14,Wednesday,False
2025-05-15,20250515,2025,2,5,May,20,15,Thursday,False
2025-05-16,20250516,2025,2,5,May,20,16,Friday,False
2025-05-17,20250517,2025,2,5,May,20,17,Saturday,True
2025-05-18,20250518,2025,2,5,May,20,18,Sunday,True
2025-05-19,20250519,2025,2,5,May,21,19,Monday,False
2025-05-20,20250520,2025,2,5,May,21,20,Tuesday,False
2025-05-21,20250521,2025,2,5,May,21,21,Wednesday,False
2025-05-22,20250522,2025,2,5,May,21,22,Thursday,False
2025-05-23,20250523,2025,2,5,May,21,23,Friday,False
2025-05-24,20250524,2025,2,5,May,21,24,Saturday,True
2025-05-25,20250525,2025,2,5,May,21,25,Sunday,True
2025-05-26,20250526,2025,2,5,May,22,26,Monday,False
2025-05-27,20250527,2025,2,5,May,22,27,Tuesday,False
2025-05-28,20250528,2025,2,5,May,22,28,Wednesday,False
2025-05-29,20250529,2025,2,5,May,22,29,Thursday,False
2025-05-30,20250530,2025,2,5,May,22,30,Friday,False
2025-05-31,20250531,2025,2,5,May,22,31,Saturday,True
2025-06-01,20250601,2025,2,6,June,22,1,Sunday,True
2025-06-02,20250602,2025,2,6,June,23,2,Monday,False
2025-06-03,20250603,2025,2,6,June,23,3,Tuesday,False
2025-06-04,20250604,2025,2,6,June,23,4,Wednesday,False
2025-06-05,20250605,2025,2,6,June,23,5,Thursday,False
2025-06-06,20250606,2025,2,6,June,23,6,Friday,False
2025-06-07,20250607,2025,2,6,June,23,7,Saturday,True
2025-06-08,20250608,2025,2,6,June,23,8,Sunday,True
2025-06-09,20250609,2025,2,6,June,24,9,Monday,False
2025-06-10,20250610,2025,2,6,June,24,10,Tuesday,False
2025-06-11,20250611,2025,2,6,June,24,11,Wednesday,False
2025-06-12,20250612,2025,2,6,June,24,12,Thursday,False
2025-06-13,20250613,2025,2,6,June,24,13,Friday,False
2025-06-14,20250614,2025,2,6,June,24,14,Saturday,True
2025-06-15,20250615,2025,2,6,June,24,15,Sunday,True
2025-06-16,20250616,2025,2,6,June,25,16,Monday,False
2025-06-17,20250617,2025,2,6,June,25,17,Tuesday,False
2025-06-18,20250618,2025,2,6,June,25,18,Wednesday,False
2025-06-19,20250619,2025,2,6,June,25,19,Thursday,False
2025-06-20,20250620,2025,2,6,June,25,20,Friday,False
2025-06-21,20250621,2025,2,6,June,25,21,Saturday,True
2025-06-22,20250622,2025,2,6,June,25,22,Sunday,True
2025-06-23,20250623,2025,2,6,June,26,23,Monday,False
2025-06-24,20250624,2025,2,6,June,26,24,Tuesday,False
2025-06-25,20250625,2025,2,6,June,26,25,Wednesday,False
2025-06-26,20250626,2025,2,6,June,26,26,Thursday,False
2025-06-27,20250627,2025,2,6,June,26,27,Friday,False
2025-06-28,20250628,2025,2,6,June,26,28,Saturday,True
2025-06-29,20250629,2025,2,6,June,26,29,Sunday,True
2025-06-30,20250630,2025,2,6,June,27,30,Monday,False
2025-07-01,20250701,2025,3,7,July,27,1,Tuesday,False
2025-07-02,20250702,2025,3,7,July,27,2,Wednesday,False
2025-07-03,20250703,2025,3,7,July,27,3,Thursday,False
2025-07-04,20250704,2025,3,7,July,27,4,Friday,False
2025-07-05,20250705,2025,3,7,July,27,5,Saturday,True
2025-07-06,20250706,2025,3,7,July,27,6,Sunday,True
2025-07-07,20250707,2025,3,7,July,28,7,Monday,False
2025-07-08,20250708,2025,3,7,July,28,8,Tuesday,False
2025-07-09,20250709,2025,3,7,July,28,9,Wednesday,False
2025-07-10,20250710,2025,3,7,July,28,10,Thursday,False
2025-07-11,20250711,2025,3,7,July,28,11,Friday,False
2025-07-12,20250712,2025,3,7,July,28,12,Saturday,True
2025-07-13,20250713,2025,3,7,July,28,13,Sunday,True
2025-07-14,20250714,2025,3,7,July,29,14,Monday,False
2025-07-15,20250715,2025,3,7,July,29,15,Tuesday,False
2025-07-16,20250716,2025,3,7,July,29,16,Wednesday,False
2025-07-17,20250717,2025,3,7,July,29,17,Thursday,False
2025-07-18,20250718,2025,3,7,July,29,18,Friday,False
2025-07-19,20250719,2025,3,7,July,29,19,Saturday,True
2025-07-20,20250720,2025,3,7,July,29,20,Sunday,True
2025-07-21,20250721,2025,3,7,July,30,21,Monday,False
2025-07-22,20250722,2025,3,7,July,30,22,Tuesday,False
2025-07-23,20250723,2025,3,7,July,30,23,Wednesday,False
2025-07-24,20250724,2025,3,7,July,30,24,Thursday,False
2025-07-25,20250725,2025,3,7,July,30,25,Friday,False
2025-07-26,20250726,2025,3,7,July,30,26,Saturday,True
2025-07-27,20250727,2025,3,7,July,30,27,Sunday,True
2025-07-28,20250728,2025,3,7,July,31,28,Monday,False
2025-07-29,20250729,2025,3,7,July,31,29,Tuesday,False
2025-07-30,20250730,2025,3,7,July,31,30,Wednesday,False
2025-07-31,20250731,2025,3,7,July,31,31,Thursday,False
2025-08-01,20250801,2025,3,8,August,31,1,Friday,False
2025-08-02,20250802,2025,3,8,August,31,2,Saturday,True
2025-08-03,20250803,2025,3,8,August,31,3,Sunday,True
2025-08-04,20250804,2025,3,8,August,32,4,Monday,False
2025-08-05,20250805,2025,3,8,August,32,5,Tuesday,False
2025-08-06,20250806,2025,3,8,August,32,6,Wednesday,False
2025-08-07,20250807,2025,3,8,August,32,7,Thursday,False
2025-08-08,20250808,2025,3,8,August,32,8,Friday,False
2025-08-09,20250809,2025,3,8,August,32,9,Saturday,True
2025-08-10,20250810,2025,3,8,August,32,10,Sunday,True
2025-08-11,20250811,2025,3,8,August,33,11,Monday,False
2025-08-12,20250812,2025,3,8,August,33,12,Tuesday,False
2025-08-13,20250813,2025,3,8,August,33,13,Wednesday,False
2025-08-14,20250814,2025,3,8,August,33,14,Thursday,False
2025-08-15,20250815,2025,3,8,August,33,15,Friday,False
2025-08-16,20250816,2025,3,8,August,33,16,Saturday,True
2025-08-17,20250817,2025,3,8,August,33,17,Sunday,True
2025-08-18,20250818,2025,3,8,August,34,18,Monday,False
2025-08-19,20250819,2025,3,8,August,34,19,Tuesday,False
2025-08-20,20250820,2025,3,8,August,34,20,Wednesday,False
2025-08-21,20250821,2025,3,8,August,34,21,Thursday,False
2025-08-22,20250822,2025,3,8,August,34,22,Friday,False
2025-08-23,20250823,2025,3,8,August,34,23,Saturday,True
2025-08-24,20250824,2025,3,8,August,34,24,Sunday,True
2025-08-25,20250825,2025,3,8,August,35,25,Monday,False
2025-08-26,20250826,2025,3,8,August,35,26,Tuesday,False
2025-08-27,20250827,2025,3,8,August,35,27,Wednesday,False
2025-08-28,20250828,2025,3,8,August,35,28,Thursday,False
2025-08-29,20250829,2025,3,8,August,35,29,Friday,False
2025-08-30,20250830,2025,3,8,August,35,30,Saturday,True
2025-08-31,20250831,2025,3,8,August,35,31,Sunday,True
2025-09-01,20250901,2025,3,9,September,36,1,Monday,False
2025-09-02,20250902,2025,3,9,September,36,2,Tuesday,False
2025-09-03,20250903,2025,3,9,September,36,3,Wednesday,False
2025-09-04,20250904,2025,3,9,September,36,4,Thursday,False
2025-09-05,20250905,2025,3,9,September,36,5,Friday,False
2025-09-06,20250906,2025,3,9,September,36,6,Saturday,True
2025-09-07,20250907,2025,3,9,September,36,7,Sunday,True
2025-09-08,20250908,2025,3,9,September,37,8,Monday,False
2025-09-09,20250909,2025,3,9,September,37,9,Tuesday,False
2025-09-10,20250910,2025,3,9,September,37,10,Wednesday,False
2025-09-11,20250911,2025,3,9,September,37,11,Thursday,False
2025-09-12,20250912,2025,3,9,September,37,12,Friday,False
2025-09-13,20250913,2025,3,9,September,37,13,Saturday,True
2025-09-14,20250914,2025,3,9,September,37,14,Sunday,True
2025-09-15,20250915,2025,3,9,September,38,15,Monday,False
2025-09-16,20250916,2025,3,9,September,38,16,Tuesday,False
2025-09-17,20250917,2025,3,9,September,38,17,Wednesday,False
2025-09-18,20250918,2025,3,9,September,38,18,Thursday,False
2025-09-19,20250919,2025,3,9,September,38,19,Friday,False
2025-09-20,20250920,2025,3,9,September,38,20,Saturday,True
2025-09-21,20250921,2025,3,9,September,38,21,Sunday,True
2025-09-22,20250922,2025,3,9,September,39,22,Monday,False
2025-09-23,20250923,2025,3,9,September,39,23,Tuesday,False
2025-09-24,20250924,2025,3,9,September,39,24,Wednesday,False
2025-09-25,20250925,2025,3,9,September,39,25,Thursday,False
2025-09-26,20250926,2025,3,9,September,39,26,Friday,False
2025-09-27,20250927,2025,3,9,September,39,27,Saturday,True
2025-09-28,20250928,2025,3,9,September,39,28,Sunday,True
2025-09-29,20250929,2025,3,9,September,40,29,Monday,False
2025-09-30,20250930,2025,3,9,September,40,30,Tuesday,False
2025-10-01,20251001,2025,4,10,October,40,1,Wednesday,False
2025-10-02,20251002,2025,4,10,October,40,2,Thursday,False
2025-10-03,20251003,2025,4,10,October,40,3,Friday,False
2025-10-04,20251004,2025,4,10,October,40,4,Saturday,True
2025-10-05,20251005,2025,4,10,October,40,5,Sunday,True
2025-10-06,20251006,2025,4,10,October,41,6,Monday,False
2025-10-07,20251007,2025,4,10,October,41,7,Tuesday,False
2025-10-08,20251008,2025,4,10,October,41,8,Wednesday,False
2025-10-09,20251009,2025,4,10,October,41,9,Thursday,False
2025-10-10,20251010,2025,4,10,October,41,10,Friday,False
2025-10-11,20251011,2025,4,10,October,41,11,Saturday,True
2025-10-12,20251012,2025,4,10,October,41,12,Sunday,True
2025-10-13,20251013,2025,4,10,October,42,13,Monday,False
2025-10-14,20251014,2025,4,10,October,42,14,Tuesday,False
2025-10-15,20251015,2025,4,10,October,42,15,Wednesday,False
2025-10-16,20251016,2025,4,10,October,42,16,Thursday,False
2025-10-17,20251017,2025,4,10,October,42,17,Friday,False
2025-10-18,20251018,2025,4,10,October,42,18,Saturday,True
2025-10-19,20251019,2025,4,10,October,42,19,Sunday,True
2025-10-20,20251020,2025,4,10,October,43,20,Monday,False
2025-10-21,20251021,2025,4,10,October,43,21,Tuesday,False
2025-10-22,20251022,2025,4,10,October,43,22,Wednesday,False
2025-10-23,20251023,2025,4,10,October,43,23,Thursday,False
2025-10-24,20251024,2025,4,10,October,43,24,Friday,False
2025-10-25,20251025,2025,4,10,October,43,25,Saturday,True
2025-10-26,20251026,2025,4,10,October,43,26,Sunday,True
2025-10-27,20251027,2025,4,10,October,44,27,Monday,False
2025-10-28,20251028,2025,4,10,October,44,28,Tuesday,False
2025-10-29,20251029,2025,4,10,October,44,29,Wednesday,False
2025-10-30,20251030,2025,4,10,October,44,30,Thursday,False
2025-10-31,20251031,2025,4,10,October,44,31,Friday,False
2025-11-01,20251101,2025,4,11,November,44,1,Saturday,True
2025-11-02,20251102,2025,4,11,November,44,2,Sunday,True
2025-11-03,20251103,2025,4,11,November,45,3,Monday,False
2025-11-04,20251104,2025,4,11,November,45,4,Tuesday,False
2025-11-05,20251105,2025,4,11,November,45,5,Wednesday,False
2025-11-06,20251106,2025,4,11,November,45,6,Thursday,False
2025-11-07,20251107,2025,4,11,November,45,7,Friday,False
2025-11-08,20251108,2025,4,11,November,45,8,Saturday,True
2025-11-09,20251109,2025,4,11,November,45,9,Sunday,True
2025-11-10,20251110,2025,4,11,November,46,10,Monday,False
2025-11-11,20251111,2025,4,11,November,46,11,Tuesday,False
2025-11-12,20251112,2025,4,11,November,46,12,Wednesday,False
2025-11-13,20251113,2025,4,11,November,46,13,Thursday,False
2025-11-14,20251114,2025,4,11,November,46,14,Friday,False
2025-11-15,20251115,2025,4,11,November,46,15,Saturday,True
2025-11-16,20251116,2025,4,11,November,46,16,Sunday,True
2025-11-17,20251117,2025,4,11,November,47,17,Monday,False
2025-11-18,20251118,2025,4,11,November,47,18,Tuesday,False
2025-11-19,20251119,2025,4,11,November,47,19,Wednesday,False
2025-11-20,20251120,2025,4,11,November,47,20,Thursday,False
2025-11-21,20251121,2025,4,11,November,47,21,Friday,False
2025-11-22,20251122,2025,4,11,November,47,22,Saturday,True
2025-11-23,20251123,2025,4,11,November,47,23,Sunday,True
2025-11-24,20251124,2025,4,11,November,48,24,Monday,False
2025-11-25,20251125,2025,4,11,November,48,25,Tuesday,False
2025-11-26,20251126,2025,4,11,November,48,26,Wednesday,False
2025-11-27,20251127,2025,4,11,November,48,27,Thursday,False
2025-11-28,20251128,2025,4,11,November,48,28,Friday,False
2025-11-29,20251129,2025,4,11,November,48,29,Saturday,True
2025-11-30,20251130,2025,4,11,November,48,30,Sunday,True
2025-12-01,20251201,2025,4,12,December,49,1,Monday,False
2025-12-02,20251202,2025,4,12,December,49,2,Tuesday,False
2025-12-03,20251203,2025,4,12,December,49,3,Wednesday,False
2025-12-04,20251204,2025,4,12,December,49,4,Thursday,False
2025-12-05,20251205,2025,4,12,December,49,5,Friday,False
2025-12-06,20251206,2025,4,12,December,49,6,Saturday,True
2025-12-07,20251207,2025,4,12,December,49,7,Sunday,True
2025-12-08,20251208,2025,4,12,December,50,8,Monday,False
2025-12-09,20251209,2025,4,12,December,50,9,Tuesday,False
2025-12-10,20251210,2025,4,12,December,50,10,Wednesday,False
2025-12-11,20251211,2025,4,12,December,50,11,Thursday,False
2025-12-12,20251212,2025,4,12,December,50,12,Friday,False
2025-12-13,20251213,2025,4,12,December,50,13,Saturday,True
2025-12-14,20251214,2025,4,12,December,50,14,Sunday,True
2025-12-15,20251215,2025,4,12,December,51,15,Monday,False
2025-12-16,20251216,2025,4,12,December,51,16,Tuesday,False
2025-12-17,20251217,2025,4,12,December,51,17,Wednesday,False
2025-12-18,20251218,2025,4,12,December,51,18,Thursday,False
2025-12-19,20251219,2025,4,12,December,51,19,Friday,False
2025-12-20,20251220,2025,4,12,December,51,20,Saturday,True
2025-12-21,20251221,2025,4,12,December,51,21,Sunday,True
2025-12-22,20251222,2025,4,12,December,52,22,Monday,False
2025-12-23,20251223,2025,4,12,December,52,23,Tuesday,False
2025-12-24,20251224,2025,4,12,December,52,24,Wednesday,False
2025-12-25,20251225,2025,4,12,December,52,25,Thursday,False
2025-12-26,20251226,2025,4,12,December,52,26,Friday,False
2025-12-27,20251227,2025,4,12,December,52,27,Saturday,True
2025-12-28,20251228,2025,4,12,December,52,28,Sunday,True
2025-12-29,20251229,2025,4,12,December,1,29,Monday,False
2025-12-30,20251230,2025,4,12,December,1,30,Tuesday,False
2025-12-31,20251231,2025,4,12,December,1,31,Wednesday,False
