ReturnID,OrderNumber,ShipmentID,ProductCode,ReturnDate,QuantityReturned,Reason
1,SO0000003,3,ELE-0013,2025-01-07,12,Damaged
2,SO0000005,5,SAF-0017,2023-11-25,8,Wrong Item
3,SO0000011,11,SAF-0012,2025-07-03,6,Defective
4,SO0000012,12,SAF-0005,2021-12-20,1,Wrong Item
5,SO0000021,21,FAS-0017,2024-06-14,10,Customer Changed Mind
6,SO0000030,30,HVA-0007,2021-10-22,12,Damaged
7,SO0000044,44,FAS-0015,2025-11-30,2,Wrong Item
8,SO0000044,44,FAS-0002,2025-11-06,1,Damaged
9,SO0000048,48,PWR-0007,2022-07-29,3,Shipping Damage
10,SO0000050,50,ELE-0013,2024-06-15,1,Wrong Item
11,SO0000057,57,ELE-0015,2021-05-12,9,Damaged
12,SO0000058,58,FAS-0013,2021-12-04,1,Shipping Damage
13,SO0000064,64,SAF-0007,2021-08-08,2,Defective
14,SO0000065,65,PWR-0011,2025-07-29,3,Shipping Damage
15,SO0000074,74,ELE-0004,2021-07-05,1,Defective
16,SO0000075,75,HVA-0010,2025-08-02,2,Shipping Damage
17,SO0000087,87,HVA-0010,2021-06-10,1,Shipping Damage
18,SO0000095,95,HVA-0021,2025-08-22,1,Damaged
19,SO0000097,97,SAF-0001,2023-03-17,14,Defective
20,SO0000113,113,SAF-0015,2025-12-30,11,Shipping Damage
21,SO0000121,121,FAS-0013,2021-12-20,3,Defective
22,SO0000122,122,HVA-0023,2022-05-07,11,Wrong Item
23,SO0000126,126,FAS-0003,2025-04-13,9,Wrong Item
24,SO0000131,131,FAS-0006,2021-09-18,2,Wrong Item
25,SO0000136,136,PWR-0010,2024-04-21,10,Defective
26,SO0000151,151,PWR-0012,2025-06-03,13,Shipping Damage
27,SO0000160,160,PWR-0013,2024-02-28,7,Shipping Damage
28,SO0000167,167,PWR-0012,2023-04-02,1,Damaged
29,SO0000175,175,ELE-0011,2022-11-10,9,Shipping Damage
30,SO0000182,182,PWR-0009,2021-06-06,4,Defective
31,SO0000183,183,HVA-0010,2021-10-24,5,Shipping Damage
32,SO0000186,186,SAF-0003,2025-11-27,1,Customer Changed Mind
33,SO0000188,188,HVA-0016,2023-07-31,1,Wrong Item
34,SO0000194,194,ELE-0012,2023-08-16,7,Defective
35,SO0000214,214,FAS-0008,2021-11-05,11,Shipping Damage
36,SO0000218,218,FAS-0013,2023-02-28,16,Wrong Item
37,SO0000223,223,SAF-0013,2021-04-07,7,Customer Changed Mind
38,SO0000252,252,HVA-0009,2025-06-04,1,Shipping Damage
39,SO0000254,254,PWR-0012,2021-04-27,9,Wrong Item
40,SO0000255,255,HVA-0017,2022-05-27,7,Customer Changed Mind
41,SO0000271,271,HVA-0027,2022-06-09,5,Customer Changed Mind
42,SO0000271,271,HVA-0019,2022-05-29,1,Wrong Item
43,SO0000275,275,ELE-0023,2022-06-10,5,Damaged
44,SO0000286,286,HVA-0008,2024-01-26,1,Shipping Damage
45,SO0000290,290,FAS-0018,2022-07-26,4,Defective
46,SO0000328,328,ELE-0008,2023-01-20,1,Customer Changed Mind
47,SO0000330,330,ELE-0007,2024-05-22,4,Customer Changed Mind
48,SO0000350,350,SAF-0002,2024-03-20,8,Wrong Item
49,SO0000355,355,HVA-0023,2023-08-25,9,Shipping Damage
50,SO0000358,358,HVA-0024,2021-05-13,19,Wrong Item
51,SO0000359,359,ELE-0012,2021-07-15,1,Defective
52,SO0000361,361,FAS-0015,2021-11-02,3,Defective
53,SO0000365,365,ELE-0017,2025-08-03,7,Shipping Damage
54,SO0000369,369,HVA-0003,2022-02-23,8,Defective
55,SO0000369,369,SAF-0010,2022-02-16,3,Wrong Item
56,SO0000382,382,HVA-0008,2021-08-28,4,Damaged
57,SO0000389,389,ELE-0013,2023-01-21,10,Customer Changed Mind
58,SO0000408,408,ELE-0007,2024-02-29,10,Shipping Damage
59,SO0000414,414,PWR-0007,2025-12-21,4,Customer Changed Mind
60,SO0000420,420,ELE-0012,2025-01-18,12,Defective
61,SO0000428,428,ELE-0021,2025-10-10,1,Shipping Damage
62,SO0000429,429,SAF-0003,2022-06-26,13,Customer Changed Mind
63,SO0000435,435,HVA-0023,2022-08-19,7,Shipping Damage
64,SO0000445,445,PWR-0001,2021-05-18,14,Shipping Damage
65,SO0000446,446,FAS-0010,2024-05-10,2,Wrong Item
66,SO0000453,453,PWR-0001,2021-05-07,13,Customer Changed Mind
67,SO0000454,454,HVA-0020,2023-11-24,9,Shipping Damage
68,SO0000456,456,ELE-0022,2023-11-01,5,Customer Changed Mind
69,SO0000459,459,HVA-0025,2022-08-16,3,Defective
70,SO0000468,468,ELE-0004,2024-01-07,13,Shipping Damage
71,SO0000473,473,HVA-0016,2023-07-05,1,Wrong Item
72,SO0000474,474,HVA-0010,2023-06-02,3,Shipping Damage
73,SO0000476,476,PWR-0001,2024-06-01,1,Shipping Damage
74,SO0000477,477,PWR-0010,2022-12-13,3,Damaged
75,SO0000478,478,ELE-0001,2023-02-21,1,Shipping Damage
76,SO0000486,486,SAF-0005,2024-12-04,2,Wrong Item
77,SO0000490,490,HVA-0018,2025-07-25,9,Defective
78,SO0000508,508,PWR-0007,2025-02-27,3,Wrong Item
79,SO0000516,516,PWR-0002,2023-04-24,4,Customer Changed Mind
80,SO0000523,523,SAF-0001,2023-07-26,1,Damaged
81,SO0000524,524,FAS-0004,2024-05-06,4,Shipping Damage
82,SO0000553,553,ELE-0022,2023-04-15,3,Defective
83,SO0000558,558,FAS-0007,2024-01-29,4,Defective
84,SO0000567,567,HVA-0015,2021-09-09,12,Defective
85,SO0000570,570,ELE-0012,2023-09-08,1,Damaged
86,SO0000571,571,SAF-0003,2025-10-17,3,Damaged
87,SO0000585,585,FAS-0017,2024-10-13,1,Wrong Item
88,SO0000598,598,ELE-0003,2024-10-02,5,Defective
89,SO0000606,606,PWR-0013,2024-05-14,2,Damaged
90,SO0000616,616,HVA-0019,2023-09-14,2,Damaged
91,SO0000618,618,HVA-0026,2023-06-09,8,Damaged
92,SO0000639,639,HVA-0022,2024-10-26,13,Damaged
93,SO0000644,644,ELE-0018,2025-03-07,4,Shipping Damage
94,SO0000650,650,HVA-0015,2024-01-15,5,Shipping Damage
95,SO0000660,660,HVA-0027,2021-07-20,18,Defective
96,SO0000671,671,FAS-0007,2022-09-17,3,Defective
97,SO0000680,680,FAS-0015,2025-07-18,7,Defective
98,SO0000693,693,SAF-0010,2024-09-22,5,Wrong Item
99,SO0000694,694,HVA-0017,2021-04-22,1,Damaged
100,SO0000698,698,HVA-0001,2021-08-29,5,Defective
101,SO0000702,702,PWR-0010,2022-12-14,5,Wrong Item
102,SO0000709,709,SAF-0001,2026-01-23,5,Wrong Item
103,SO0000723,723,HVA-0009,2021-06-06,10,Defective
104,SO0000739,739,HVA-0013,2022-05-28,14,Customer Changed Mind
105,SO0000740,740,PWR-0005,2023-05-27,7,Defective
106,SO0000747,747,FAS-0004,2025-02-12,6,Wrong Item
107,SO0000747,747,SAF-0005,2025-02-27,8,Damaged
108,SO0000777,777,HVA-0009,2022-09-08,4,Damaged
109,SO0000783,783,ELE-0003,2022-06-27,3,Wrong Item
110,SO0000808,808,HVA-0017,2021-09-08,3,Customer Changed Mind
111,SO0000808,808,HVA-0015,2021-09-02,1,Customer Changed Mind
112,SO0000808,808,ELE-0008,2021-09-04,7,Damaged
113,SO0000813,813,HVA-0015,2022-02-14,3,Customer Changed Mind
114,SO0000825,825,ELE-0021,2024-12-14,1,Shipping Damage
115,SO0000828,828,SAF-0012,2022-05-17,3,Customer Changed Mind
116,SO0000837,837,HVA-0019,2024-11-09,3,Defective
117,SO0000845,845,HVA-0020,2021-09-17,1,Wrong Item
118,SO0000847,847,HVA-0003,2021-06-17,2,Customer Changed Mind
119,SO0000849,849,SAF-0009,2024-02-10,18,Shipping Damage
120,SO0000854,854,HVA-0016,2021-10-27,3,Damaged
121,SO0000858,858,HVA-0026,2021-09-30,9,Wrong Item
122,SO0000862,862,SAF-0016,2023-05-18,2,Customer Changed Mind
123,SO0000884,884,SAF-0010,2022-05-04,5,Defective
124,SO0000893,893,PWR-0004,2024-01-22,5,Shipping Damage
125,SO0000894,894,SAF-0006,2021-06-18,12,Defective
126,SO0000900,900,SAF-0015,2022-06-05,3,Wrong Item
127,SO0000901,901,ELE-0020,2024-05-10,5,Shipping Damage
128,SO0000903,903,HVA-0017,2024-06-24,14,Customer Changed Mind
129,SO0000915,915,PWR-0004,2025-11-29,6,Damaged
130,SO0000932,932,ELE-0018,2022-03-23,2,Defective
131,SO0000938,938,HVA-0004,2022-10-29,2,Damaged
132,SO0000938,938,FAS-0002,2022-10-30,1,Damaged
133,SO0000945,945,HVA-0006,2022-06-29,1,Damaged
134,SO0000954,954,FAS-0017,2023-08-07,6,Defective
135,SO0000971,971,FAS-0003,2024-07-15,13,Customer Changed Mind
136,SO0000974,974,PWR-0001,2022-04-28,1,Damaged
137,SO0000975,975,ELE-0020,2023-05-31,1,Damaged
138,SO0000976,976,HVA-0019,2024-10-01,5,Shipping Damage
139,SO0000985,985,PWR-0006,2022-10-01,4,Customer Changed Mind
140,SO0000989,989,HVA-0012,2021-03-06,4,Wrong Item
141,SO0000996,996,ELE-0013,2022-06-10,8,Shipping Damage
142,SO0000997,997,SAF-0009,2025-10-31,8,Damaged
143,SO0001002,1002,ELE-0020,2021-03-08,7,Wrong Item
144,SO0001003,1003,PWR-0007,2021-05-08,11,Shipping Damage
145,SO0001004,1004,FAS-0018,2024-11-15,4,Defective
146,SO0001014,1014,FAS-0013,2025-11-20,7,Damaged
147,SO0001021,1021,ELE-0003,2022-11-27,1,Wrong Item
148,SO0001025,1025,HVA-0008,2022-05-20,1,Damaged
149,SO0001027,1027,HVA-0008,2022-08-06,6,Defective
150,SO0001030,1030,SAF-0011,2023-09-21,3,Wrong Item
151,SO0001032,1032,FAS-0009,2024-08-21,1,Wrong Item
152,SO0001034,1034,PWR-0005,2024-12-18,2,Damaged
153,SO0001040,1040,SAF-0015,2021-05-14,5,Wrong Item
154,SO0001045,1045,ELE-0016,2022-07-04,5,Customer Changed Mind
155,SO0001056,1056,HVA-0013,2021-03-22,6,Wrong Item
156,SO0001069,1069,ELE-0012,2022-05-30,8,Shipping Damage
157,SO0001077,1077,PWR-0012,2021-02-25,13,Customer Changed Mind
158,SO0001083,1083,HVA-0022,2021-07-09,8,Defective
159,SO0001085,1085,FAS-0016,2025-02-18,6,Damaged
160,SO0001090,1090,ELE-0018,2023-05-03,17,Damaged
161,SO0001100,1100,ELE-0002,2025-02-23,1,Defective
162,SO0001103,1103,ELE-0020,2022-07-16,7,Wrong Item
163,SO0001108,1108,HVA-0026,2021-12-23,9,Defective
164,SO0001112,1112,ELE-0019,2022-10-13,10,Damaged
165,SO0001117,1117,FAS-0007,2022-10-12,2,Wrong Item
166,SO0001122,1122,ELE-0002,2025-07-23,4,Defective
167,SO0001127,1127,SAF-0006,2021-11-20,5,Defective
168,SO0001140,1140,FAS-0001,2025-09-18,1,Damaged
169,SO0001142,1142,HVA-0013,2023-11-21,6,Damaged
170,SO0001144,1144,FAS-0012,2024-09-01,3,Shipping Damage
171,SO0001145,1145,SAF-0016,2022-10-21,1,Shipping Damage
172,SO0001150,1150,FAS-0013,2021-09-15,1,Wrong Item
173,SO0001162,1162,PWR-0008,2025-02-08,3,Wrong Item
174,SO0001163,1163,FAS-0005,2024-04-25,12,Defective
175,SO0001165,1165,HVA-0021,2023-11-07,1,Defective
176,SO0001185,1185,FAS-0014,2025-08-14,6,Shipping Damage
177,SO0001187,1187,SAF-0004,2025-04-29,1,Damaged
178,SO0001192,1192,ELE-0007,2024-08-03,5,Wrong Item
179,SO0001200,1200,PWR-0007,2024-07-25,1,Wrong Item
180,SO0001206,1206,ELE-0019,2022-02-04,6,Defective
181,SO0001209,1209,ELE-0018,2022-11-12,14,Damaged
182,SO0001209,1209,PWR-0013,2022-11-20,6,Wrong Item
183,SO0001216,1216,SAF-0008,2024-09-26,7,Wrong Item
184,SO0001217,1217,SAF-0007,2023-09-24,4,Shipping Damage
185,SO0001218,1218,SAF-0006,2021-05-11,11,Defective
186,SO0001224,1224,HVA-0020,2023-03-06,2,Customer Changed Mind
187,SO0001224,1224,PWR-0010,2023-02-27,2,Wrong Item
188,SO0001236,1236,PWR-0007,2021-02-11,1,Damaged
189,SO0001246,1246,HVA-0020,2024-08-27,3,Shipping Damage
190,SO0001264,1264,HVA-0008,2022-04-27,13,Damaged
191,SO0001266,1266,HVA-0027,2025-05-13,1,Customer Changed Mind
192,SO0001270,1270,ELE-0015,2022-02-18,15,Defective
193,SO0001278,1278,HVA-0005,2023-08-26,1,Shipping Damage
194,SO0001281,1281,PWR-0004,2025-11-13,3,Customer Changed Mind
195,SO0001293,1293,HVA-0006,2025-02-05,3,Customer Changed Mind
196,SO0001297,1297,ELE-0021,2023-09-15,5,Customer Changed Mind
197,SO0001299,1299,FAS-0002,2021-09-08,8,Customer Changed Mind
198,SO0001300,1300,HVA-0015,2021-01-18,15,Customer Changed Mind
199,SO0001306,1306,FAS-0014,2024-04-19,1,Defective
200,SO0001314,1314,FAS-0015,2025-07-06,11,Customer Changed Mind
201,SO0001317,1317,ELE-0002,2025-04-17,2,Defective
202,SO0001321,1321,PWR-0014,2021-12-16,1,Defective
203,SO0001322,1322,PWR-0001,2022-01-31,7,Customer Changed Mind
204,SO0001326,1326,HVA-0024,2022-07-05,11,Defective
205,SO0001337,1337,HVA-0022,2024-04-20,8,Defective
206,SO0001341,1341,ELE-0008,2025-05-16,13,Shipping Damage
207,SO0001346,1346,SAF-0008,2022-09-25,3,Wrong Item
208,SO0001366,1366,ELE-0016,2024-12-07,1,Customer Changed Mind
209,SO0001367,1367,ELE-0023,2023-11-06,5,Damaged
210,SO0001370,1370,ELE-0003,2024-05-17,1,Shipping Damage
211,SO0001375,1375,HVA-0027,2025-03-15,4,Customer Changed Mind
212,SO0001395,1395,HVA-0015,2025-03-06,2,Defective
213,SO0001396,1396,HVA-0008,2022-10-26,13,Customer Changed Mind
214,SO0001399,1399,FAS-0011,2022-01-07,1,Wrong Item
215,SO0001424,1424,ELE-0023,2022-06-30,7,Damaged
216,SO0001425,1425,HVA-0023,2023-09-15,5,Shipping Damage
217,SO0001428,1428,HVA-0018,2023-12-25,10,Wrong Item
218,SO0001436,1436,HVA-0015,2022-04-01,2,Customer Changed Mind
219,SO0001438,1438,ELE-0003,2024-10-28,15,Damaged
220,SO0001446,1446,HVA-0022,2025-03-22,4,Damaged
221,SO0001449,1449,SAF-0010,2026-01-04,10,Damaged
222,SO0001449,1449,PWR-0011,2025-12-28,1,Wrong Item
223,SO0001462,1462,ELE-0022,2022-08-29,16,Shipping Damage
224,SO0001462,1462,PWR-0013,2022-08-16,7,Customer Changed Mind
225,SO0001470,1470,FAS-0005,2023-09-02,1,Shipping Damage
226,SO0001478,1478,ELE-0014,2023-02-13,8,Defective
227,SO0001481,1481,ELE-0001,2024-06-16,5,Defective
228,SO0001486,1486,HVA-0013,2021-04-20,3,Damaged
229,SO0001494,1494,PWR-0004,2024-12-26,8,Damaged
230,SO0001496,1496,HVA-0023,2025-09-23,1,Damaged
231,SO0001498,1498,HVA-0015,2021-08-03,2,Wrong Item
232,SO0001502,1502,SAF-0014,2024-06-24,6,Shipping Damage
233,SO0001503,1503,HVA-0004,2021-04-21,4,Shipping Damage
234,SO0001506,1506,ELE-0010,2025-08-14,2,Customer Changed Mind
235,SO0001507,1507,HVA-0023,2022-02-27,7,Defective
236,SO0001509,1509,SAF-0013,2021-06-28,1,Wrong Item
237,SO0001518,1518,SAF-0007,2021-03-10,1,Wrong Item
238,SO0001520,1520,ELE-0022,2022-04-25,6,Defective
239,SO0001521,1521,HVA-0028,2024-10-10,3,Customer Changed Mind
240,SO0001524,1524,SAF-0008,2025-10-13,7,Damaged
241,SO0001526,1526,FAS-0005,2024-05-21,1,Wrong Item
242,SO0001533,1533,ELE-0014,2025-10-11,14,Shipping Damage
243,SO0001558,1558,SAF-0009,2023-09-23,13,Customer Changed Mind
244,SO0001560,1560,ELE-0021,2021-04-09,3,Customer Changed Mind
245,SO0001562,1562,HVA-0002,2024-10-22,1,Damaged
246,SO0001577,1577,FAS-0018,2023-04-21,17,Defective
247,SO0001583,1583,HVA-0023,2023-02-20,3,Wrong Item
248,SO0001590,1590,ELE-0017,2023-04-20,5,Shipping Damage
249,SO0001593,1593,HVA-0004,2022-07-22,3,Customer Changed Mind
250,SO0001608,1608,HVA-0014,2023-04-19,6,Damaged
251,SO0001610,1610,HVA-0001,2023-08-07,11,Wrong Item
252,SO0001628,1628,HVA-0021,2025-12-26,1,Defective
253,SO0001629,1629,HVA-0001,2025-04-05,5,Wrong Item
254,SO0001661,1661,FAS-0017,2023-11-19,3,Customer Changed Mind
255,SO0001664,1664,SAF-0016,2023-01-21,1,Wrong Item
256,SO0001673,1673,ELE-0006,2022-05-11,5,Defective
257,SO0001678,1678,FAS-0008,2024-08-03,1,Customer Changed Mind
258,SO0001680,1680,ELE-0005,2022-10-01,5,Shipping Damage
259,SO0001682,1682,HVA-0019,2023-03-18,14,Damaged
260,SO0001689,1689,HVA-0001,2024-06-14,7,Shipping Damage
261,SO0001693,1693,PWR-0012,2024-04-09,5,Damaged
262,SO0001701,1701,HVA-0006,2022-02-12,4,Damaged
263,SO0001709,1709,SAF-0012,2022-02-03,4,Customer Changed Mind
264,SO0001714,1714,HVA-0018,2024-09-02,20,Shipping Damage
265,SO0001735,1735,FAS-0018,2021-05-13,4,Defective
266,SO0001750,1750,PWR-0012,2023-07-12,3,Shipping Damage
267,SO0001756,1756,SAF-0011,2021-10-20,12,Wrong Item
268,SO0001801,1801,HVA-0015,2023-12-14,15,Shipping Damage
269,SO0001804,1804,FAS-0003,2024-02-26,9,Damaged
270,SO0001804,1804,FAS-0009,2024-02-18,17,Customer Changed Mind
271,SO0001809,1809,HVA-0012,2023-12-03,1,Wrong Item
272,SO0001812,1812,ELE-0001,2021-09-12,15,Defective
273,SO0001843,1843,HVA-0023,2025-09-26,5,Customer Changed Mind
274,SO0001845,1845,SAF-0005,2025-01-03,1,Shipping Damage
275,SO0001848,1848,HVA-0006,2021-09-02,14,Wrong Item
276,SO0001853,1853,ELE-0001,2022-04-04,1,Wrong Item
277,SO0001853,1853,HVA-0024,2022-04-17,13,Wrong Item
278,SO0001855,1855,ELE-0008,2025-06-10,3,Shipping Damage
279,SO0001858,1858,ELE-0010,2024-02-21,3,Damaged
280,SO0001899,1899,ELE-0010,2024-06-18,4,Shipping Damage
281,SO0001916,1916,PWR-0004,2023-09-29,10,Wrong Item
282,SO0001927,1927,HVA-0009,2024-01-03,1,Shipping Damage
283,SO0001932,1932,HVA-0012,2023-11-11,12,Shipping Damage
284,SO0001936,1936,PWR-0010,2025-04-15,6,Damaged
285,SO0001942,1942,HVA-0006,2021-03-14,8,Defective
286,SO0001947,1947,ELE-0001,2021-06-15,2,Wrong Item
287,SO0001961,1961,FAS-0013,2023-07-04,2,Customer Changed Mind
288,SO0001970,1970,FAS-0012,2025-11-07,19,Wrong Item
289,SO0001974,1974,HVA-0021,2025-10-24,4,Shipping Damage
290,SO0001994,1994,SAF-0017,2023-08-01,7,Damaged
291,SO0001994,1994,ELE-0006,2023-07-31,13,Defective
292,SO0001995,1995,SAF-0008,2024-10-03,1,Damaged
293,SO0001996,1996,SAF-0017,2021-06-30,1,Shipping Damage
294,SO0002000,2000,SAF-0007,2022-02-17,4,Defective
295,SO0002010,2010,ELE-0021,2022-04-03,3,Defective
296,SO0002013,2013,HVA-0010,2021-06-09,4,Defective
297,SO0002016,2016,SAF-0013,2024-01-27,7,Wrong Item
298,SO0002026,2026,PWR-0014,2023-07-23,1,Customer Changed Mind
299,SO0002027,2027,FAS-0008,2025-12-16,13,Customer Changed Mind
300,SO0002034,2034,HVA-0001,2021-05-11,3,Shipping Damage
301,SO0002059,2059,PWR-0007,2023-11-01,2,Wrong Item
302,SO0002067,2067,HVA-0003,2025-10-02,1,Damaged
303,SO0002069,2069,HVA-0024,2024-06-26,7,Shipping Damage
304,SO0002090,2090,FAS-0004,2023-06-07,1,Shipping Damage
305,SO0002091,2091,ELE-0011,2022-11-03,13,Damaged
306,SO0002098,2098,ELE-0018,2022-10-05,11,Wrong Item
307,SO0002099,2099,PWR-0014,2021-12-04,2,Customer Changed Mind
308,SO0002104,2104,ELE-0006,2022-07-07,5,Wrong Item
309,SO0002107,2107,PWR-0013,2023-12-14,5,Wrong Item
310,SO0002135,2135,FAS-0010,2021-08-18,13,Wrong Item
311,SO0002140,2140,ELE-0007,2023-05-13,11,Damaged
312,SO0002151,2151,PWR-0004,2023-08-20,4,Defective
313,SO0002152,2152,ELE-0016,2024-02-24,2,Shipping Damage
314,SO0002164,2164,HVA-0018,2024-03-18,1,Wrong Item
315,SO0002172,2172,ELE-0014,2021-12-12,4,Defective
316,SO0002173,2173,HVA-0014,2023-04-20,3,Defective
317,SO0002183,2183,FAS-0015,2024-06-21,2,Damaged
318,SO0002185,2185,HVA-0002,2021-08-31,11,Shipping Damage
319,SO0002196,2196,HVA-0008,2024-12-01,6,Defective
320,SO0002198,2198,ELE-0018,2022-07-13,6,Wrong Item
321,SO0002211,2211,FAS-0005,2021-10-01,1,Damaged
322,SO0002221,2221,PWR-0009,2025-03-29,11,Shipping Damage
323,SO0002222,2222,FAS-0009,2025-10-14,1,Wrong Item
324,SO0002223,2223,SAF-0006,2025-02-08,6,Wrong Item
325,SO0002227,2227,FAS-0006,2021-04-02,12,Customer Changed Mind
326,SO0002230,2230,PWR-0013,2024-04-23,9,Shipping Damage
327,SO0002256,2256,HVA-0015,2024-11-04,1,Customer Changed Mind
328,SO0002274,2274,ELE-0012,2021-02-16,5,Wrong Item
329,SO0002286,2286,PWR-0013,2021-03-20,2,Customer Changed Mind
330,SO0002288,2288,ELE-0005,2021-06-14,4,Shipping Damage
331,SO0002299,2299,ELE-0003,2022-09-18,1,Defective
332,SO0002304,2304,SAF-0016,2022-04-30,9,Wrong Item
333,SO0002324,2324,ELE-0022,2025-10-26,1,Shipping Damage
334,SO0002345,2345,ELE-0007,2023-06-09,4,Customer Changed Mind
335,SO0002353,2353,ELE-0009,2024-08-26,9,Customer Changed Mind
336,SO0002360,2360,FAS-0014,2025-06-30,4,Defective
337,SO0002375,2375,HVA-0021,2024-04-12,8,Shipping Damage
338,SO0002385,2385,SAF-0003,2025-02-18,10,Customer Changed Mind
339,SO0002387,2387,SAF-0002,2025-09-15,1,Damaged
340,SO0002393,2393,ELE-0004,2022-01-16,16,Customer Changed Mind
341,SO0002408,2408,ELE-0017,2023-10-22,5,Damaged
342,SO0002422,2422,ELE-0004,2024-08-15,4,Customer Changed Mind
343,SO0002429,2429,HVA-0004,2022-01-30,2,Customer Changed Mind
344,SO0002433,2433,SAF-0002,2024-05-04,2,Shipping Damage
345,SO0002437,2437,HVA-0018,2022-08-11,5,Shipping Damage
346,SO0002442,2442,PWR-0004,2023-01-07,3,Customer Changed Mind
347,SO0002444,2444,FAS-0017,2021-09-28,9,Damaged
348,SO0002456,2456,HVA-0007,2023-03-26,18,Customer Changed Mind
349,SO0002460,2460,PWR-0008,2025-01-22,6,Customer Changed Mind
350,SO0002473,2473,ELE-0022,2022-12-17,2,Wrong Item
351,SO0002476,2476,SAF-0003,2022-04-05,1,Damaged
352,SO0002501,2501,HVA-0017,2025-06-29,1,Defective
353,SO0002508,2508,SAF-0015,2022-05-03,1,Defective
354,SO0002513,2513,ELE-0008,2025-05-13,2,Shipping Damage
355,SO0002538,2538,SAF-0007,2024-07-20,4,Customer Changed Mind
356,SO0002543,2543,FAS-0011,2025-11-21,3,Defective
357,SO0002544,2544,SAF-0012,2021-12-19,4,Wrong Item
358,SO0002544,2544,ELE-0020,2021-12-14,7,Customer Changed Mind
359,SO0002551,2551,PWR-0007,2022-11-02,15,Customer Changed Mind
360,SO0002575,2575,FAS-0002,2022-01-25,1,Shipping Damage
361,SO0002578,2578,PWR-0003,2023-11-20,7,Defective
362,SO0002578,2578,FAS-0013,2023-11-13,1,Shipping Damage
363,SO0002586,2586,HVA-0008,2025-08-22,1,Defective
364,SO0002587,2587,ELE-0002,2025-01-23,1,Shipping Damage
365,SO0002595,2595,SAF-0009,2025-06-20,1,Shipping Damage
366,SO0002598,2598,PWR-0002,2022-04-03,14,Defective
367,SO0002602,2602,HVA-0006,2023-05-30,1,Damaged
368,SO0002617,2617,HVA-0013,2025-10-14,11,Wrong Item
369,SO0002625,2625,ELE-0019,2022-03-05,5,Shipping Damage
370,SO0002625,2625,ELE-0022,2022-03-01,7,Shipping Damage
371,SO0002638,2638,PWR-0008,2022-05-20,4,Wrong Item
372,SO0002650,2650,HVA-0013,2025-12-02,5,Shipping Damage
373,SO0002653,2653,FAS-0002,2023-08-14,13,Customer Changed Mind
374,SO0002655,2655,FAS-0011,2021-04-19,9,Defective
375,SO0002666,2666,HVA-0022,2023-05-29,3,Shipping Damage
376,SO0002667,2667,HVA-0021,2022-09-29,2,Defective
377,SO0002668,2668,ELE-0003,2023-02-27,1,Defective
378,SO0002678,2678,HVA-0005,2021-04-26,7,Customer Changed Mind
379,SO0002680,2680,SAF-0003,2021-07-08,1,Damaged
380,SO0002686,2686,ELE-0014,2024-01-29,1,Shipping Damage
381,SO0002690,2690,ELE-0012,2025-09-12,14,Customer Changed Mind
382,SO0002690,2690,FAS-0009,2025-09-02,1,Defective
383,SO0002705,2705,HVA-0028,2023-12-29,7,Defective
384,SO0002712,2712,ELE-0014,2023-12-18,2,Damaged
385,SO0002718,2718,HVA-0016,2025-01-31,6,Customer Changed Mind
386,SO0002720,2720,HVA-0015,2025-12-29,11,Defective
387,SO0002721,2721,FAS-0008,2021-02-15,2,Customer Changed Mind
388,SO0002725,2725,FAS-0004,2022-03-17,1,Wrong Item
389,SO0002729,2729,PWR-0012,2024-04-29,15,Customer Changed Mind
390,SO0002736,2736,HVA-0026,2022-03-28,5,Wrong Item
391,SO0002754,2754,HVA-0012,2021-02-26,3,Shipping Damage
392,SO0002768,2768,SAF-0001,2025-08-01,9,Customer Changed Mind
393,SO0002768,2768,FAS-0012,2025-08-25,9,Damaged
394,SO0002769,2769,FAS-0002,2021-05-27,1,Defective
395,SO0002773,2773,SAF-0007,2026-01-18,6,Wrong Item
396,SO0002781,2781,FAS-0011,2022-11-30,6,Damaged
397,SO0002787,2787,ELE-0006,2025-09-17,5,Damaged
398,SO0002791,2791,SAF-0013,2021-03-11,3,Damaged
399,SO0002794,2794,ELE-0014,2025-07-02,1,Damaged
400,SO0002797,2797,ELE-0003,2025-01-23,1,Defective
401,SO0002812,2812,FAS-0004,2022-08-23,2,Wrong Item
402,SO0002816,2816,FAS-0018,2022-01-28,1,Customer Changed Mind
403,SO0002819,2819,FAS-0001,2025-11-02,4,Customer Changed Mind
404,SO0002820,2820,ELE-0010,2023-06-19,2,Customer Changed Mind
405,SO0002830,2830,ELE-0002,2025-09-05,1,Customer Changed Mind
406,SO0002838,2838,FAS-0013,2023-09-05,3,Customer Changed Mind
407,SO0002840,2840,PWR-0004,2025-02-10,11,Damaged
408,SO0002849,2849,PWR-0004,2024-05-19,6,Damaged
409,SO0002873,2873,HVA-0021,2025-01-24,2,Customer Changed Mind
410,SO0002876,2876,HVA-0018,2021-04-07,11,Customer Changed Mind
411,SO0002878,2878,ELE-0011,2025-08-14,2,Customer Changed Mind
412,SO0002898,2898,ELE-0002,2025-09-29,14,Shipping Damage
413,SO0002899,2899,FAS-0008,2021-04-15,1,Damaged
414,SO0002916,2916,ELE-0001,2024-09-12,6,Wrong Item
415,SO0002916,2916,HVA-0027,2024-09-04,1,Customer Changed Mind
416,SO0002923,2923,HVA-0013,2023-01-01,1,Damaged
417,SO0002926,2926,PWR-0012,2021-09-06,5,Damaged
418,SO0002928,2928,HVA-0001,2022-09-23,9,Damaged
419,SO0002929,2929,PWR-0014,2022-05-30,5,Shipping Damage
420,SO0002936,2936,PWR-0006,2023-10-05,11,Wrong Item
421,SO0002937,2937,PWR-0004,2024-05-26,1,Defective
422,SO0002940,2940,FAS-0007,2025-11-12,12,Wrong Item
423,SO0002944,2944,HVA-0019,2023-05-06,1,Wrong Item
424,SO0002960,2960,PWR-0007,2024-02-03,1,Shipping Damage
425,SO0002970,2970,ELE-0017,2024-01-22,3,Defective
426,SO0002979,2979,ELE-0014,2023-03-24,1,Defective
427,SO0002979,2979,SAF-0011,2023-03-10,5,Damaged
428,SO0002988,2988,ELE-0016,2021-12-31,8,Damaged
429,SO0002991,2991,FAS-0015,2025-10-07,2,Defective
430,SO0002996,2996,HVA-0010,2023-05-24,1,Defective
431,SO0002998,2998,ELE-0008,2024-05-31,11,Damaged
432,SO0003013,3013,ELE-0006,2021-11-23,1,Wrong Item
433,SO0003020,3020,ELE-0008,2022-07-26,1,Customer Changed Mind
434,SO0003030,3030,ELE-0009,2023-01-11,1,Customer Changed Mind
435,SO0003034,3034,HVA-0005,2025-09-22,16,Customer Changed Mind
436,SO0003040,3040,ELE-0003,2021-11-29,1,Defective
437,SO0003060,3060,FAS-0008,2022-09-03,12,Shipping Damage
438,SO0003064,3064,HVA-0021,2024-01-12,8,Damaged
439,SO0003066,3066,SAF-0004,2023-12-12,5,Wrong Item
440,SO0003068,3068,SAF-0013,2022-09-07,9,Customer Changed Mind
441,SO0003090,3090,ELE-0017,2022-02-15,3,Shipping Damage
442,SO0003090,3090,ELE-0006,2022-02-15,5,Shipping Damage
443,SO0003094,3094,ELE-0009,2023-08-11,11,Damaged
444,SO0003098,3098,PWR-0008,2022-03-16,12,Shipping Damage
445,SO0003114,3114,HVA-0019,2021-11-09,11,Defective
446,SO0003122,3122,HVA-0010,2022-09-08,2,Shipping Damage
447,SO0003136,3136,HVA-0024,2023-10-28,5,Wrong Item
448,SO0003146,3146,PWR-0010,2021-04-10,8,Customer Changed Mind
449,SO0003151,3151,PWR-0001,2021-11-17,12,Damaged
450,SO0003154,3154,PWR-0009,2024-08-22,6,Shipping Damage
451,SO0003159,3159,HVA-0016,2023-06-07,1,Damaged
452,SO0003159,3159,FAS-0001,2023-06-07,14,Damaged
453,SO0003173,3173,HVA-0004,2024-04-12,3,Customer Changed Mind
454,SO0003176,3176,HVA-0006,2022-12-08,7,Wrong Item
455,SO0003177,3177,ELE-0023,2024-12-26,2,Defective
456,SO0003180,3180,HVA-0028,2021-01-29,5,Shipping Damage
457,SO0003204,3204,SAF-0009,2022-03-29,10,Defective
458,SO0003205,3205,HVA-0020,2022-07-29,5,Shipping Damage
459,SO0003215,3215,PWR-0001,2024-12-31,1,Shipping Damage
460,SO0003219,3219,HVA-0013,2021-11-25,16,Defective
461,SO0003226,3226,HVA-0011,2023-12-12,2,Damaged
462,SO0003242,3242,ELE-0023,2025-11-21,4,Customer Changed Mind
463,SO0003244,3244,FAS-0005,2022-12-16,1,Wrong Item
464,SO0003247,3247,PWR-0008,2021-12-16,2,Shipping Damage
465,SO0003253,3253,SAF-0005,2022-02-01,5,Damaged
466,SO0003255,3255,HVA-0026,2024-05-01,13,Shipping Damage
467,SO0003267,3267,PWR-0006,2023-08-06,3,Defective
468,SO0003270,3270,FAS-0014,2021-04-22,3,Shipping Damage
469,SO0003271,3271,SAF-0001,2023-12-12,4,Shipping Damage
470,SO0003275,3275,HVA-0005,2024-07-26,3,Wrong Item
471,SO0003275,3275,FAS-0005,2024-07-21,13,Wrong Item
472,SO0003276,3276,SAF-0008,2021-06-02,15,Wrong Item
473,SO0003277,3277,HVA-0021,2022-04-25,1,Damaged
474,SO0003286,3286,FAS-0008,2023-02-10,2,Customer Changed Mind
475,SO0003294,3294,SAF-0017,2024-04-30,9,Damaged
476,SO0003299,3299,HVA-0005,2025-05-03,2,Shipping Damage
477,SO0003312,3312,PWR-0010,2025-12-29,3,Defective
478,SO0003320,3320,HVA-0020,2021-09-10,1,Defective
479,SO0003326,3326,SAF-0005,2023-09-17,11,Defective
480,SO0003326,3326,SAF-0017,2023-08-22,2,Wrong Item
481,SO0003331,3331,PWR-0012,2021-05-06,1,Defective
482,SO0003335,3335,ELE-0018,2024-07-29,2,Customer Changed Mind
483,SO0003343,3343,SAF-0006,2022-05-10,4,Defective
484,SO0003349,3349,SAF-0012,2022-12-01,10,Damaged
485,SO0003353,3353,HVA-0015,2022-06-20,3,Damaged
486,SO0003355,3355,HVA-0013,2023-05-22,1,Damaged
487,SO0003378,3378,HVA-0027,2025-12-14,11,Wrong Item
488,SO0003381,3381,PWR-0001,2023-06-13,12,Defective
489,SO0003382,3382,ELE-0022,2022-12-22,1,Shipping Damage
490,SO0003395,3395,HVA-0001,2026-01-27,1,Customer Changed Mind
491,SO0003411,3411,HVA-0012,2024-09-25,2,Defective
492,SO0003416,3416,SAF-0002,2024-08-09,10,Damaged
493,SO0003418,3418,ELE-0002,2024-03-05,1,Defective
494,SO0003419,3419,SAF-0012,2024-05-14,8,Shipping Damage
495,SO0003434,3434,FAS-0012,2022-03-13,1,Defective
496,SO0003449,3449,PWR-0005,2025-06-14,19,Customer Changed Mind
497,SO0003451,3451,PWR-0009,2021-03-20,1,Shipping Damage
498,SO0003456,3456,FAS-0012,2023-02-21,8,Shipping Damage
499,SO0003461,3461,SAF-0010,2021-12-22,8,Wrong Item
500,SO0003463,3463,HVA-0010,2024-05-20,2,Defective
501,SO0003464,3464,PWR-0007,2022-11-17,5,Shipping Damage
502,SO0003468,3468,ELE-0007,2025-04-13,7,Defective
503,SO0003470,3470,FAS-0010,2023-04-17,2,Customer Changed Mind
504,SO0003472,3472,HVA-0005,2023-05-01,10,Shipping Damage
505,SO0003474,3474,FAS-0008,2023-05-27,10,Wrong Item
506,SO0003477,3477,PWR-0010,2023-10-23,1,Damaged
507,SO0003479,3479,HVA-0010,2024-12-19,3,Shipping Damage
508,SO0003483,3483,FAS-0003,2023-08-26,2,Defective
509,SO0003484,3484,SAF-0004,2022-12-29,3,Wrong Item
510,SO0003489,3489,SAF-0015,2022-04-30,5,Wrong Item
511,SO0003497,3497,ELE-0019,2021-06-23,9,Defective
512,SO0003497,3497,FAS-0006,2021-06-07,7,Defective
513,SO0003503,3503,ELE-0022,2025-10-05,11,Wrong Item
514,SO0003504,3504,FAS-0014,2021-06-18,4,Customer Changed Mind
515,SO0003524,3524,FAS-0003,2021-12-30,5,Damaged
516,SO0003527,3527,HVA-0004,2025-02-27,3,Wrong Item
517,SO0003547,3547,ELE-0017,2024-03-21,1,Damaged
518,SO0003548,3548,PWR-0003,2021-10-14,4,Damaged
519,SO0003556,3556,ELE-0008,2025-04-16,4,Shipping Damage
520,SO0003564,3564,HVA-0015,2024-02-10,2,Shipping Damage
521,SO0003566,3566,FAS-0017,2021-04-26,3,Customer Changed Mind
522,SO0003568,3568,SAF-0017,2024-02-22,3,Damaged
523,SO0003581,3581,PWR-0005,2025-01-31,1,Damaged
524,SO0003592,3592,SAF-0016,2022-02-15,5,Damaged
525,SO0003600,3600,HVA-0013,2021-06-03,5,Defective
526,SO0003603,3603,FAS-0011,2024-08-09,14,Customer Changed Mind
527,SO0003604,3604,SAF-0016,2022-05-25,2,Defective
528,SO0003612,3612,ELE-0013,2024-05-04,4,Wrong Item
529,SO0003613,3613,FAS-0003,2021-05-28,1,Wrong Item
530,SO0003615,3615,HVA-0014,2022-06-25,7,Shipping Damage
531,SO0003622,3622,HVA-0014,2024-08-18,3,Customer Changed Mind
532,SO0003630,3630,HVA-0027,2021-08-15,15,Customer Changed Mind
533,SO0003631,3631,HVA-0016,2024-01-24,7,Damaged
534,SO0003633,3633,SAF-0010,2022-11-07,7,Defective
535,SO0003635,3635,SAF-0016,2022-05-15,11,Damaged
536,SO0003637,3637,SAF-0006,2022-11-20,2,Defective
537,SO0003653,3653,HVA-0012,2021-08-12,1,Customer Changed Mind
538,SO0003653,3653,HVA-0025,2021-07-18,9,Shipping Damage
539,SO0003653,3653,SAF-0001,2021-07-22,4,Defective
540,SO0003662,3662,FAS-0018,2022-03-15,7,Defective
541,SO0003669,3669,FAS-0016,2022-04-13,1,Defective
542,SO0003676,3676,FAS-0005,2022-10-10,6,Wrong Item
543,SO0003688,3688,HVA-0014,2026-01-20,5,Customer Changed Mind
544,SO0003718,3718,HVA-0026,2023-04-12,7,Wrong Item
545,SO0003727,3727,ELE-0008,2021-04-12,7,Defective
546,SO0003736,3736,HVA-0024,2022-08-10,3,Damaged
547,SO0003752,3752,SAF-0003,2024-06-22,5,Customer Changed Mind
548,SO0003766,3766,HVA-0017,2021-07-29,16,Wrong Item
549,SO0003768,3768,ELE-0014,2025-05-12,7,Wrong Item
550,SO0003775,3775,PWR-0013,2023-01-05,4,Shipping Damage
551,SO0003783,3783,HVA-0006,2025-05-17,8,Defective
552,SO0003786,3786,ELE-0015,2021-08-26,5,Shipping Damage
553,SO0003787,3787,HVA-0015,2021-04-28,5,Wrong Item
554,SO0003789,3789,PWR-0013,2025-11-14,11,Defective
555,SO0003814,3814,PWR-0004,2021-09-15,9,Wrong Item
556,SO0003826,3826,ELE-0011,2024-01-13,1,Customer Changed Mind
557,SO0003838,3838,FAS-0011,2023-03-28,1,Customer Changed Mind
558,SO0003839,3839,HVA-0015,2024-05-29,5,Customer Changed Mind
559,SO0003843,3843,FAS-0012,2023-08-13,18,Shipping Damage
560,SO0003860,3860,PWR-0004,2022-12-14,1,Shipping Damage
561,SO0003867,3867,FAS-0017,2022-08-21,4,Damaged
562,SO0003872,3872,HVA-0025,2021-12-28,4,Defective
563,SO0003877,3877,FAS-0004,2025-12-28,7,Wrong Item
564,SO0003883,3883,ELE-0005,2025-01-25,2,Customer Changed Mind
565,SO0003883,3883,ELE-0017,2025-01-06,12,Customer Changed Mind
566,SO0003886,3886,HVA-0011,2024-09-08,12,Shipping Damage
567,SO0003905,3905,PWR-0006,2021-08-06,5,Customer Changed Mind
568,SO0003905,3905,HVA-0010,2021-07-22,1,Defective
569,SO0003908,3908,SAF-0002,2026-01-03,4,Damaged
570,SO0003910,3910,ELE-0010,2022-09-24,1,Shipping Damage
571,SO0003918,3918,HVA-0015,2021-08-17,1,Damaged
572,SO0003930,3930,HVA-0020,2025-11-06,10,Wrong Item
573,SO0003930,3930,ELE-0022,2025-10-30,5,Damaged
574,SO0003931,3931,HVA-0020,2023-10-30,1,Customer Changed Mind
575,SO0003936,3936,FAS-0016,2025-03-30,3,Defective
576,SO0003936,3936,ELE-0017,2025-03-29,3,Customer Changed Mind
577,SO0003938,3938,PWR-0009,2023-07-09,4,Damaged
578,SO0003939,3939,SAF-0014,2024-06-14,17,Customer Changed Mind
579,SO0003944,3944,ELE-0013,2021-01-21,10,Wrong Item
580,SO0003975,3975,FAS-0006,2025-06-02,10,Shipping Damage
581,SO0003978,3978,FAS-0007,2025-05-19,14,Customer Changed Mind
582,SO0003985,3985,PWR-0004,2023-02-02,1,Damaged
583,SO0003989,3989,ELE-0001,2022-04-04,1,Defective
584,SO0003993,3993,ELE-0012,2023-10-29,9,Customer Changed Mind
585,SO0004003,4003,HVA-0019,2023-06-21,12,Shipping Damage
586,SO0004007,4007,HVA-0014,2022-04-17,4,Customer Changed Mind
587,SO0004020,4020,HVA-0022,2025-01-22,11,Damaged
588,SO0004024,4024,SAF-0012,2023-04-21,11,Damaged
589,SO0004032,4032,SAF-0016,2024-01-19,17,Wrong Item
590,SO0004052,4052,HVA-0024,2023-06-25,9,Wrong Item
591,SO0004052,4052,FAS-0007,2023-07-03,5,Shipping Damage
592,SO0004062,4062,ELE-0022,2025-02-14,4,Defective
593,SO0004068,4068,HVA-0002,2025-02-06,4,Customer Changed Mind
594,SO0004068,4068,ELE-0020,2025-01-14,14,Wrong Item
595,SO0004071,4071,FAS-0008,2025-04-11,3,Customer Changed Mind
596,SO0004075,4075,HVA-0010,2023-03-03,4,Damaged
597,SO0004077,4077,ELE-0008,2025-11-16,6,Damaged
598,SO0004080,4080,HVA-0020,2025-07-08,4,Damaged
599,SO0004088,4088,FAS-0015,2025-12-21,7,Damaged
600,SO0004089,4089,SAF-0004,2022-12-17,16,Damaged
601,SO0004092,4092,SAF-0015,2023-08-13,9,Customer Changed Mind
602,SO0004098,4098,ELE-0013,2021-03-16,3,Shipping Damage
603,SO0004104,4104,ELE-0004,2025-09-20,10,Wrong Item
604,SO0004107,4107,HVA-0005,2023-12-11,9,Shipping Damage
605,SO0004111,4111,FAS-0018,2022-05-28,2,Damaged
606,SO0004112,4112,FAS-0012,2023-09-21,2,Defective
607,SO0004131,4131,SAF-0007,2024-09-22,8,Shipping Damage
608,SO0004133,4133,SAF-0008,2022-01-14,5,Customer Changed Mind
609,SO0004144,4144,HVA-0020,2023-07-10,1,Customer Changed Mind
610,SO0004145,4145,SAF-0013,2024-05-26,4,Customer Changed Mind
611,SO0004157,4157,SAF-0017,2022-02-27,2,Shipping Damage
612,SO0004164,4164,ELE-0007,2025-09-11,11,Customer Changed Mind
613,SO0004166,4166,HVA-0015,2021-08-25,1,Defective
614,SO0004167,4167,HVA-0007,2022-05-14,11,Customer Changed Mind
615,SO0004179,4179,SAF-0016,2021-04-13,3,Defective
616,SO0004180,4180,HVA-0012,2024-12-26,11,Damaged
617,SO0004187,4187,FAS-0017,2022-04-19,11,Wrong Item
618,SO0004210,4210,FAS-0001,2024-08-06,5,Wrong Item
619,SO0004211,4211,FAS-0002,2024-05-01,2,Shipping Damage
620,SO0004212,4212,PWR-0014,2023-02-01,5,Customer Changed Mind
621,SO0004218,4218,PWR-0008,2021-07-18,1,Customer Changed Mind
622,SO0004223,4223,PWR-0004,2021-06-30,3,Damaged
623,SO0004227,4227,HVA-0024,2021-02-26,6,Shipping Damage
624,SO0004231,4231,PWR-0011,2024-08-27,8,Defective
625,SO0004231,4231,ELE-0012,2024-09-07,1,Wrong Item
626,SO0004235,4235,SAF-0005,2023-02-08,7,Wrong Item
627,SO0004238,4238,PWR-0006,2025-03-22,4,Defective
628,SO0004238,4238,SAF-0004,2025-04-10,15,Defective
629,SO0004245,4245,FAS-0008,2021-04-20,3,Damaged
630,SO0004254,4254,SAF-0004,2026-01-15,1,Shipping Damage
631,SO0004266,4266,SAF-0004,2025-06-25,14,Wrong Item
632,SO0004266,4266,PWR-0012,2025-06-22,3,Customer Changed Mind
633,SO0004268,4268,HVA-0007,2023-10-06,5,Shipping Damage
634,SO0004271,4271,HVA-0003,2023-04-09,8,Customer Changed Mind
635,SO0004274,4274,HVA-0013,2025-07-10,2,Wrong Item
636,SO0004276,4276,ELE-0009,2022-01-24,4,Shipping Damage
637,SO0004281,4281,SAF-0001,2022-08-22,3,Damaged
638,SO0004290,4290,PWR-0013,2021-08-25,2,Damaged
639,SO0004296,4296,FAS-0007,2025-10-05,5,Damaged
640,SO0004298,4298,HVA-0004,2023-04-03,5,Wrong Item
641,SO0004308,4308,ELE-0014,2023-08-11,4,Defective
642,SO0004308,4308,ELE-0022,2023-08-10,16,Wrong Item
643,SO0004312,4312,SAF-0008,2022-07-23,12,Customer Changed Mind
644,SO0004312,4312,HVA-0024,2022-07-10,1,Shipping Damage
645,SO0004312,4312,SAF-0005,2022-07-14,9,Damaged
646,SO0004314,4314,ELE-0014,2023-05-02,12,Defective
647,SO0004317,4317,PWR-0011,2023-11-18,11,Defective
648,SO0004323,4323,SAF-0004,2021-02-18,10,Defective
649,SO0004325,4325,FAS-0002,2025-06-06,1,Defective
650,SO0004344,4344,HVA-0019,2021-08-08,11,Wrong Item
651,SO0004345,4345,FAS-0013,2024-05-03,1,Defective
652,SO0004345,4345,HVA-0021,2024-05-10,9,Defective
653,SO0004348,4348,ELE-0010,2024-12-14,1,Damaged
654,SO0004350,4350,HVA-0002,2021-04-20,3,Damaged
655,SO0004365,4365,FAS-0001,2025-08-29,8,Wrong Item
656,SO0004378,4378,HVA-0010,2023-07-31,8,Damaged
657,SO0004379,4379,SAF-0005,2024-04-08,1,Defective
658,SO0004382,4382,ELE-0006,2025-08-04,6,Customer Changed Mind
659,SO0004404,4404,FAS-0010,2023-01-31,1,Damaged
660,SO0004409,4409,HVA-0008,2024-11-02,8,Shipping Damage
661,SO0004409,4409,SAF-0001,2024-11-19,2,Defective
662,SO0004413,4413,ELE-0004,2023-12-30,7,Customer Changed Mind
663,SO0004418,4418,SAF-0003,2022-02-26,4,Customer Changed Mind
664,SO0004424,4424,HVA-0004,2023-04-23,5,Wrong Item
665,SO0004431,4431,ELE-0005,2025-08-13,13,Shipping Damage
666,SO0004446,4446,FAS-0002,2024-02-10,3,Damaged
667,SO0004453,4453,ELE-0014,2023-02-15,3,Defective
668,SO0004455,4455,FAS-0013,2021-11-08,4,Wrong Item
669,SO0004464,4464,SAF-0008,2022-02-22,6,Shipping Damage
670,SO0004467,4467,HVA-0021,2023-02-07,20,Defective
671,SO0004472,4472,HVA-0004,2022-11-21,1,Wrong Item
672,SO0004476,4476,SAF-0013,2022-10-14,5,Wrong Item
673,SO0004483,4483,HVA-0002,2021-05-17,4,Wrong Item
674,SO0004497,4497,FAS-0016,2025-06-26,9,Customer Changed Mind
675,SO0004502,4502,ELE-0012,2024-12-05,10,Defective
676,SO0004503,4503,FAS-0005,2023-05-09,14,Wrong Item
677,SO0004517,4517,ELE-0011,2021-03-24,1,Customer Changed Mind
678,SO0004519,4519,SAF-0014,2022-06-08,1,Wrong Item
679,SO0004520,4520,HVA-0009,2024-07-27,1,Damaged
680,SO0004521,4521,ELE-0018,2023-04-20,1,Defective
681,SO0004522,4522,HVA-0014,2025-03-17,5,Customer Changed Mind
682,SO0004524,4524,SAF-0006,2023-02-22,5,Shipping Damage
683,SO0004536,4536,HVA-0006,2021-05-13,6,Shipping Damage
684,SO0004543,4543,HVA-0025,2023-12-31,1,Customer Changed Mind
685,SO0004550,4550,HVA-0021,2025-12-07,5,Damaged
686,SO0004559,4559,ELE-0008,2024-09-28,1,Shipping Damage
687,SO0004583,4583,SAF-0007,2022-04-22,5,Damaged
688,SO0004591,4591,PWR-0007,2025-07-29,2,Defective
689,SO0004595,4595,HVA-0022,2021-09-22,10,Defective
690,SO0004597,4597,PWR-0006,2023-06-27,8,Wrong Item
691,SO0004603,4603,FAS-0015,2023-03-26,1,Damaged
692,SO0004610,4610,HVA-0017,2025-08-05,5,Wrong Item
693,SO0004626,4626,ELE-0001,2023-09-18,6,Customer Changed Mind
694,SO0004652,4652,SAF-0005,2025-07-11,3,Damaged
695,SO0004670,4670,SAF-0017,2022-06-30,8,Defective
696,SO0004681,4681,SAF-0016,2022-05-31,2,Wrong Item
697,SO0004691,4691,PWR-0004,2022-07-12,3,Damaged
698,SO0004693,4693,HVA-0027,2021-07-06,1,Defective
699,SO0004695,4695,ELE-0004,2023-12-31,16,Customer Changed Mind
700,SO0004700,4700,HVA-0011,2021-04-01,6,Customer Changed Mind
701,SO0004706,4706,HVA-0026,2024-06-05,11,Defective
702,SO0004709,4709,ELE-0001,2023-06-13,2,Damaged
703,SO0004714,4714,PWR-0012,2023-09-09,3,Shipping Damage
704,SO0004730,4730,SAF-0017,2024-01-05,2,Defective
705,SO0004734,4734,SAF-0003,2022-06-19,19,Customer Changed Mind
706,SO0004741,4741,ELE-0010,2024-12-14,10,Shipping Damage
707,SO0004746,4746,HVA-0028,2024-03-30,9,Shipping Damage
708,SO0004752,4752,HVA-0022,2022-10-26,4,Customer Changed Mind
709,SO0004759,4759,ELE-0021,2022-10-29,3,Wrong Item
710,SO0004766,4766,HVA-0003,2021-04-22,7,Wrong Item
711,SO0004780,4780,SAF-0017,2022-11-28,9,Customer Changed Mind
712,SO0004788,4788,SAF-0015,2024-10-09,2,Customer Changed Mind
713,SO0004800,4800,ELE-0011,2021-06-02,1,Wrong Item
714,SO0004801,4801,FAS-0017,2021-08-04,13,Defective
715,SO0004806,4806,SAF-0015,2022-03-09,4,Defective
716,SO0004807,4807,HVA-0014,2021-11-06,6,Defective
717,SO0004807,4807,FAS-0012,2021-11-17,2,Customer Changed Mind
718,SO0004808,4808,SAF-0015,2024-10-19,3,Customer Changed Mind
719,SO0004829,4829,SAF-0015,2025-06-15,1,Wrong Item
720,SO0004840,4840,FAS-0004,2022-07-19,4,Wrong Item
721,SO0004844,4844,SAF-0001,2024-06-10,2,Customer Changed Mind
722,SO0004844,4844,HVA-0023,2024-06-20,4,Customer Changed Mind
723,SO0004850,4850,ELE-0012,2021-03-31,11,Customer Changed Mind
724,SO0004851,4851,FAS-0009,2021-05-07,5,Defective
725,SO0004865,4865,FAS-0015,2023-11-14,4,Shipping Damage
726,SO0004884,4884,PWR-0001,2021-04-04,3,Shipping Damage
727,SO0004884,4884,SAF-0003,2021-03-13,2,Wrong Item
728,SO0004889,4889,SAF-0011,2022-08-14,5,Wrong Item
729,SO0004891,4891,PWR-0008,2025-01-20,10,Customer Changed Mind
730,SO0004892,4892,ELE-0012,2024-06-29,1,Wrong Item
731,SO0004896,4896,HVA-0006,2024-08-03,19,Damaged
732,SO0004911,4911,HVA-0026,2025-02-10,3,Defective
733,SO0004922,4922,HVA-0014,2024-05-03,8,Customer Changed Mind
734,SO0004932,4932,HVA-0018,2021-02-03,5,Wrong Item
735,SO0004941,4941,PWR-0012,2022-11-06,7,Defective
736,SO0004961,4961,SAF-0002,2021-01-20,17,Defective
737,SO0004963,4963,HVA-0011,2022-08-01,10,Defective
738,SO0004965,4965,SAF-0012,2023-09-09,3,Shipping Damage
739,SO0004971,4971,HVA-0016,2021-09-07,7,Shipping Damage
740,SO0004973,4973,PWR-0008,2021-09-05,10,Shipping Damage
741,SO0004987,4987,PWR-0011,2024-07-04,9,Shipping Damage
742,SO0004997,4997,HVA-0004,2024-01-18,6,Defective
743,SO0004998,4998,PWR-0013,2023-05-16,5,Defective
744,SO0005007,5007,SAF-0006,2025-07-23,2,Customer Changed Mind
745,SO0005021,5021,SAF-0012,2022-03-15,8,Damaged
746,SO0005048,5048,PWR-0005,2024-03-05,4,Defective
747,SO0005075,5075,HVA-0026,2021-09-10,10,Wrong Item
748,SO0005084,5084,HVA-0014,2022-01-02,5,Wrong Item
749,SO0005110,5110,ELE-0010,2022-04-14,11,Defective
750,SO0005116,5116,HVA-0003,2022-09-14,2,Wrong Item
751,SO0005118,5118,PWR-0004,2024-07-12,6,Shipping Damage
752,SO0005118,5118,SAF-0007,2024-08-06,3,Defective
753,SO0005132,5132,HVA-0025,2023-03-27,4,Wrong Item
754,SO0005137,5137,PWR-0005,2024-05-03,12,Shipping Damage
755,SO0005142,5142,ELE-0021,2023-07-28,7,Defective
756,SO0005144,5144,PWR-0010,2024-12-02,15,Defective
757,SO0005166,5166,SAF-0003,2024-08-26,1,Defective
758,SO0005168,5168,FAS-0011,2024-08-13,1,Damaged
759,SO0005170,5170,SAF-0017,2024-10-19,1,Wrong Item
760,SO0005194,5194,SAF-0004,2024-02-08,2,Shipping Damage
761,SO0005198,5198,PWR-0011,2023-02-21,16,Customer Changed Mind
762,SO0005204,5204,ELE-0009,2021-11-10,3,Defective
763,SO0005211,5211,SAF-0004,2025-03-25,4,Defective
764,SO0005220,5220,PWR-0009,2025-09-08,6,Damaged
765,SO0005222,5222,HVA-0008,2022-12-18,4,Wrong Item
766,SO0005227,5227,HVA-0013,2024-09-10,6,Damaged
767,SO0005232,5232,FAS-0001,2023-11-07,3,Damaged
768,SO0005244,5244,ELE-0018,2025-05-15,1,Damaged
769,SO0005247,5247,ELE-0012,2025-03-07,11,Customer Changed Mind
770,SO0005248,5248,HVA-0004,2024-01-16,3,Defective
771,SO0005270,5270,SAF-0012,2025-05-09,3,Defective
772,SO0005284,5284,PWR-0013,2021-03-17,1,Damaged
773,SO0005286,5286,HVA-0024,2023-03-26,2,Shipping Damage
774,SO0005297,5297,SAF-0007,2021-10-22,1,Wrong Item
775,SO0005302,5302,HVA-0013,2025-08-11,10,Wrong Item
776,SO0005308,5308,FAS-0002,2022-07-23,1,Shipping Damage
777,SO0005313,5313,HVA-0016,2024-06-23,4,Wrong Item
778,SO0005314,5314,HVA-0018,2021-12-30,4,Wrong Item
779,SO0005324,5324,HVA-0015,2021-02-20,14,Shipping Damage
780,SO0005329,5329,FAS-0016,2025-04-22,2,Shipping Damage
781,SO0005333,5333,SAF-0012,2022-09-29,11,Wrong Item
782,SO0005337,5337,FAS-0014,2023-06-28,7,Shipping Damage
783,SO0005337,5337,ELE-0001,2023-06-11,16,Customer Changed Mind
784,SO0005357,5357,HVA-0012,2021-02-18,1,Shipping Damage
785,SO0005363,5363,ELE-0023,2024-04-01,5,Shipping Damage
786,SO0005367,5367,HVA-0018,2022-10-14,7,Defective
787,SO0005367,5367,PWR-0009,2022-09-28,7,Shipping Damage
788,SO0005392,5392,SAF-0009,2024-09-21,5,Customer Changed Mind
789,SO0005397,5397,PWR-0007,2023-07-08,11,Damaged
790,SO0005399,5399,HVA-0019,2025-09-02,8,Customer Changed Mind
791,SO0005401,5401,HVA-0006,2021-06-10,2,Customer Changed Mind
792,SO0005407,5407,PWR-0006,2025-08-25,3,Customer Changed Mind
793,SO0005444,5444,FAS-0012,2025-11-11,3,Defective
794,SO0005450,5450,ELE-0022,2021-03-03,7,Shipping Damage
795,SO0005460,5460,FAS-0008,2021-10-13,8,Wrong Item
796,SO0005462,5462,PWR-0001,2024-02-16,5,Defective
797,SO0005466,5466,ELE-0022,2021-04-07,5,Shipping Damage
798,SO0005467,5467,PWR-0005,2025-09-10,2,Wrong Item
799,SO0005468,5468,SAF-0004,2024-11-12,10,Damaged
800,SO0005472,5472,HVA-0013,2023-03-03,1,Defective
801,SO0005483,5483,ELE-0018,2022-06-26,3,Defective
802,SO0005496,5496,ELE-0011,2022-09-11,6,Damaged
803,SO0005512,5512,FAS-0003,2025-07-09,1,Damaged
804,SO0005522,5522,SAF-0004,2026-01-31,5,Shipping Damage
805,SO0005526,5526,HVA-0013,2023-07-09,4,Shipping Damage
806,SO0005545,5545,PWR-0012,2023-11-15,6,Defective
807,SO0005545,5545,HVA-0016,2023-11-11,5,Shipping Damage
808,SO0005551,5551,FAS-0015,2022-10-26,13,Damaged
809,SO0005559,5559,PWR-0013,2024-03-09,10,Shipping Damage
810,SO0005582,5582,FAS-0014,2023-01-24,7,Defective
811,SO0005589,5589,HVA-0018,2022-05-03,8,Defective
812,SO0005590,5590,SAF-0008,2022-07-26,5,Wrong Item
813,SO0005590,5590,PWR-0006,2022-07-21,14,Damaged
814,SO0005592,5592,ELE-0015,2021-03-29,4,Damaged
815,SO0005606,5606,ELE-0009,2025-03-31,10,Wrong Item
816,SO0005606,5606,ELE-0018,2025-04-14,1,Wrong Item
817,SO0005617,5617,SAF-0009,2023-07-20,14,Damaged
818,SO0005618,5618,HVA-0019,2021-06-16,11,Defective
819,SO0005619,5619,ELE-0013,2024-12-20,4,Wrong Item
820,SO0005621,5621,ELE-0018,2022-08-27,5,Defective
821,SO0005626,5626,ELE-0011,2024-02-29,13,Shipping Damage
822,SO0005631,5631,FAS-0005,2025-10-31,8,Wrong Item
823,SO0005644,5644,PWR-0013,2021-12-23,5,Damaged
824,SO0005652,5652,PWR-0007,2023-10-23,4,Shipping Damage
825,SO0005657,5657,HVA-0020,2025-11-10,5,Shipping Damage
826,SO0005661,5661,PWR-0005,2022-07-07,1,Defective
827,SO0005663,5663,FAS-0012,2021-04-27,6,Defective
828,SO0005670,5670,FAS-0006,2023-10-29,14,Defective
829,SO0005679,5679,HVA-0023,2022-03-15,2,Customer Changed Mind
830,SO0005682,5682,SAF-0006,2022-09-28,2,Wrong Item
831,SO0005694,5694,HVA-0013,2025-12-06,9,Defective
832,SO0005706,5706,PWR-0014,2024-04-30,14,Wrong Item
833,SO0005710,5710,FAS-0002,2022-08-09,11,Damaged
834,SO0005711,5711,PWR-0006,2025-06-12,10,Shipping Damage
835,SO0005716,5716,SAF-0015,2025-01-24,14,Damaged
836,SO0005718,5718,PWR-0008,2022-03-16,11,Defective
837,SO0005719,5719,ELE-0002,2024-09-06,2,Customer Changed Mind
838,SO0005725,5725,HVA-0017,2023-08-30,9,Shipping Damage
839,SO0005733,5733,ELE-0007,2021-10-23,1,Defective
840,SO0005744,5744,PWR-0003,2025-04-10,3,Customer Changed Mind
841,SO0005756,5756,FAS-0007,2023-05-09,3,Defective
842,SO0005756,5756,HVA-0004,2023-05-22,8,Damaged
843,SO0005770,5770,SAF-0006,2025-02-18,10,Damaged
844,SO0005780,5780,HVA-0005,2023-10-22,7,Defective
845,SO0005780,5780,FAS-0009,2023-10-14,15,Wrong Item
846,SO0005793,5793,HVA-0001,2021-04-02,5,Customer Changed Mind
847,SO0005802,5802,ELE-0002,2023-02-17,5,Damaged
848,SO0005806,5806,HVA-0023,2022-08-24,4,Defective
849,SO0005809,5809,PWR-0003,2024-03-11,6,Wrong Item
850,SO0005829,5829,FAS-0001,2023-02-18,1,Customer Changed Mind
851,SO0005834,5834,SAF-0011,2022-03-29,2,Wrong Item
852,SO0005837,5837,ELE-0019,2022-06-23,1,Damaged
853,SO0005837,5837,PWR-0010,2022-06-20,8,Wrong Item
854,SO0005853,5853,HVA-0014,2021-12-15,2,Wrong Item
855,SO0005860,5860,FAS-0013,2025-12-12,16,Customer Changed Mind
856,SO0005862,5862,ELE-0019,2023-08-10,5,Customer Changed Mind
857,SO0005872,5872,PWR-0013,2023-06-20,2,Wrong Item
858,SO0005873,5873,SAF-0010,2021-10-09,10,Defective
859,SO0005887,5887,HVA-0020,2023-02-05,5,Defective
860,SO0005891,5891,PWR-0001,2022-03-18,15,Damaged
861,SO0005899,5899,SAF-0016,2022-08-21,1,Customer Changed Mind
862,SO0005901,5901,HVA-0004,2023-12-18,12,Wrong Item
863,SO0005932,5932,ELE-0019,2025-04-05,15,Customer Changed Mind
864,SO0005936,5936,HVA-0009,2025-05-02,3,Damaged
865,SO0005941,5941,SAF-0010,2023-05-02,16,Wrong Item
866,SO0005982,5982,PWR-0001,2024-01-08,8,Damaged
867,SO0005983,5983,PWR-0009,2025-05-07,4,Defective
868,SO0005993,5993,SAF-0005,2025-09-03,1,Shipping Damage
869,SO0005997,5997,SAF-0007,2022-01-15,1,Shipping Damage
870,SO0006001,6001,ELE-0022,2022-03-04,6,Shipping Damage
871,SO0006027,6027,ELE-0010,2021-09-28,2,Customer Changed Mind
872,SO0006041,6041,ELE-0014,2021-10-14,2,Damaged
873,SO0006058,6058,ELE-0017,2025-12-31,6,Defective
874,SO0006071,6071,HVA-0022,2022-12-04,1,Damaged
875,SO0006077,6077,FAS-0010,2022-12-15,13,Shipping Damage
876,SO0006079,6079,SAF-0009,2023-10-02,3,Customer Changed Mind
877,SO0006084,6084,HVA-0025,2023-06-01,2,Defective
878,SO0006085,6085,HVA-0004,2022-03-06,1,Damaged
879,SO0006094,6094,PWR-0006,2024-10-02,11,Damaged
880,SO0006096,6096,ELE-0008,2023-01-21,4,Customer Changed Mind
881,SO0006097,6097,PWR-0012,2022-08-19,4,Damaged
882,SO0006101,6101,FAS-0015,2024-09-11,2,Shipping Damage
883,SO0006111,6111,FAS-0003,2021-04-18,7,Shipping Damage
884,SO0006114,6114,FAS-0005,2023-08-09,4,Defective
885,SO0006119,6119,ELE-0012,2021-10-14,3,Defective
886,SO0006155,6155,FAS-0004,2022-01-09,1,Wrong Item
887,SO0006169,6169,FAS-0002,2024-01-27,9,Defective
888,SO0006179,6179,ELE-0018,2026-01-09,8,Shipping Damage
889,SO0006181,6181,ELE-0002,2023-09-18,1,Customer Changed Mind
890,SO0006184,6184,FAS-0003,2023-01-04,8,Customer Changed Mind
891,SO0006185,6185,ELE-0003,2024-12-04,1,Shipping Damage
892,SO0006187,6187,FAS-0003,2023-03-17,6,Defective
893,SO0006190,6190,FAS-0016,2024-12-18,2,Customer Changed Mind
894,SO0006197,6197,HVA-0011,2025-12-14,2,Shipping Damage
895,SO0006205,6205,SAF-0009,2025-05-11,2,Wrong Item
896,SO0006211,6211,HVA-0008,2021-02-01,3,Shipping Damage
897,SO0006213,6213,SAF-0015,2023-01-28,8,Defective
898,SO0006216,6216,FAS-0017,2024-01-13,8,Defective
899,SO0006237,6237,FAS-0012,2021-03-05,1,Customer Changed Mind
900,SO0006238,6238,HVA-0004,2022-06-21,6,Damaged
901,SO0006242,6242,PWR-0012,2024-05-12,1,Wrong Item
902,SO0006244,6244,PWR-0010,2024-05-10,1,Customer Changed Mind
903,SO0006247,6247,SAF-0012,2023-12-21,6,Defective
904,SO0006249,6249,FAS-0017,2025-11-24,7,Damaged
905,SO0006250,6250,FAS-0008,2024-03-06,1,Defective
906,SO0006250,6250,HVA-0005,2024-02-22,12,Wrong Item
907,SO0006260,6260,PWR-0011,2021-12-01,2,Wrong Item
908,SO0006264,6264,HVA-0002,2025-04-20,12,Damaged
909,SO0006267,6267,ELE-0003,2021-09-07,10,Shipping Damage
910,SO0006268,6268,ELE-0015,2024-03-22,8,Customer Changed Mind
911,SO0006289,6289,SAF-0003,2023-03-05,1,Shipping Damage
912,SO0006297,6297,SAF-0016,2021-11-12,10,Wrong Item
913,SO0006299,6299,PWR-0005,2022-03-27,2,Customer Changed Mind
914,SO0006310,6310,HVA-0017,2022-03-26,10,Damaged
915,SO0006313,6313,ELE-0010,2025-03-16,13,Wrong Item
916,SO0006314,6314,FAS-0005,2024-05-24,6,Damaged
917,SO0006321,6321,ELE-0007,2023-01-14,1,Damaged
918,SO0006324,6324,HVA-0013,2023-06-11,3,Damaged
919,SO0006324,6324,FAS-0016,2023-06-07,5,Customer Changed Mind
920,SO0006330,6330,FAS-0008,2023-12-11,4,Defective
921,SO0006334,6334,ELE-0012,2022-02-07,7,Shipping Damage
922,SO0006345,6345,HVA-0010,2022-08-03,3,Defective
923,SO0006350,6350,FAS-0016,2024-06-21,1,Defective
924,SO0006359,6359,PWR-0002,2024-01-10,4,Defective
925,SO0006360,6360,ELE-0010,2021-02-26,1,Shipping Damage
926,SO0006364,6364,SAF-0016,2023-07-06,9,Shipping Damage
927,SO0006366,6366,PWR-0012,2024-11-03,7,Damaged
928,SO0006381,6381,ELE-0022,2024-12-21,4,Damaged
929,SO0006393,6393,HVA-0001,2024-04-10,3,Shipping Damage
930,SO0006396,6396,SAF-0001,2021-04-09,1,Shipping Damage
931,SO0006405,6405,PWR-0012,2024-01-06,1,Shipping Damage
932,SO0006409,6409,ELE-0017,2025-11-24,3,Damaged
933,SO0006415,6415,SAF-0005,2021-12-23,1,Shipping Damage
934,SO0006421,6421,HVA-0006,2024-05-15,5,Damaged
935,SO0006422,6422,PWR-0008,2021-04-10,2,Customer Changed Mind
936,SO0006428,6428,FAS-0010,2025-08-02,11,Customer Changed Mind
937,SO0006429,6429,HVA-0022,2025-04-11,15,Wrong Item
938,SO0006431,6431,ELE-0007,2024-06-15,9,Damaged
939,SO0006438,6438,FAS-0009,2021-10-04,7,Shipping Damage
940,SO0006439,6439,ELE-0018,2025-07-24,11,Defective
941,SO0006455,6455,ELE-0012,2023-03-24,4,Damaged
942,SO0006462,6462,HVA-0001,2021-06-25,3,Shipping Damage
943,SO0006464,6464,HVA-0016,2021-04-25,10,Wrong Item
944,SO0006467,6467,ELE-0015,2023-11-07,1,Shipping Damage
945,SO0006473,6473,PWR-0007,2023-09-02,6,Shipping Damage
946,SO0006475,6475,PWR-0012,2024-04-26,2,Defective
947,SO0006514,6514,PWR-0011,2024-01-18,7,Damaged
948,SO0006529,6529,SAF-0003,2024-08-20,1,Damaged
949,SO0006531,6531,ELE-0002,2022-09-23,6,Shipping Damage
950,SO0006537,6537,PWR-0013,2022-04-02,1,Defective
951,SO0006546,6546,PWR-0002,2025-01-21,8,Customer Changed Mind
952,SO0006557,6557,PWR-0001,2024-11-08,5,Customer Changed Mind
953,SO0006558,6558,FAS-0007,2021-12-30,4,Wrong Item
954,SO0006565,6565,ELE-0018,2024-07-06,1,Damaged
955,SO0006570,6570,HVA-0010,2022-05-01,4,Damaged
956,SO0006572,6572,ELE-0021,2023-11-09,5,Defective
957,SO0006588,6588,HVA-0015,2023-10-29,15,Shipping Damage
958,SO0006597,6597,ELE-0019,2024-11-18,6,Defective
959,SO0006605,6605,SAF-0017,2021-04-30,4,Shipping Damage
960,SO0006612,6612,HVA-0020,2023-08-02,2,Customer Changed Mind
961,SO0006613,6613,FAS-0014,2023-05-09,2,Shipping Damage
962,SO0006614,6614,FAS-0007,2023-10-06,2,Customer Changed Mind
963,SO0006622,6622,FAS-0018,2024-06-08,3,Wrong Item
964,SO0006623,6623,SAF-0007,2022-08-17,2,Customer Changed Mind
965,SO0006626,6626,SAF-0006,2022-10-06,5,Wrong Item
966,SO0006628,6628,HVA-0022,2025-06-06,4,Wrong Item
967,SO0006631,6631,PWR-0014,2021-10-21,11,Customer Changed Mind
968,SO0006639,6639,ELE-0014,2021-01-26,3,Shipping Damage
969,SO0006639,6639,HVA-0011,2021-01-16,9,Shipping Damage
970,SO0006665,6665,PWR-0008,2025-10-14,5,Shipping Damage
971,SO0006667,6667,ELE-0011,2022-01-29,9,Wrong Item
972,SO0006678,6678,SAF-0013,2021-02-19,1,Defective
973,SO0006681,6681,SAF-0005,2021-08-25,6,Shipping Damage
974,SO0006682,6682,HVA-0019,2023-09-11,1,Damaged
975,SO0006688,6688,HVA-0024,2021-11-26,18,Shipping Damage
976,SO0006690,6690,HVA-0008,2023-05-20,1,Customer Changed Mind
977,SO0006708,6708,HVA-0018,2025-06-20,5,Damaged
978,SO0006709,6709,HVA-0022,2022-02-25,11,Customer Changed Mind
979,SO0006723,6723,ELE-0010,2025-04-05,9,Customer Changed Mind
980,SO0006733,6733,SAF-0009,2023-07-16,8,Wrong Item
981,SO0006734,6734,PWR-0004,2024-05-14,2,Wrong Item
982,SO0006747,6747,PWR-0011,2024-08-29,14,Damaged
983,SO0006755,6755,SAF-0008,2021-07-16,10,Shipping Damage
984,SO0006764,6764,ELE-0005,2022-10-25,2,Wrong Item
985,SO0006766,6766,HVA-0028,2021-02-08,3,Damaged
986,SO0006768,6768,SAF-0003,2024-02-14,16,Defective
987,SO0006770,6770,PWR-0012,2025-06-15,4,Defective
988,SO0006791,6791,ELE-0008,2024-12-01,3,Defective
989,SO0006793,6793,PWR-0009,2022-08-06,1,Customer Changed Mind
990,SO0006805,6805,PWR-0010,2021-09-28,2,Shipping Damage
991,SO0006808,6808,PWR-0001,2021-03-06,1,Customer Changed Mind
992,SO0006812,6812,PWR-0010,2024-06-05,8,Shipping Damage
993,SO0006812,6812,PWR-0009,2024-06-10,5,Shipping Damage
994,SO0006812,6812,SAF-0003,2024-05-19,7,Shipping Damage
995,SO0006818,6818,ELE-0011,2021-05-01,12,Shipping Damage
996,SO0006819,6819,SAF-0010,2025-09-14,1,Defective
997,SO0006820,6820,ELE-0002,2025-05-08,9,Defective
998,SO0006831,6831,ELE-0016,2021-01-29,2,Damaged
999,SO0006859,6859,FAS-0009,2023-03-05,3,Customer Changed Mind
1000,SO0006863,6863,FAS-0011,2022-11-11,7,Defective
1001,SO0006863,6863,SAF-0002,2022-11-06,4,Defective
1002,SO0006866,6866,FAS-0014,2021-04-15,3,Customer Changed Mind
1003,SO0006868,6868,SAF-0002,2025-10-12,3,Shipping Damage
1004,SO0006876,6876,HVA-0014,2023-08-13,1,Wrong Item
1005,SO0006876,6876,PWR-0008,2023-08-15,6,Wrong Item
1006,SO0006877,6877,PWR-0002,2023-01-30,11,Customer Changed Mind
1007,SO0006878,6878,HVA-0014,2025-07-30,2,Defective
1008,SO0006884,6884,FAS-0001,2025-05-04,7,Customer Changed Mind
1009,SO0006888,6888,SAF-0007,2024-03-06,14,Defective
1010,SO0006908,6908,HVA-0007,2023-10-02,11,Customer Changed Mind
1011,SO0006916,6916,ELE-0013,2021-05-05,6,Damaged
1012,SO0006926,6926,FAS-0011,2025-07-04,2,Defective
1013,SO0006938,6938,HVA-0027,2024-04-13,10,Wrong Item
1014,SO0006944,6944,HVA-0019,2022-05-21,4,Defective
1015,SO0006951,6951,SAF-0014,2025-09-25,6,Shipping Damage
1016,SO0006952,6952,SAF-0014,2026-01-25,7,Customer Changed Mind
1017,SO0006957,6957,ELE-0020,2022-05-01,7,Damaged
1018,SO0006967,6967,HVA-0028,2021-06-17,1,Defective
1019,SO0006978,6978,FAS-0006,2024-11-07,8,Damaged
1020,SO0006982,6982,ELE-0013,2023-06-22,10,Shipping Damage
1021,SO0006984,6984,ELE-0015,2025-06-25,1,Wrong Item
1022,SO0006996,6996,ELE-0017,2024-12-31,18,Customer Changed Mind
1023,SO0007004,7004,PWR-0014,2021-08-16,4,Customer Changed Mind
1024,SO0007006,7006,FAS-0002,2021-12-01,2,Shipping Damage
1025,SO0007014,7014,HVA-0022,2023-06-24,3,Wrong Item
1026,SO0007028,7028,FAS-0011,2023-08-26,4,Wrong Item
1027,SO0007044,7044,PWR-0013,2021-11-03,8,Damaged
1028,SO0007049,7049,FAS-0012,2022-01-31,5,Shipping Damage
1029,SO0007050,7050,HVA-0001,2021-11-17,7,Customer Changed Mind
1030,SO0007052,7052,HVA-0023,2023-02-18,2,Shipping Damage
1031,SO0007053,7053,FAS-0015,2024-05-22,8,Defective
1032,SO0007054,7054,FAS-0006,2022-10-18,8,Damaged
1033,SO0007062,7062,SAF-0008,2025-01-16,3,Shipping Damage
1034,SO0007062,7062,HVA-0013,2025-01-15,1,Customer Changed Mind
1035,SO0007063,7063,SAF-0015,2024-11-13,2,Shipping Damage
1036,SO0007064,7064,PWR-0002,2023-09-30,10,Shipping Damage
1037,SO0007076,7076,ELE-0016,2021-07-10,8,Customer Changed Mind
1038,SO0007085,7085,HVA-0020,2021-05-10,4,Customer Changed Mind
1039,SO0007097,7097,HVA-0001,2022-05-18,11,Wrong Item
1040,SO0007098,7098,PWR-0013,2024-02-29,15,Damaged
1041,SO0007101,7101,PWR-0005,2025-10-24,14,Customer Changed Mind
1042,SO0007102,7102,ELE-0019,2023-11-09,13,Customer Changed Mind
1043,SO0007103,7103,HVA-0023,2022-08-24,7,Shipping Damage
1044,SO0007105,7105,PWR-0009,2022-07-22,2,Wrong Item
1045,SO0007115,7115,HVA-0025,2025-09-10,4,Shipping Damage
1046,SO0007118,7118,SAF-0007,2024-02-25,7,Defective
1047,SO0007129,7129,HVA-0026,2021-03-03,14,Shipping Damage
1048,SO0007134,7134,ELE-0010,2022-10-21,7,Damaged
1049,SO0007146,7146,SAF-0014,2025-07-06,1,Damaged
1050,SO0007146,7146,SAF-0001,2025-07-12,1,Defective
1051,SO0007152,7152,HVA-0015,2023-05-21,1,Wrong Item
1052,SO0007152,7152,SAF-0013,2023-05-30,4,Shipping Damage
1053,SO0007170,7170,SAF-0001,2024-12-27,6,Customer Changed Mind
1054,SO0007177,7177,FAS-0002,2023-07-21,1,Damaged
1055,SO0007187,7187,HVA-0010,2022-04-10,18,Wrong Item
1056,SO0007187,7187,SAF-0002,2022-04-11,2,Damaged
1057,SO0007204,7204,SAF-0007,2025-07-24,9,Damaged
1058,SO0007205,7205,FAS-0003,2023-12-08,11,Customer Changed Mind
1059,SO0007206,7206,ELE-0015,2023-07-08,9,Damaged
1060,SO0007207,7207,ELE-0012,2023-11-15,6,Damaged
1061,SO0007211,7211,SAF-0012,2021-11-15,2,Damaged
1062,SO0007211,7211,HVA-0007,2021-12-06,10,Shipping Damage
1063,SO0007219,7219,FAS-0014,2022-01-04,2,Customer Changed Mind
1064,SO0007225,7225,SAF-0007,2022-08-28,5,Customer Changed Mind
1065,SO0007229,7229,PWR-0012,2023-02-17,9,Defective
1066,SO0007230,7230,HVA-0001,2021-07-03,2,Customer Changed Mind
1067,SO0007238,7238,SAF-0013,2021-03-13,2,Customer Changed Mind
1068,SO0007246,7246,ELE-0009,2021-03-04,12,Damaged
1069,SO0007247,7247,SAF-0001,2024-01-16,4,Damaged
1070,SO0007248,7248,ELE-0004,2023-11-14,1,Defective
1071,SO0007256,7256,HVA-0004,2021-11-28,7,Customer Changed Mind
1072,SO0007261,7261,HVA-0017,2025-07-20,4,Defective
1073,SO0007262,7262,ELE-0013,2021-05-07,4,Shipping Damage
1074,SO0007275,7275,SAF-0012,2024-04-17,13,Damaged
1075,SO0007278,7278,HVA-0024,2022-11-22,5,Damaged
1076,SO0007299,7299,HVA-0005,2024-02-04,3,Customer Changed Mind
1077,SO0007302,7302,PWR-0014,2024-05-29,3,Shipping Damage
1078,SO0007302,7302,HVA-0026,2024-05-30,5,Shipping Damage
1079,SO0007309,7309,HVA-0026,2022-02-03,1,Wrong Item
1080,SO0007309,7309,FAS-0002,2022-01-23,10,Damaged
1081,SO0007312,7312,SAF-0003,2023-07-08,4,Shipping Damage
1082,SO0007317,7317,SAF-0005,2025-07-28,4,Customer Changed Mind
1083,SO0007340,7340,ELE-0019,2021-09-26,1,Customer Changed Mind
1084,SO0007342,7342,HVA-0009,2023-12-08,14,Customer Changed Mind
1085,SO0007344,7344,FAS-0012,2022-05-02,6,Customer Changed Mind
1086,SO0007365,7365,FAS-0011,2021-05-14,16,Shipping Damage
1087,SO0007375,7375,HVA-0013,2025-09-26,1,Defective
1088,SO0007377,7377,SAF-0001,2021-03-24,1,Damaged
1089,SO0007385,7385,PWR-0014,2025-03-11,10,Wrong Item
1090,SO0007386,7386,PWR-0004,2025-08-08,5,Shipping Damage
1091,SO0007405,7405,PWR-0005,2023-11-28,6,Damaged
1092,SO0007408,7408,FAS-0014,2024-12-29,7,Customer Changed Mind
1093,SO0007412,7412,HVA-0014,2021-04-15,1,Defective
1094,SO0007412,7412,HVA-0012,2021-04-05,7,Defective
1095,SO0007424,7424,HVA-0014,2024-12-16,1,Customer Changed Mind
1096,SO0007431,7431,HVA-0010,2021-05-01,4,Wrong Item
1097,SO0007437,7437,HVA-0007,2021-07-18,9,Wrong Item
1098,SO0007442,7442,SAF-0010,2024-09-20,2,Wrong Item
1099,SO0007451,7451,SAF-0016,2025-06-10,3,Shipping Damage
1100,SO0007465,7465,FAS-0006,2025-04-20,2,Shipping Damage
1101,SO0007468,7468,FAS-0004,2025-04-07,2,Damaged
1102,SO0007469,7469,HVA-0012,2023-07-03,10,Shipping Damage
1103,SO0007477,7477,SAF-0007,2025-03-25,12,Customer Changed Mind
1104,SO0007494,7494,HVA-0003,2023-05-08,14,Customer Changed Mind
1105,SO0007511,7511,FAS-0010,2022-03-04,5,Customer Changed Mind
1106,SO0007520,7520,PWR-0012,2021-05-06,6,Customer Changed Mind
1107,SO0007522,7522,ELE-0003,2024-06-01,2,Customer Changed Mind
1108,SO0007522,7522,ELE-0007,2024-05-24,1,Customer Changed Mind
1109,SO0007532,7532,HVA-0020,2021-07-31,2,Customer Changed Mind
1110,SO0007540,7540,PWR-0012,2024-12-20,2,Customer Changed Mind
1111,SO0007543,7543,HVA-0026,2022-02-02,6,Defective
1112,SO0007552,7552,SAF-0011,2023-10-08,2,Shipping Damage
1113,SO0007561,7561,SAF-0006,2025-08-17,4,Wrong Item
1114,SO0007578,7578,ELE-0006,2021-09-30,3,Wrong Item
1115,SO0007585,7585,SAF-0007,2024-12-07,1,Defective
1116,SO0007594,7594,ELE-0001,2023-05-03,5,Customer Changed Mind
1117,SO0007608,7608,HVA-0010,2022-01-01,7,Customer Changed Mind
1118,SO0007608,7608,ELE-0005,2021-12-31,3,Shipping Damage
1119,SO0007610,7610,ELE-0012,2023-12-07,1,Customer Changed Mind
1120,SO0007611,7611,PWR-0011,2025-04-14,1,Wrong Item
1121,SO0007620,7620,SAF-0004,2025-02-25,3,Wrong Item
1122,SO0007622,7622,ELE-0010,2023-04-24,5,Shipping Damage
1123,SO0007628,7628,FAS-0011,2024-04-13,3,Damaged
1124,SO0007629,7629,HVA-0015,2024-01-30,1,Wrong Item
1125,SO0007630,7630,HVA-0011,2024-11-23,3,Shipping Damage
1126,SO0007633,7633,FAS-0017,2024-02-11,7,Defective
1127,SO0007640,7640,FAS-0006,2023-11-12,1,Customer Changed Mind
1128,SO0007645,7645,SAF-0003,2024-11-23,6,Shipping Damage
1129,SO0007648,7648,ELE-0001,2025-04-25,2,Shipping Damage
1130,SO0007657,7657,HVA-0003,2021-06-04,12,Defective
1131,SO0007666,7666,SAF-0015,2023-12-14,3,Customer Changed Mind
1132,SO0007669,7669,ELE-0010,2024-02-26,1,Wrong Item
1133,SO0007678,7678,SAF-0010,2021-06-07,10,Wrong Item
1134,SO0007683,7683,HVA-0023,2022-02-15,12,Defective
1135,SO0007685,7685,HVA-0008,2023-11-12,3,Damaged
1136,SO0007687,7687,FAS-0006,2024-11-28,1,Customer Changed Mind
1137,SO0007690,7690,HVA-0022,2024-11-13,4,Damaged
1138,SO0007691,7691,PWR-0014,2026-01-30,11,Defective
1139,SO0007706,7706,ELE-0007,2023-09-01,14,Shipping Damage
1140,SO0007708,7708,PWR-0009,2025-12-10,9,Shipping Damage
1141,SO0007713,7713,PWR-0006,2024-08-03,2,Customer Changed Mind
1142,SO0007716,7716,SAF-0007,2025-08-23,10,Defective
1143,SO0007716,7716,SAF-0006,2025-08-12,15,Wrong Item
1144,SO0007720,7720,ELE-0007,2021-01-29,5,Wrong Item
1145,SO0007727,7727,ELE-0012,2023-01-25,1,Shipping Damage
1146,SO0007737,7737,SAF-0005,2023-09-27,7,Wrong Item
1147,SO0007741,7741,FAS-0003,2024-11-01,1,Defective
1148,SO0007760,7760,SAF-0011,2021-03-18,3,Damaged
1149,SO0007771,7771,ELE-0008,2025-06-07,16,Damaged
1150,SO0007771,7771,PWR-0012,2025-06-16,3,Defective
1151,SO0007775,7775,ELE-0017,2025-07-19,11,Wrong Item
1152,SO0007784,7784,SAF-0012,2025-03-05,11,Shipping Damage
1153,SO0007788,7788,ELE-0023,2022-10-15,6,Damaged
1154,SO0007793,7793,SAF-0013,2023-11-17,1,Wrong Item
1155,SO0007800,7800,SAF-0016,2023-04-30,15,Customer Changed Mind
1156,SO0007803,7803,FAS-0011,2023-11-20,2,Shipping Damage
1157,SO0007805,7805,SAF-0005,2025-07-26,1,Wrong Item
1158,SO0007807,7807,HVA-0017,2023-08-11,2,Defective
1159,SO0007829,7829,HVA-0014,2025-05-02,10,Shipping Damage
1160,SO0007831,7831,HVA-0016,2026-01-04,1,Wrong Item
1161,SO0007832,7832,FAS-0001,2023-02-23,5,Damaged
1162,SO0007833,7833,FAS-0014,2021-08-03,1,Defective
1163,SO0007834,7834,ELE-0022,2022-10-24,13,Wrong Item
1164,SO0007837,7837,SAF-0011,2022-09-17,4,Damaged
1165,SO0007845,7845,SAF-0002,2022-12-07,1,Damaged
1166,SO0007864,7864,SAF-0013,2025-08-26,12,Defective
1167,SO0007889,7889,ELE-0008,2022-11-15,4,Defective
1168,SO0007893,7893,HVA-0026,2025-10-21,2,Customer Changed Mind
1169,SO0007894,7894,ELE-0023,2024-11-05,6,Customer Changed Mind
1170,SO0007898,7898,ELE-0012,2023-06-06,2,Customer Changed Mind
1171,SO0007902,7902,ELE-0015,2022-02-28,2,Defective
1172,SO0007903,7903,PWR-0013,2022-10-05,10,Damaged
1173,SO0007903,7903,HVA-0028,2022-10-19,2,Defective
1174,SO0007905,7905,ELE-0010,2025-10-20,14,Damaged
1175,SO0007907,7907,FAS-0001,2021-04-19,1,Shipping Damage
1176,SO0007910,7910,PWR-0004,2024-10-01,4,Defective
1177,SO0007911,7911,ELE-0018,2024-05-02,4,Wrong Item
1178,SO0007925,7925,ELE-0017,2024-04-21,4,Defective
1179,SO0007929,7929,SAF-0016,2023-10-13,14,Damaged
1180,SO0007938,7938,SAF-0010,2021-09-04,1,Damaged
1181,SO0007940,7940,SAF-0014,2021-03-22,9,Defective
1182,SO0007949,7949,SAF-0017,2024-02-26,3,Customer Changed Mind
1183,SO0007954,7954,FAS-0012,2024-02-05,2,Shipping Damage
1184,SO0007954,7954,FAS-0003,2024-02-06,9,Defective
1185,SO0007958,7958,SAF-0016,2024-09-28,13,Shipping Damage
1186,SO0007959,7959,HVA-0016,2025-07-17,15,Damaged
1187,SO0007960,7960,ELE-0016,2025-07-11,9,Defective
1188,SO0007960,7960,ELE-0017,2025-07-24,4,Defective
1189,SO0007965,7965,FAS-0011,2022-02-11,2,Shipping Damage
1190,SO0007967,7967,HVA-0019,2025-12-18,5,Wrong Item
1191,SO0007981,7981,SAF-0006,2022-07-29,2,Shipping Damage
1192,SO0007982,7982,HVA-0021,2025-01-15,2,Customer Changed Mind
1193,SO0007996,7996,HVA-0011,2024-01-07,10,Wrong Item
1194,SO0008029,8029,SAF-0010,2021-10-30,7,Damaged
1195,SO0008033,8033,HVA-0005,2021-10-22,1,Wrong Item
1196,SO0008037,8037,FAS-0015,2021-09-30,18,Shipping Damage
1197,SO0008051,8051,SAF-0002,2024-09-29,2,Wrong Item
1198,SO0008057,8057,ELE-0022,2023-03-15,6,Damaged
1199,SO0008058,8058,SAF-0007,2025-02-11,7,Defective
1200,SO0008059,8059,ELE-0018,2025-04-09,1,Shipping Damage
1201,SO0008068,8068,HVA-0005,2022-03-21,7,Damaged
1202,SO0008091,8091,HVA-0016,2024-06-27,4,Defective
1203,SO0008095,8095,FAS-0016,2025-11-13,16,Customer Changed Mind
1204,SO0008099,8099,ELE-0008,2023-12-29,11,Damaged
1205,SO0008103,8103,HVA-0023,2023-11-27,4,Defective
1206,SO0008106,8106,HVA-0004,2024-02-01,3,Damaged
1207,SO0008114,8114,PWR-0011,2023-10-20,1,Customer Changed Mind
1208,SO0008115,8115,SAF-0011,2025-01-06,1,Damaged
1209,SO0008121,8121,HVA-0005,2022-10-14,6,Customer Changed Mind
1210,SO0008124,8124,PWR-0003,2022-05-07,4,Shipping Damage
1211,SO0008125,8125,PWR-0011,2022-05-06,3,Damaged
1212,SO0008130,8130,ELE-0012,2024-06-07,4,Damaged
1213,SO0008133,8133,HVA-0020,2022-02-19,11,Wrong Item
1214,SO0008139,8139,FAS-0018,2025-06-30,2,Wrong Item
1215,SO0008141,8141,HVA-0012,2023-07-31,1,Wrong Item
1216,SO0008167,8167,FAS-0015,2024-01-21,4,Wrong Item
1217,SO0008172,8172,HVA-0004,2023-11-16,10,Wrong Item
1218,SO0008190,8190,SAF-0008,2024-09-20,2,Wrong Item
1219,SO0008191,8191,SAF-0012,2023-03-30,9,Shipping Damage
1220,SO0008196,8196,SAF-0015,2023-01-11,4,Damaged
1221,SO0008199,8199,HVA-0018,2022-05-06,8,Defective
1222,SO0008209,8209,HVA-0002,2025-12-05,1,Damaged
1223,SO0008210,8210,FAS-0015,2023-03-29,1,Wrong Item
1224,SO0008239,8239,PWR-0014,2022-02-28,2,Customer Changed Mind
1225,SO0008245,8245,FAS-0014,2021-08-31,13,Defective
1226,SO0008253,8253,SAF-0003,2024-07-15,9,Customer Changed Mind
1227,SO0008256,8256,HVA-0015,2025-04-09,3,Shipping Damage
1228,SO0008264,8264,PWR-0003,2022-04-15,5,Defective
1229,SO0008266,8266,HVA-0017,2025-04-29,2,Wrong Item
1230,SO0008276,8276,FAS-0002,2025-07-31,2,Customer Changed Mind
1231,SO0008282,8282,HVA-0021,2024-09-29,4,Customer Changed Mind
1232,SO0008284,8284,ELE-0004,2021-05-19,9,Damaged
1233,SO0008285,8285,FAS-0013,2023-09-25,6,Shipping Damage
1234,SO0008285,8285,HVA-0024,2023-10-14,16,Defective
1235,SO0008286,8286,HVA-0018,2025-10-13,16,Wrong Item
1236,SO0008295,8295,PWR-0013,2021-03-11,1,Shipping Damage
1237,SO0008296,8296,ELE-0007,2026-01-22,5,Defective
1238,SO0008297,8297,ELE-0022,2021-07-11,1,Shipping Damage
1239,SO0008307,8307,SAF-0016,2024-04-03,11,Defective
1240,SO0008322,8322,HVA-0004,2021-02-08,3,Defective
1241,SO0008323,8323,PWR-0013,2022-03-28,1,Damaged
1242,SO0008328,8328,HVA-0015,2023-08-25,9,Defective
1243,SO0008337,8337,HVA-0028,2022-07-16,3,Wrong Item
1244,SO0008373,8373,ELE-0017,2023-12-28,14,Shipping Damage
1245,SO0008378,8378,ELE-0022,2021-07-03,2,Defective
1246,SO0008396,8396,HVA-0016,2021-02-19,2,Wrong Item
1247,SO0008408,8408,ELE-0015,2024-11-28,1,Shipping Damage
1248,SO0008422,8422,HVA-0028,2024-05-01,10,Wrong Item
1249,SO0008424,8424,FAS-0010,2023-10-11,2,Damaged
1250,SO0008433,8433,FAS-0009,2024-09-23,3,Defective
1251,SO0008455,8455,SAF-0006,2021-04-08,5,Shipping Damage
1252,SO0008465,8465,ELE-0013,2021-06-25,6,Shipping Damage
1253,SO0008467,8467,HVA-0022,2021-12-20,2,Customer Changed Mind
1254,SO0008474,8474,HVA-0006,2021-07-28,11,Defective
1255,SO0008483,8483,FAS-0014,2025-07-25,3,Customer Changed Mind
1256,SO0008490,8490,ELE-0005,2024-01-03,5,Wrong Item
1257,SO0008498,8498,FAS-0011,2022-05-17,6,Damaged
1258,SO0008498,8498,ELE-0006,2022-05-13,6,Customer Changed Mind
1259,SO0008505,8505,PWR-0007,2023-08-27,7,Customer Changed Mind
1260,SO0008507,8507,PWR-0004,2023-10-06,1,Shipping Damage
1261,SO0008556,8556,FAS-0006,2022-11-10,1,Defective
1262,SO0008562,8562,ELE-0012,2023-08-13,1,Defective
1263,SO0008571,8571,FAS-0015,2021-09-28,4,Shipping Damage
1264,SO0008586,8586,ELE-0020,2025-12-12,1,Damaged
1265,SO0008586,8586,HVA-0016,2025-12-21,7,Defective
1266,SO0008587,8587,HVA-0001,2023-07-13,16,Damaged
1267,SO0008597,8597,SAF-0017,2021-08-21,11,Customer Changed Mind
1268,SO0008597,8597,HVA-0021,2021-08-24,3,Wrong Item
1269,SO0008599,8599,SAF-0010,2022-10-16,13,Shipping Damage
1270,SO0008607,8607,FAS-0017,2023-05-30,1,Defective
1271,SO0008608,8608,SAF-0013,2021-06-08,18,Damaged
1272,SO0008612,8612,HVA-0009,2024-02-15,4,Wrong Item
1273,SO0008615,8615,PWR-0007,2023-01-21,6,Damaged
1274,SO0008616,8616,PWR-0003,2022-12-16,3,Wrong Item
1275,SO0008636,8636,HVA-0015,2022-09-21,8,Customer Changed Mind
1276,SO0008647,8647,PWR-0004,2021-05-02,4,Damaged
1277,SO0008657,8657,ELE-0018,2021-09-06,1,Damaged
1278,SO0008667,8667,ELE-0001,2025-06-02,9,Customer Changed Mind
1279,SO0008678,8678,SAF-0012,2024-01-29,6,Shipping Damage
1280,SO0008696,8696,PWR-0004,2022-09-10,12,Damaged
1281,SO0008704,8704,FAS-0017,2021-09-24,2,Shipping Damage
1282,SO0008719,8719,FAS-0017,2021-08-10,10,Wrong Item
1283,SO0008721,8721,HVA-0011,2022-09-15,4,Customer Changed Mind
1284,SO0008748,8748,SAF-0002,2022-11-02,2,Damaged
1285,SO0008750,8750,PWR-0006,2023-10-14,6,Wrong Item
1286,SO0008751,8751,HVA-0019,2022-08-04,15,Wrong Item
1287,SO0008755,8755,PWR-0001,2023-09-11,2,Damaged
1288,SO0008768,8768,PWR-0004,2025-11-13,2,Damaged
1289,SO0008797,8797,SAF-0001,2024-10-14,9,Customer Changed Mind
1290,SO0008817,8817,ELE-0021,2023-03-04,7,Damaged
1291,SO0008821,8821,PWR-0008,2024-09-14,2,Defective
1292,SO0008824,8824,HVA-0014,2022-06-03,18,Shipping Damage
1293,SO0008831,8831,HVA-0025,2023-07-02,1,Shipping Damage
1294,SO0008832,8832,FAS-0003,2021-12-11,2,Shipping Damage
1295,SO0008848,8848,PWR-0008,2021-05-07,5,Damaged
1296,SO0008849,8849,PWR-0012,2021-09-20,16,Wrong Item
1297,SO0008850,8850,ELE-0002,2022-12-12,9,Customer Changed Mind
1298,SO0008856,8856,SAF-0008,2025-09-03,8,Damaged
1299,SO0008860,8860,FAS-0011,2025-11-10,1,Wrong Item
1300,SO0008864,8864,HVA-0023,2023-02-25,8,Defective
1301,SO0008871,8871,ELE-0011,2022-10-07,6,Defective
1302,SO0008875,8875,FAS-0016,2026-01-23,2,Shipping Damage
1303,SO0008876,8876,ELE-0001,2023-06-03,2,Defective
1304,SO0008886,8886,HVA-0019,2022-07-19,4,Defective
1305,SO0008891,8891,ELE-0011,2021-06-15,2,Customer Changed Mind
1306,SO0008900,8900,FAS-0004,2021-01-24,7,Damaged
1307,SO0008903,8903,ELE-0017,2024-05-20,1,Wrong Item
1308,SO0008919,8919,ELE-0006,2022-04-22,7,Shipping Damage
1309,SO0008926,8926,ELE-0001,2025-01-22,2,Defective
1310,SO0008926,8926,ELE-0023,2025-01-12,17,Damaged
1311,SO0008927,8927,HVA-0022,2023-05-05,3,Shipping Damage
1312,SO0008944,8944,HVA-0005,2021-11-07,16,Shipping Damage
1313,SO0008944,8944,SAF-0010,2021-11-12,4,Wrong Item
1314,SO0008965,8965,SAF-0015,2021-11-30,3,Damaged
1315,SO0008966,8966,ELE-0021,2021-11-17,12,Defective
1316,SO0008976,8976,ELE-0012,2022-12-29,1,Shipping Damage
1317,SO0008980,8980,ELE-0003,2024-11-12,2,Customer Changed Mind
1318,SO0008984,8984,HVA-0004,2023-10-27,2,Wrong Item
1319,SO0008986,8986,FAS-0015,2024-11-16,7,Wrong Item
1320,SO0008994,8994,HVA-0018,2025-08-19,1,Customer Changed Mind
1321,SO0008995,8995,ELE-0012,2024-12-12,3,Defective
1322,SO0009004,9004,HVA-0013,2023-09-07,6,Defective
1323,SO0009010,9010,PWR-0011,2024-06-14,5,Wrong Item
1324,SO0009023,9023,ELE-0018,2025-10-27,2,Defective
1325,SO0009030,9030,SAF-0004,2024-10-11,13,Wrong Item
1326,SO0009032,9032,PWR-0014,2024-01-05,11,Customer Changed Mind
1327,SO0009034,9034,SAF-0001,2024-12-12,12,Shipping Damage
1328,SO0009041,9041,PWR-0013,2023-02-06,10,Wrong Item
1329,SO0009050,9050,HVA-0022,2025-01-23,7,Customer Changed Mind
1330,SO0009065,9065,HVA-0023,2022-06-27,13,Wrong Item
1331,SO0009076,9076,ELE-0010,2024-12-18,4,Defective
1332,SO0009087,9087,ELE-0011,2024-10-28,6,Shipping Damage
1333,SO0009094,9094,ELE-0008,2025-11-02,8,Shipping Damage
1334,SO0009122,9122,HVA-0009,2021-12-15,12,Customer Changed Mind
1335,SO0009123,9123,ELE-0015,2023-11-29,12,Defective
1336,SO0009125,9125,FAS-0004,2025-03-01,11,Shipping Damage
1337,SO0009132,9132,SAF-0014,2024-10-06,10,Shipping Damage
1338,SO0009139,9139,ELE-0001,2022-04-03,8,Defective
1339,SO0009140,9140,ELE-0003,2021-05-24,2,Customer Changed Mind
1340,SO0009149,9149,PWR-0009,2024-06-14,2,Damaged
1341,SO0009156,9156,HVA-0004,2024-07-19,13,Customer Changed Mind
1342,SO0009168,9168,ELE-0014,2021-02-14,7,Customer Changed Mind
1343,SO0009180,9180,HVA-0018,2025-01-31,4,Defective
1344,SO0009183,9183,HVA-0027,2025-11-16,1,Wrong Item
1345,SO0009200,9200,FAS-0006,2023-04-16,2,Damaged
1346,SO0009207,9207,ELE-0023,2025-11-25,7,Damaged
1347,SO0009208,9208,ELE-0008,2023-08-31,8,Shipping Damage
1348,SO0009209,9209,SAF-0016,2024-02-14,2,Customer Changed Mind
1349,SO0009211,9211,FAS-0015,2023-04-01,3,Wrong Item
1350,SO0009214,9214,SAF-0002,2022-01-13,11,Damaged
1351,SO0009217,9217,FAS-0016,2023-08-06,1,Defective
1352,SO0009218,9218,HVA-0005,2022-08-27,14,Customer Changed Mind
1353,SO0009224,9224,FAS-0011,2024-08-13,7,Damaged
1354,SO0009226,9226,PWR-0008,2024-03-21,4,Defective
1355,SO0009229,9229,HVA-0009,2021-05-04,4,Wrong Item
1356,SO0009233,9233,FAS-0011,2022-05-01,1,Damaged
1357,SO0009234,9234,HVA-0015,2022-08-15,15,Shipping Damage
1358,SO0009241,9241,ELE-0002,2025-08-15,6,Shipping Damage
1359,SO0009245,9245,ELE-0016,2022-12-26,9,Customer Changed Mind
1360,SO0009245,9245,HVA-0012,2022-12-20,4,Customer Changed Mind
1361,SO0009246,9246,ELE-0001,2024-10-30,10,Shipping Damage
1362,SO0009248,9248,HVA-0022,2024-02-22,9,Customer Changed Mind
1363,SO0009248,9248,HVA-0019,2024-02-25,5,Customer Changed Mind
1364,SO0009251,9251,HVA-0017,2024-12-26,4,Customer Changed Mind
1365,SO0009263,9263,SAF-0004,2022-10-25,4,Customer Changed Mind
1366,SO0009272,9272,ELE-0008,2024-08-08,8,Defective
1367,SO0009275,9275,HVA-0020,2022-02-24,6,Defective
1368,SO0009275,9275,FAS-0001,2022-02-19,2,Defective
1369,SO0009278,9278,HVA-0010,2022-02-21,6,Damaged
1370,SO0009278,9278,ELE-0017,2022-03-15,4,Wrong Item
1371,SO0009280,9280,PWR-0012,2021-07-15,7,Shipping Damage
1372,SO0009285,9285,HVA-0008,2023-12-16,4,Customer Changed Mind
1373,SO0009303,9303,HVA-0016,2025-03-07,3,Damaged
1374,SO0009310,9310,ELE-0001,2023-08-06,7,Wrong Item
1375,SO0009320,9320,PWR-0004,2021-04-29,2,Shipping Damage
1376,SO0009321,9321,HVA-0014,2024-12-24,3,Defective
1377,SO0009333,9333,ELE-0023,2024-03-25,1,Wrong Item
1378,SO0009339,9339,ELE-0012,2023-07-06,11,Damaged
1379,SO0009341,9341,ELE-0005,2021-05-02,7,Customer Changed Mind
1380,SO0009342,9342,FAS-0002,2026-01-21,7,Wrong Item
1381,SO0009346,9346,PWR-0005,2023-03-11,3,Defective
1382,SO0009364,9364,PWR-0007,2023-03-19,3,Customer Changed Mind
1383,SO0009368,9368,ELE-0019,2025-09-01,10,Wrong Item
1384,SO0009370,9370,FAS-0005,2024-06-01,6,Shipping Damage
1385,SO0009378,9378,SAF-0016,2021-04-25,3,Defective
1386,SO0009380,9380,HVA-0005,2025-05-31,1,Wrong Item
1387,SO0009382,9382,PWR-0003,2021-12-14,4,Customer Changed Mind
1388,SO0009387,9387,PWR-0014,2025-06-15,12,Wrong Item
1389,SO0009410,9410,PWR-0013,2023-01-25,4,Wrong Item
1390,SO0009411,9411,ELE-0005,2025-03-21,9,Shipping Damage
1391,SO0009416,9416,HVA-0010,2025-12-24,1,Defective
1392,SO0009420,9420,SAF-0001,2021-03-30,2,Defective
1393,SO0009423,9423,PWR-0007,2021-06-01,4,Shipping Damage
1394,SO0009428,9428,ELE-0002,2022-08-06,8,Damaged
1395,SO0009437,9437,ELE-0010,2024-08-09,6,Wrong Item
1396,SO0009443,9443,PWR-0011,2022-01-04,3,Defective
1397,SO0009454,9454,ELE-0005,2023-12-02,15,Defective
1398,SO0009458,9458,HVA-0017,2024-09-07,3,Defective
1399,SO0009460,9460,SAF-0006,2022-02-11,4,Customer Changed Mind
1400,SO0009479,9479,ELE-0018,2025-11-02,3,Defective
1401,SO0009481,9481,ELE-0005,2025-03-06,1,Shipping Damage
1402,SO0009482,9482,ELE-0003,2025-04-16,8,Wrong Item
1403,SO0009486,9486,PWR-0014,2025-05-31,7,Wrong Item
1404,SO0009494,9494,HVA-0022,2022-09-03,16,Customer Changed Mind
1405,SO0009495,9495,SAF-0012,2021-02-17,3,Damaged
1406,SO0009498,9498,PWR-0009,2024-08-15,10,Shipping Damage
1407,SO0009515,9515,HVA-0016,2024-12-29,19,Defective
1408,SO0009516,9516,HVA-0028,2025-04-28,1,Customer Changed Mind
1409,SO0009517,9517,FAS-0014,2022-03-28,3,Shipping Damage
1410,SO0009521,9521,HVA-0003,2022-02-02,7,Damaged
1411,SO0009532,9532,PWR-0009,2023-12-15,7,Customer Changed Mind
1412,SO0009535,9535,FAS-0001,2025-07-25,6,Defective
1413,SO0009544,9544,PWR-0002,2021-07-30,4,Shipping Damage
1414,SO0009544,9544,PWR-0011,2021-07-07,10,Shipping Damage
1415,SO0009550,9550,HVA-0019,2023-05-01,10,Shipping Damage
1416,SO0009557,9557,SAF-0005,2024-03-08,2,Customer Changed Mind
1417,SO0009557,9557,ELE-0008,2024-02-21,6,Defective
1418,SO0009565,9565,SAF-0004,2025-01-12,1,Defective
1419,SO0009568,9568,SAF-0012,2023-08-28,3,Wrong Item
1420,SO0009568,9568,ELE-0009,2023-09-04,10,Shipping Damage
1421,SO0009574,9574,ELE-0005,2023-04-25,2,Customer Changed Mind
1422,SO0009576,9576,HVA-0015,2021-05-12,3,Wrong Item
1423,SO0009586,9586,FAS-0002,2025-10-26,3,Shipping Damage
1424,SO0009590,9590,HVA-0006,2023-07-29,1,Customer Changed Mind
1425,SO0009610,9610,HVA-0023,2024-09-04,2,Shipping Damage
1426,SO0009614,9614,PWR-0002,2021-03-04,2,Defective
1427,SO0009625,9625,FAS-0012,2024-11-17,6,Customer Changed Mind
1428,SO0009632,9632,SAF-0011,2025-08-29,6,Customer Changed Mind
1429,SO0009635,9635,ELE-0015,2024-12-16,3,Customer Changed Mind
1430,SO0009637,9637,PWR-0012,2025-05-03,8,Damaged
1431,SO0009638,9638,HVA-0003,2025-11-08,1,Customer Changed Mind
1432,SO0009642,9642,PWR-0012,2024-03-16,8,Wrong Item
1433,SO0009647,9647,SAF-0012,2023-09-28,1,Customer Changed Mind
1434,SO0009649,9649,FAS-0017,2025-06-11,8,Wrong Item
1435,SO0009650,9650,PWR-0009,2023-09-06,8,Damaged
1436,SO0009651,9651,ELE-0023,2024-04-06,16,Damaged
1437,SO0009652,9652,HVA-0010,2024-09-23,1,Shipping Damage
1438,SO0009653,9653,FAS-0007,2021-10-02,7,Wrong Item
1439,SO0009661,9661,HVA-0005,2024-04-03,3,Customer Changed Mind
1440,SO0009663,9663,SAF-0006,2022-07-20,10,Customer Changed Mind
1441,SO0009668,9668,SAF-0008,2023-03-13,8,Damaged
1442,SO0009674,9674,HVA-0024,2024-02-03,12,Damaged
1443,SO0009680,9680,HVA-0011,2023-05-09,5,Damaged
1444,SO0009686,9686,ELE-0011,2024-02-09,1,Wrong Item
1445,SO0009691,9691,SAF-0013,2024-07-17,13,Defective
1446,SO0009692,9692,ELE-0002,2022-11-02,3,Shipping Damage
1447,SO0009692,9692,ELE-0018,2022-11-18,5,Wrong Item
1448,SO0009700,9700,PWR-0003,2023-06-10,6,Defective
1449,SO0009704,9704,FAS-0012,2024-02-19,9,Customer Changed Mind
1450,SO0009704,9704,SAF-0006,2024-02-14,9,Shipping Damage
1451,SO0009707,9707,FAS-0017,2021-11-13,1,Shipping Damage
1452,SO0009713,9713,PWR-0006,2023-06-01,1,Customer Changed Mind
1453,SO0009721,9721,SAF-0003,2025-04-23,5,Customer Changed Mind
1454,SO0009723,9723,HVA-0004,2023-01-30,1,Shipping Damage
1455,SO0009727,9727,FAS-0017,2021-03-06,2,Customer Changed Mind
1456,SO0009735,9735,FAS-0012,2024-01-05,16,Defective
1457,SO0009737,9737,SAF-0009,2025-11-11,9,Defective
1458,SO0009740,9740,HVA-0002,2025-05-01,2,Customer Changed Mind
1459,SO0009743,9743,HVA-0024,2021-10-15,8,Damaged
1460,SO0009755,9755,HVA-0006,2025-05-26,13,Wrong Item
1461,SO0009758,9758,FAS-0017,2023-02-09,13,Shipping Damage
1462,SO0009776,9776,PWR-0002,2021-06-28,13,Customer Changed Mind
1463,SO0009781,9781,SAF-0005,2022-12-29,3,Shipping Damage
1464,SO0009782,9782,SAF-0011,2021-06-02,7,Damaged
1465,SO0009790,9790,FAS-0001,2021-05-24,4,Customer Changed Mind
1466,SO0009793,9793,PWR-0006,2025-06-29,4,Defective
1467,SO0009793,9793,SAF-0003,2025-06-27,2,Shipping Damage
1468,SO0009794,9794,FAS-0012,2022-09-06,7,Customer Changed Mind
1469,SO0009797,9797,HVA-0025,2021-07-14,8,Shipping Damage
1470,SO0009798,9798,FAS-0015,2021-07-14,5,Wrong Item
1471,SO0009800,9800,ELE-0016,2023-11-17,1,Defective
1472,SO0009802,9802,PWR-0010,2024-09-03,3,Customer Changed Mind
1473,SO0009803,9803,HVA-0017,2021-11-25,1,Customer Changed Mind
1474,SO0009817,9817,FAS-0014,2022-06-28,17,Customer Changed Mind
1475,SO0009821,9821,SAF-0001,2025-10-08,1,Damaged
1476,SO0009832,9832,HVA-0019,2022-05-03,4,Customer Changed Mind
1477,SO0009833,9833,FAS-0002,2021-12-03,3,Damaged
1478,SO0009839,9839,SAF-0002,2023-08-24,10,Defective
1479,SO0009842,9842,SAF-0001,2025-04-10,2,Customer Changed Mind
1480,SO0009856,9856,FAS-0007,2023-01-20,1,Damaged
1481,SO0009869,9869,FAS-0018,2025-01-29,1,Shipping Damage
1482,SO0009893,9893,SAF-0001,2022-04-27,12,Customer Changed Mind
1483,SO0009895,9895,FAS-0014,2022-12-30,10,Shipping Damage
1484,SO0009898,9898,SAF-0006,2022-09-02,1,Defective
1485,SO0009901,9901,PWR-0009,2021-05-18,2,Defective
1486,SO0009908,9908,ELE-0014,2022-02-04,2,Shipping Damage
1487,SO0009912,9912,HVA-0017,2021-10-26,3,Customer Changed Mind
1488,SO0009913,9913,SAF-0009,2025-07-25,8,Shipping Damage
1489,SO0009923,9923,PWR-0005,2023-08-01,12,Defective
1490,SO0009927,9927,HVA-0017,2023-08-01,3,Wrong Item
1491,SO0009932,9932,PWR-0005,2021-03-23,1,Wrong Item
1492,SO0009933,9933,FAS-0012,2024-12-13,2,Damaged
1493,SO0009939,9939,HVA-0003,2022-01-14,3,Damaged
1494,SO0009944,9944,ELE-0009,2021-10-19,12,Damaged
1495,SO0009950,9950,ELE-0023,2024-12-31,7,Customer Changed Mind
1496,SO0009953,9953,SAF-0001,2023-02-05,2,Shipping Damage
1497,SO0009957,9957,HVA-0004,2025-02-19,6,Customer Changed Mind
1498,SO0009957,9957,HVA-0028,2025-02-17,9,Defective
1499,SO0009958,9958,PWR-0001,2022-02-06,3,Wrong Item
1500,SO0009960,9960,HVA-0001,2025-08-23,1,Defective
1501,SO0009967,9967,SAF-0012,2021-02-27,4,Shipping Damage
1502,SO0009969,9969,SAF-0009,2024-05-07,1,Customer Changed Mind
1503,SO0009978,9978,SAF-0007,2025-06-13,5,Customer Changed Mind
1504,SO0009978,9978,ELE-0022,2025-05-22,6,Damaged
1505,SO0009978,9978,PWR-0012,2025-06-06,3,Damaged
1506,SO0009986,9986,ELE-0004,2025-03-29,4,Wrong Item
1507,SO0009988,9988,ELE-0006,2025-05-08,16,Customer Changed Mind
1508,SO0010005,10005,PWR-0010,2021-06-22,1,Damaged
1509,SO0010010,10010,FAS-0010,2025-01-17,1,Shipping Damage
1510,SO0010014,10014,ELE-0002,2025-11-16,1,Customer Changed Mind
1511,SO0010025,10025,PWR-0012,2023-05-03,8,Shipping Damage
1512,SO0010025,10025,FAS-0001,2023-04-17,15,Wrong Item
1513,SO0010029,10029,HVA-0007,2021-09-13,1,Defective
1514,SO0010030,10030,ELE-0022,2024-10-12,11,Customer Changed Mind
1515,SO0010031,10031,HVA-0022,2024-12-17,1,Shipping Damage
1516,SO0010038,10038,FAS-0006,2025-04-25,2,Wrong Item
1517,SO0010043,10043,HVA-0028,2021-06-20,3,Damaged
1518,SO0010044,10044,HVA-0019,2022-10-06,10,Damaged
1519,SO0010052,10052,ELE-0004,2022-04-12,3,Shipping Damage
1520,SO0010053,10053,FAS-0010,2024-01-06,4,Wrong Item
1521,SO0010061,10061,SAF-0002,2025-11-29,4,Damaged
1522,SO0010064,10064,HVA-0014,2025-02-23,6,Damaged
1523,SO0010080,10080,PWR-0005,2022-02-17,9,Defective
1524,SO0010085,10085,SAF-0016,2024-08-08,1,Shipping Damage
1525,SO0010090,10090,HVA-0013,2025-10-29,6,Defective
1526,SO0010096,10096,ELE-0023,2021-08-14,1,Wrong Item
1527,SO0010100,10100,SAF-0003,2023-10-16,18,Customer Changed Mind
1528,SO0010109,10109,ELE-0016,2023-04-06,3,Shipping Damage
1529,SO0010117,10117,HVA-0010,2023-01-17,2,Shipping Damage
1530,SO0010118,10118,PWR-0007,2021-02-28,3,Customer Changed Mind
1531,SO0010119,10119,ELE-0013,2024-11-06,4,Wrong Item
1532,SO0010121,10121,ELE-0017,2023-01-09,1,Defective
1533,SO0010122,10122,FAS-0012,2022-11-26,1,Defective
1534,SO0010136,10136,HVA-0001,2021-03-24,4,Shipping Damage
1535,SO0010139,10139,FAS-0009,2025-09-06,1,Defective
1536,SO0010141,10141,ELE-0013,2022-04-24,12,Shipping Damage
1537,SO0010162,10162,FAS-0005,2022-05-16,18,Damaged
1538,SO0010180,10180,PWR-0001,2025-08-05,2,Defective
1539,SO0010181,10181,SAF-0011,2023-08-16,8,Defective
1540,SO0010192,10192,PWR-0012,2021-09-09,1,Shipping Damage
1541,SO0010196,10196,FAS-0018,2023-10-02,9,Defective
1542,SO0010206,10206,HVA-0020,2021-11-25,3,Damaged
1543,SO0010211,10211,FAS-0018,2023-06-15,1,Damaged
1544,SO0010216,10216,SAF-0006,2024-10-15,2,Defective
1545,SO0010219,10219,ELE-0017,2021-10-30,6,Customer Changed Mind
1546,SO0010226,10226,PWR-0006,2022-03-27,2,Customer Changed Mind
1547,SO0010228,10228,HVA-0013,2023-07-31,9,Shipping Damage
1548,SO0010232,10232,SAF-0007,2022-03-01,19,Shipping Damage
1549,SO0010233,10233,PWR-0004,2024-02-03,4,Wrong Item
1550,SO0010238,10238,PWR-0008,2022-02-26,4,Customer Changed Mind
1551,SO0010238,10238,SAF-0010,2022-03-07,2,Defective
1552,SO0010265,10265,FAS-0016,2022-01-02,2,Damaged
1553,SO0010270,10270,HVA-0006,2024-10-09,7,Damaged
1554,SO0010276,10276,HVA-0010,2024-04-04,3,Customer Changed Mind
1555,SO0010281,10281,ELE-0015,2024-11-25,11,Wrong Item
1556,SO0010282,10282,SAF-0015,2022-08-07,5,Damaged
1557,SO0010296,10296,HVA-0006,2022-07-07,10,Shipping Damage
1558,SO0010296,10296,ELE-0022,2022-07-19,1,Shipping Damage
1559,SO0010298,10298,SAF-0015,2021-09-14,3,Customer Changed Mind
1560,SO0010302,10302,ELE-0007,2023-11-09,7,Damaged
1561,SO0010306,10306,FAS-0018,2022-03-02,3,Damaged
1562,SO0010307,10307,ELE-0022,2021-07-11,3,Shipping Damage
1563,SO0010314,10314,SAF-0010,2023-08-28,6,Defective
1564,SO0010322,10322,FAS-0009,2023-10-24,9,Shipping Damage
1565,SO0010325,10325,HVA-0014,2025-12-09,1,Defective
1566,SO0010331,10331,PWR-0003,2024-11-16,3,Defective
1567,SO0010335,10335,HVA-0003,2022-07-14,6,Wrong Item
1568,SO0010339,10339,PWR-0008,2024-09-26,3,Defective
1569,SO0010350,10350,HVA-0017,2026-01-06,1,Wrong Item
1570,SO0010364,10364,FAS-0013,2024-08-10,14,Customer Changed Mind
1571,SO0010372,10372,FAS-0017,2024-12-10,1,Wrong Item
1572,SO0010379,10379,SAF-0010,2021-11-08,12,Defective
1573,SO0010394,10394,FAS-0018,2022-06-13,5,Damaged
1574,SO0010397,10397,HVA-0027,2021-11-07,12,Wrong Item
1575,SO0010402,10402,FAS-0010,2022-04-03,3,Defective
1576,SO0010411,10411,ELE-0008,2022-02-25,1,Shipping Damage
1577,SO0010422,10422,PWR-0006,2023-06-03,2,Defective
1578,SO0010426,10426,HVA-0021,2023-02-27,3,Defective
1579,SO0010426,10426,ELE-0002,2023-03-05,3,Shipping Damage
1580,SO0010432,10432,PWR-0012,2024-01-11,3,Shipping Damage
1581,SO0010440,10440,PWR-0007,2021-04-10,3,Damaged
1582,SO0010442,10442,ELE-0009,2023-12-03,2,Customer Changed Mind
1583,SO0010444,10444,FAS-0001,2023-04-10,3,Shipping Damage
1584,SO0010454,10454,SAF-0016,2024-03-09,17,Wrong Item
1585,SO0010460,10460,ELE-0001,2024-04-02,9,Damaged
1586,SO0010465,10465,HVA-0010,2023-07-26,16,Customer Changed Mind
1587,SO0010471,10471,SAF-0013,2023-09-06,4,Defective
1588,SO0010473,10473,FAS-0005,2021-12-18,9,Wrong Item
1589,SO0010479,10479,SAF-0001,2022-07-29,5,Damaged
1590,SO0010484,10484,PWR-0001,2023-11-15,1,Shipping Damage
1591,SO0010494,10494,FAS-0017,2025-05-26,10,Damaged
1592,SO0010496,10496,HVA-0027,2023-04-24,1,Damaged
1593,SO0010499,10499,HVA-0014,2023-02-10,1,Shipping Damage
1594,SO0010502,10502,ELE-0008,2023-05-08,3,Customer Changed Mind
1595,SO0010504,10504,PWR-0003,2022-03-17,1,Damaged
1596,SO0010506,10506,FAS-0009,2025-12-03,4,Defective
1597,SO0010516,10516,HVA-0028,2021-12-06,8,Defective
1598,SO0010523,10523,FAS-0012,2022-10-27,6,Shipping Damage
1599,SO0010538,10538,ELE-0016,2023-07-19,7,Shipping Damage
1600,SO0010539,10539,FAS-0018,2021-09-26,8,Defective
1601,SO0010541,10541,FAS-0017,2023-12-12,6,Wrong Item
1602,SO0010544,10544,FAS-0004,2023-08-21,5,Customer Changed Mind
1603,SO0010545,10545,ELE-0007,2024-10-09,8,Wrong Item
1604,SO0010546,10546,PWR-0002,2023-03-30,2,Shipping Damage
1605,SO0010558,10558,SAF-0015,2024-05-27,2,Wrong Item
1606,SO0010562,10562,HVA-0022,2024-09-27,4,Defective
1607,SO0010567,10567,ELE-0009,2025-03-02,5,Defective
1608,SO0010580,10580,SAF-0006,2025-08-22,6,Customer Changed Mind
1609,SO0010582,10582,ELE-0017,2021-03-24,3,Shipping Damage
1610,SO0010591,10591,FAS-0001,2025-07-03,7,Defective
1611,SO0010598,10598,SAF-0001,2023-06-30,1,Damaged
1612,SO0010601,10601,PWR-0009,2021-09-29,5,Shipping Damage
1613,SO0010604,10604,ELE-0004,2025-06-09,1,Wrong Item
1614,SO0010605,10605,ELE-0004,2023-01-03,8,Defective
1615,SO0010612,10612,PWR-0012,2022-05-23,2,Defective
1616,SO0010618,10618,FAS-0016,2025-06-23,5,Customer Changed Mind
1617,SO0010625,10625,SAF-0007,2023-01-29,7,Shipping Damage
1618,SO0010629,10629,HVA-0024,2022-08-20,6,Damaged
1619,SO0010632,10632,HVA-0015,2021-12-11,8,Wrong Item
1620,SO0010633,10633,HVA-0014,2025-02-15,5,Wrong Item
1621,SO0010633,10633,ELE-0004,2025-02-17,5,Customer Changed Mind
1622,SO0010640,10640,HVA-0022,2022-02-03,8,Customer Changed Mind
1623,SO0010668,10668,FAS-0010,2023-10-07,8,Defective
1624,SO0010677,10677,HVA-0007,2023-04-13,8,Customer Changed Mind
1625,SO0010677,10677,PWR-0009,2023-03-22,5,Wrong Item
1626,SO0010680,10680,ELE-0005,2021-05-26,16,Defective
1627,SO0010686,10686,FAS-0003,2024-10-12,8,Defective
1628,SO0010699,10699,ELE-0014,2022-05-09,12,Defective
1629,SO0010700,10700,HVA-0006,2022-03-12,9,Damaged
1630,SO0010701,10701,HVA-0012,2024-06-20,2,Shipping Damage
1631,SO0010729,10729,HVA-0018,2021-02-04,8,Customer Changed Mind
1632,SO0010736,10736,PWR-0013,2024-08-09,13,Damaged
1633,SO0010743,10743,PWR-0011,2023-01-25,6,Defective
1634,SO0010746,10746,HVA-0020,2024-11-24,2,Shipping Damage
1635,SO0010750,10750,SAF-0012,2022-11-16,6,Defective
1636,SO0010766,10766,FAS-0009,2022-01-22,5,Defective
1637,SO0010769,10769,PWR-0010,2025-12-21,2,Customer Changed Mind
1638,SO0010780,10780,SAF-0007,2024-02-10,4,Shipping Damage
1639,SO0010805,10805,ELE-0010,2021-05-17,4,Defective
1640,SO0010806,10806,PWR-0007,2025-10-22,3,Customer Changed Mind
1641,SO0010815,10815,HVA-0020,2021-04-17,9,Damaged
1642,SO0010818,10818,FAS-0018,2024-02-05,3,Customer Changed Mind
1643,SO0010820,10820,PWR-0009,2022-06-02,5,Shipping Damage
1644,SO0010823,10823,FAS-0016,2024-10-24,15,Wrong Item
1645,SO0010836,10836,PWR-0006,2021-11-21,4,Customer Changed Mind
1646,SO0010851,10851,HVA-0013,2023-06-09,1,Defective
1647,SO0010862,10862,HVA-0012,2025-09-15,2,Defective
1648,SO0010870,10870,SAF-0013,2024-04-08,8,Shipping Damage
1649,SO0010875,10875,HVA-0008,2024-05-08,8,Customer Changed Mind
1650,SO0010882,10882,SAF-0007,2023-06-27,1,Customer Changed Mind
1651,SO0010885,10885,FAS-0008,2023-11-10,1,Defective
1652,SO0010886,10886,PWR-0007,2025-02-06,4,Defective
1653,SO0010890,10890,HVA-0025,2021-02-13,10,Wrong Item
1654,SO0010899,10899,HVA-0015,2023-02-06,4,Damaged
1655,SO0010912,10912,SAF-0001,2025-07-18,5,Defective
1656,SO0010916,10916,SAF-0006,2021-08-16,1,Defective
1657,SO0010942,10942,FAS-0012,2023-03-23,1,Wrong Item
1658,SO0010973,10973,ELE-0018,2024-07-25,6,Customer Changed Mind
1659,SO0010973,10973,ELE-0021,2024-07-26,11,Shipping Damage
1660,SO0010975,10975,SAF-0013,2022-02-04,8,Damaged
1661,SO0010978,10978,PWR-0014,2023-06-03,10,Shipping Damage
1662,SO0010984,10984,PWR-0006,2023-02-21,2,Customer Changed Mind
1663,SO0010987,10987,ELE-0003,2023-11-29,2,Wrong Item
1664,SO0010988,10988,ELE-0020,2022-04-03,1,Shipping Damage
1665,SO0010996,10996,ELE-0010,2021-11-12,3,Damaged
1666,SO0011001,11001,SAF-0001,2024-09-16,8,Wrong Item
1667,SO0011003,11003,HVA-0006,2025-04-18,7,Shipping Damage
1668,SO0011014,11014,SAF-0012,2023-11-17,2,Customer Changed Mind
1669,SO0011019,11019,HVA-0014,2024-10-04,1,Shipping Damage
1670,SO0011037,11037,FAS-0005,2022-09-14,8,Defective
1671,SO0011044,11044,FAS-0001,2021-10-05,13,Shipping Damage
1672,SO0011054,11054,PWR-0012,2021-02-08,4,Customer Changed Mind
1673,SO0011057,11057,SAF-0012,2025-06-22,2,Customer Changed Mind
1674,SO0011065,11065,SAF-0008,2022-08-30,4,Wrong Item
1675,SO0011065,11065,HVA-0024,2022-09-04,1,Customer Changed Mind
1676,SO0011066,11066,SAF-0008,2025-04-08,1,Wrong Item
1677,SO0011094,11094,SAF-0011,2021-03-30,12,Customer Changed Mind
1678,SO0011103,11103,ELE-0019,2022-06-30,2,Wrong Item
1679,SO0011104,11104,HVA-0020,2023-09-08,8,Damaged
1680,SO0011106,11106,SAF-0017,2021-06-12,3,Customer Changed Mind
1681,SO0011116,11116,ELE-0006,2024-02-14,7,Wrong Item
1682,SO0011119,11119,SAF-0013,2023-05-26,10,Shipping Damage
1683,SO0011126,11126,FAS-0011,2024-07-17,9,Defective
1684,SO0011127,11127,PWR-0007,2022-03-07,3,Shipping Damage
1685,SO0011132,11132,SAF-0005,2021-08-23,1,Shipping Damage
1686,SO0011132,11132,ELE-0023,2021-09-03,5,Defective
1687,SO0011139,11139,HVA-0026,2022-06-01,6,Damaged
1688,SO0011140,11140,FAS-0013,2024-07-07,5,Customer Changed Mind
1689,SO0011141,11141,ELE-0007,2021-05-01,2,Shipping Damage
1690,SO0011142,11142,HVA-0025,2021-09-10,1,Customer Changed Mind
1691,SO0011145,11145,SAF-0008,2021-06-13,2,Damaged
1692,SO0011154,11154,ELE-0006,2022-07-23,8,Defective
1693,SO0011160,11160,PWR-0001,2021-05-23,8,Defective
1694,SO0011197,11197,FAS-0004,2024-04-26,1,Damaged
1695,SO0011200,11200,FAS-0017,2023-09-19,10,Shipping Damage
1696,SO0011210,11210,ELE-0016,2023-09-06,2,Shipping Damage
1697,SO0011214,11214,HVA-0022,2022-09-09,13,Wrong Item
1698,SO0011218,11218,SAF-0012,2023-04-14,3,Customer Changed Mind
1699,SO0011226,11226,FAS-0016,2024-11-18,1,Wrong Item
1700,SO0011227,11227,HVA-0008,2023-08-29,6,Customer Changed Mind
1701,SO0011229,11229,FAS-0017,2024-09-11,3,Damaged
1702,SO0011238,11238,HVA-0006,2022-09-06,3,Wrong Item
1703,SO0011247,11247,PWR-0009,2022-11-19,1,Damaged
1704,SO0011249,11249,HVA-0013,2023-02-04,4,Shipping Damage
1705,SO0011263,11263,HVA-0017,2024-08-08,13,Shipping Damage
1706,SO0011270,11270,PWR-0013,2022-10-19,2,Wrong Item
1707,SO0011274,11274,SAF-0001,2025-12-22,10,Wrong Item
1708,SO0011284,11284,FAS-0014,2022-04-14,12,Customer Changed Mind
1709,SO0011294,11294,ELE-0003,2022-01-04,2,Shipping Damage
1710,SO0011302,11302,SAF-0013,2025-06-04,6,Defective
1711,SO0011313,11313,ELE-0003,2022-05-06,9,Customer Changed Mind
1712,SO0011334,11334,ELE-0015,2025-12-20,1,Customer Changed Mind
1713,SO0011338,11338,SAF-0002,2022-02-05,9,Customer Changed Mind
1714,SO0011343,11343,HVA-0002,2022-11-12,1,Wrong Item
1715,SO0011345,11345,FAS-0016,2023-07-02,11,Damaged
1716,SO0011345,11345,ELE-0015,2023-07-03,3,Defective
1717,SO0011347,11347,PWR-0013,2024-11-23,4,Customer Changed Mind
1718,SO0011363,11363,FAS-0011,2025-06-28,3,Customer Changed Mind
1719,SO0011370,11370,HVA-0018,2021-05-19,10,Shipping Damage
1720,SO0011370,11370,SAF-0006,2021-05-18,2,Wrong Item
1721,SO0011375,11375,HVA-0004,2024-09-17,14,Shipping Damage
1722,SO0011400,11400,HVA-0026,2023-05-31,16,Shipping Damage
1723,SO0011403,11403,FAS-0010,2022-02-02,2,Defective
1724,SO0011406,11406,FAS-0007,2024-08-20,6,Defective
1725,SO0011414,11414,HVA-0007,2025-05-15,8,Shipping Damage
1726,SO0011436,11436,PWR-0009,2022-05-01,2,Defective
1727,SO0011442,11442,HVA-0001,2023-05-15,12,Shipping Damage
1728,SO0011461,11461,SAF-0011,2024-10-12,6,Customer Changed Mind
1729,SO0011468,11468,ELE-0012,2022-06-26,3,Shipping Damage
1730,SO0011472,11472,ELE-0012,2023-05-11,1,Damaged
1731,SO0011487,11487,FAS-0006,2023-10-04,8,Shipping Damage
1732,SO0011488,11488,HVA-0005,2021-08-23,18,Defective
1733,SO0011493,11493,SAF-0016,2025-11-30,2,Defective
1734,SO0011500,11500,HVA-0015,2022-10-25,15,Wrong Item
1735,SO0011511,11511,HVA-0010,2021-07-17,17,Damaged
1736,SO0011529,11529,HVA-0020,2022-10-24,3,Defective
1737,SO0011538,11538,ELE-0003,2025-06-07,2,Defective
1738,SO0011543,11543,ELE-0005,2023-12-05,9,Damaged
1739,SO0011551,11551,FAS-0015,2025-09-18,2,Wrong Item
1740,SO0011559,11559,ELE-0002,2022-01-02,11,Shipping Damage
1741,SO0011570,11570,HVA-0019,2023-05-26,2,Defective
1742,SO0011579,11579,HVA-0023,2021-02-28,2,Defective
1743,SO0011580,11580,HVA-0013,2021-04-21,16,Shipping Damage
1744,SO0011583,11583,FAS-0012,2022-12-19,9,Defective
1745,SO0011589,11589,HVA-0007,2025-07-14,8,Damaged
1746,SO0011618,11618,FAS-0002,2025-11-13,2,Wrong Item
1747,SO0011627,11627,HVA-0015,2026-01-16,5,Customer Changed Mind
1748,SO0011630,11630,ELE-0019,2025-02-24,1,Damaged
1749,SO0011630,11630,PWR-0002,2025-03-11,3,Customer Changed Mind
1750,SO0011648,11648,HVA-0012,2025-05-14,6,Damaged
1751,SO0011655,11655,SAF-0017,2021-04-30,1,Wrong Item
1752,SO0011659,11659,SAF-0013,2026-01-05,3,Wrong Item
1753,SO0011660,11660,SAF-0008,2021-08-26,7,Customer Changed Mind
1754,SO0011663,11663,ELE-0016,2024-10-15,2,Wrong Item
1755,SO0011670,11670,SAF-0011,2022-06-15,9,Wrong Item
1756,SO0011678,11678,ELE-0011,2024-03-14,7,Shipping Damage
1757,SO0011689,11689,SAF-0001,2022-09-13,7,Shipping Damage
1758,SO0011731,11731,HVA-0020,2021-11-02,20,Shipping Damage
1759,SO0011733,11733,FAS-0007,2024-11-29,10,Defective
1760,SO0011737,11737,SAF-0011,2021-09-07,6,Defective
1761,SO0011740,11740,PWR-0001,2022-08-20,7,Customer Changed Mind
1762,SO0011745,11745,FAS-0005,2023-12-26,2,Damaged
1763,SO0011759,11759,HVA-0012,2023-03-05,1,Shipping Damage
1764,SO0011762,11762,PWR-0003,2021-11-20,5,Wrong Item
1765,SO0011763,11763,HVA-0022,2024-10-28,1,Customer Changed Mind
1766,SO0011770,11770,ELE-0015,2025-08-10,3,Shipping Damage
1767,SO0011777,11777,ELE-0007,2025-03-21,3,Customer Changed Mind
1768,SO0011779,11779,FAS-0009,2025-12-12,6,Shipping Damage
1769,SO0011787,11787,HVA-0028,2024-09-29,12,Shipping Damage
1770,SO0011802,11802,SAF-0003,2021-04-15,3,Customer Changed Mind
1771,SO0011815,11815,FAS-0012,2025-04-02,10,Shipping Damage
1772,SO0011819,11819,FAS-0010,2021-11-08,2,Customer Changed Mind
1773,SO0011820,11820,ELE-0018,2024-08-15,1,Shipping Damage
1774,SO0011822,11822,ELE-0015,2021-08-27,4,Customer Changed Mind
1775,SO0011824,11824,HVA-0008,2025-03-26,6,Wrong Item
1776,SO0011827,11827,SAF-0013,2024-08-19,1,Wrong Item
1777,SO0011828,11828,FAS-0005,2021-09-12,2,Wrong Item
1778,SO0011835,11835,FAS-0009,2024-10-01,8,Damaged
1779,SO0011840,11840,FAS-0008,2024-05-09,5,Shipping Damage
1780,SO0011841,11841,SAF-0015,2022-06-14,2,Customer Changed Mind
1781,SO0011846,11846,HVA-0007,2024-10-24,6,Shipping Damage
1782,SO0011876,11876,FAS-0009,2023-08-17,3,Wrong Item
1783,SO0011886,11886,FAS-0008,2023-03-13,1,Customer Changed Mind
1784,SO0011887,11887,FAS-0011,2024-10-07,2,Defective
1785,SO0011901,11901,HVA-0010,2025-04-14,1,Defective
1786,SO0011901,11901,ELE-0012,2025-04-13,11,Shipping Damage
1787,SO0011904,11904,PWR-0011,2021-07-08,5,Damaged
1788,SO0011905,11905,FAS-0008,2023-10-02,1,Defective
1789,SO0011919,11919,SAF-0015,2024-11-11,10,Customer Changed Mind
1790,SO0011920,11920,PWR-0011,2025-08-13,15,Shipping Damage
1791,SO0011939,11939,SAF-0015,2022-01-07,7,Shipping Damage
1792,SO0011945,11945,HVA-0016,2022-03-09,9,Shipping Damage
1793,SO0011956,11956,FAS-0007,2024-01-06,6,Defective
1794,SO0011958,11958,SAF-0015,2025-04-23,8,Damaged
1795,SO0011962,11962,FAS-0001,2025-12-05,5,Wrong Item
1796,SO0011972,11972,ELE-0003,2023-06-19,5,Shipping Damage
1797,SO0011973,11973,SAF-0003,2021-11-16,4,Customer Changed Mind
1798,SO0011989,11989,HVA-0019,2021-12-15,8,Defective
1799,SO0011993,11993,PWR-0001,2025-01-31,3,Damaged
1800,SO0012000,12000,ELE-0008,2021-12-27,4,Defective
1801,SO0012006,12006,SAF-0007,2022-04-17,1,Damaged
1802,SO0012026,12026,HVA-0016,2024-01-06,2,Defective
1803,SO0012034,12034,HVA-0018,2026-01-01,6,Damaged
1804,SO0012035,12035,ELE-0014,2024-08-17,8,Wrong Item
1805,SO0012037,12037,SAF-0004,2025-03-18,4,Wrong Item
1806,SO0012038,12038,HVA-0008,2021-12-29,5,Damaged
1807,SO0012044,12044,FAS-0006,2021-02-17,4,Customer Changed Mind
1808,SO0012053,12053,PWR-0012,2021-06-20,10,Damaged
1809,SO0012063,12063,FAS-0005,2026-01-04,7,Damaged
1810,SO0012065,12065,FAS-0010,2021-12-03,5,Shipping Damage
1811,SO0012070,12070,ELE-0002,2024-05-01,7,Wrong Item
1812,SO0012071,12071,ELE-0006,2022-10-11,18,Damaged
1813,SO0012073,12073,ELE-0011,2025-06-23,9,Damaged
1814,SO0012078,12078,HVA-0020,2024-11-08,13,Damaged
1815,SO0012080,12080,PWR-0004,2025-07-01,14,Damaged
1816,SO0012080,12080,HVA-0028,2025-06-21,1,Shipping Damage
1817,SO0012084,12084,FAS-0008,2025-05-06,3,Wrong Item
1818,SO0012092,12092,ELE-0014,2023-02-24,18,Wrong Item
1819,SO0012095,12095,ELE-0005,2024-12-16,12,Damaged
1820,SO0012097,12097,PWR-0008,2025-05-25,2,Customer Changed Mind
1821,SO0012104,12104,SAF-0001,2022-12-12,14,Defective
1822,SO0012110,12110,HVA-0009,2023-09-01,12,Damaged
1823,SO0012118,12118,SAF-0014,2021-07-15,11,Customer Changed Mind
1824,SO0012118,12118,SAF-0012,2021-07-15,1,Damaged
1825,SO0012118,12118,HVA-0022,2021-07-13,4,Customer Changed Mind
1826,SO0012120,12120,HVA-0005,2025-04-07,1,Customer Changed Mind
1827,SO0012127,12127,HVA-0024,2022-03-17,6,Defective
1828,SO0012137,12137,SAF-0008,2024-04-08,4,Wrong Item
1829,SO0012146,12146,HVA-0019,2025-04-11,2,Defective
1830,SO0012154,12154,PWR-0004,2021-07-11,11,Damaged
1831,SO0012165,12165,PWR-0014,2023-01-12,1,Defective
1832,SO0012170,12170,PWR-0008,2024-05-15,6,Damaged
1833,SO0012171,12171,SAF-0004,2022-12-03,10,Defective
1834,SO0012177,12177,SAF-0008,2024-10-11,2,Damaged
1835,SO0012182,12182,FAS-0010,2024-08-15,6,Shipping Damage
1836,SO0012191,12191,PWR-0014,2023-05-12,6,Shipping Damage
1837,SO0012212,12212,ELE-0004,2024-12-30,16,Shipping Damage
1838,SO0012212,12212,HVA-0002,2025-01-19,13,Defective
1839,SO0012213,12213,PWR-0012,2024-05-23,1,Defective
1840,SO0012214,12214,HVA-0024,2023-09-13,14,Damaged
1841,SO0012216,12216,SAF-0006,2024-04-04,9,Damaged
1842,SO0012227,12227,SAF-0015,2024-07-04,8,Defective
1843,SO0012229,12229,SAF-0013,2021-07-17,1,Defective
1844,SO0012238,12238,FAS-0011,2025-11-10,11,Wrong Item
1845,SO0012240,12240,PWR-0011,2022-05-24,3,Shipping Damage
1846,SO0012241,12241,HVA-0021,2022-02-21,1,Defective
1847,SO0012248,12248,HVA-0019,2021-06-18,10,Defective
1848,SO0012252,12252,ELE-0005,2025-06-06,1,Defective
1849,SO0012252,12252,ELE-0019,2025-05-31,17,Defective
1850,SO0012270,12270,ELE-0014,2022-05-02,1,Damaged
1851,SO0012273,12273,ELE-0001,2025-08-07,2,Damaged
1852,SO0012276,12276,FAS-0016,2021-08-09,2,Wrong Item
1853,SO0012277,12277,SAF-0003,2022-03-10,6,Damaged
1854,SO0012278,12278,HVA-0023,2024-10-20,6,Damaged
1855,SO0012285,12285,HVA-0005,2023-09-19,7,Shipping Damage
1856,SO0012286,12286,SAF-0014,2022-05-19,5,Damaged
1857,SO0012287,12287,FAS-0013,2025-11-18,1,Defective
1858,SO0012294,12294,FAS-0003,2021-07-14,5,Defective
1859,SO0012300,12300,ELE-0009,2024-07-06,20,Customer Changed Mind
1860,SO0012309,12309,HVA-0026,2025-10-30,1,Customer Changed Mind
1861,SO0012323,12323,HVA-0001,2023-05-20,1,Shipping Damage
1862,SO0012323,12323,ELE-0019,2023-05-28,10,Shipping Damage
1863,SO0012336,12336,ELE-0002,2025-11-30,7,Shipping Damage
1864,SO0012340,12340,SAF-0015,2025-11-15,3,Defective
1865,SO0012351,12351,PWR-0009,2021-09-21,8,Defective
1866,SO0012356,12356,ELE-0015,2025-05-19,5,Customer Changed Mind
1867,SO0012360,12360,ELE-0009,2023-06-25,2,Defective
1868,SO0012387,12387,SAF-0010,2024-07-03,9,Customer Changed Mind
1869,SO0012388,12388,FAS-0017,2025-01-07,1,Wrong Item
1870,SO0012393,12393,ELE-0002,2023-08-27,2,Defective
1871,SO0012395,12395,ELE-0023,2021-10-18,13,Damaged
1872,SO0012399,12399,SAF-0012,2025-08-18,4,Defective
1873,SO0012406,12406,FAS-0001,2025-07-06,6,Customer Changed Mind
1874,SO0012409,12409,HVA-0017,2024-10-08,6,Customer Changed Mind
1875,SO0012414,12414,PWR-0004,2022-01-03,1,Shipping Damage
1876,SO0012416,12416,ELE-0018,2024-02-10,11,Defective
1877,SO0012424,12424,ELE-0007,2022-10-20,1,Wrong Item
1878,SO0012443,12443,FAS-0014,2025-07-03,10,Wrong Item
1879,SO0012444,12444,FAS-0012,2022-09-06,2,Wrong Item
1880,SO0012445,12445,ELE-0008,2022-06-16,9,Customer Changed Mind
1881,SO0012451,12451,SAF-0015,2025-04-15,15,Damaged
1882,SO0012480,12480,SAF-0002,2023-10-09,4,Shipping Damage
1883,SO0012482,12482,ELE-0005,2021-10-17,4,Customer Changed Mind
1884,SO0012495,12495,ELE-0022,2021-04-13,3,Wrong Item
1885,SO0012498,12498,ELE-0020,2021-03-23,11,Damaged
1886,SO0012501,12501,ELE-0007,2024-06-24,12,Wrong Item
1887,SO0012510,12510,PWR-0002,2023-03-15,1,Damaged
1888,SO0012516,12516,HVA-0028,2022-12-03,9,Wrong Item
1889,SO0012555,12555,PWR-0010,2022-10-01,7,Customer Changed Mind
1890,SO0012559,12559,ELE-0010,2025-03-21,2,Wrong Item
1891,SO0012565,12565,HVA-0007,2021-08-15,2,Wrong Item
1892,SO0012578,12578,ELE-0003,2021-11-26,9,Wrong Item
1893,SO0012580,12580,SAF-0005,2023-12-21,6,Shipping Damage
1894,SO0012581,12581,SAF-0003,2023-01-29,1,Wrong Item
1895,SO0012589,12589,PWR-0008,2022-06-18,2,Shipping Damage
1896,SO0012592,12592,HVA-0022,2024-05-12,1,Damaged
1897,SO0012595,12595,HVA-0009,2021-10-22,5,Shipping Damage
1898,SO0012620,12620,FAS-0004,2024-02-10,3,Shipping Damage
1899,SO0012628,12628,HVA-0004,2023-09-11,4,Defective
1900,SO0012634,12634,ELE-0019,2024-09-21,2,Defective
1901,SO0012648,12648,ELE-0001,2025-11-03,17,Shipping Damage
1902,SO0012651,12651,HVA-0025,2024-08-23,2,Wrong Item
1903,SO0012659,12659,FAS-0002,2022-08-20,1,Damaged
1904,SO0012667,12667,ELE-0007,2021-02-03,1,Shipping Damage
1905,SO0012668,12668,HVA-0019,2021-10-14,3,Wrong Item
1906,SO0012675,12675,HVA-0010,2022-06-21,2,Shipping Damage
1907,SO0012682,12682,HVA-0017,2021-10-16,6,Shipping Damage
1908,SO0012688,12688,HVA-0022,2022-07-10,7,Wrong Item
1909,SO0012707,12707,PWR-0004,2025-06-17,7,Wrong Item
1910,SO0012711,12711,FAS-0011,2025-09-18,2,Wrong Item
1911,SO0012726,12726,ELE-0002,2023-07-18,2,Damaged
1912,SO0012730,12730,ELE-0023,2023-02-01,2,Customer Changed Mind
1913,SO0012741,12741,SAF-0013,2024-10-29,6,Defective
1914,SO0012757,12757,ELE-0006,2021-11-11,12,Shipping Damage
1915,SO0012757,12757,HVA-0004,2021-11-09,1,Customer Changed Mind
1916,SO0012758,12758,HVA-0022,2021-04-30,6,Customer Changed Mind
1917,SO0012765,12765,PWR-0007,2022-04-12,5,Shipping Damage
1918,SO0012766,12766,FAS-0006,2023-04-26,2,Defective
1919,SO0012771,12771,ELE-0006,2021-04-29,6,Customer Changed Mind
1920,SO0012774,12774,SAF-0014,2023-11-27,11,Customer Changed Mind
1921,SO0012779,12779,FAS-0016,2024-01-17,1,Defective
1922,SO0012784,12784,HVA-0015,2024-11-12,1,Customer Changed Mind
1923,SO0012789,12789,SAF-0017,2022-07-04,6,Shipping Damage
1924,SO0012791,12791,SAF-0011,2024-01-10,9,Defective
1925,SO0012795,12795,SAF-0008,2023-02-20,1,Wrong Item
1926,SO0012802,12802,PWR-0001,2024-05-06,7,Shipping Damage
1927,SO0012803,12803,HVA-0001,2021-03-11,1,Shipping Damage
1928,SO0012808,12808,HVA-0025,2024-11-15,6,Defective
1929,SO0012841,12841,HVA-0019,2023-11-09,12,Shipping Damage
1930,SO0012842,12842,SAF-0011,2025-12-04,7,Customer Changed Mind
1931,SO0012842,12842,FAS-0007,2025-12-10,4,Customer Changed Mind
1932,SO0012843,12843,FAS-0016,2022-05-08,5,Shipping Damage
1933,SO0012844,12844,FAS-0015,2021-08-12,5,Wrong Item
1934,SO0012851,12851,PWR-0004,2023-03-14,12,Shipping Damage
1935,SO0012864,12864,ELE-0018,2021-11-06,5,Shipping Damage
1936,SO0012877,12877,FAS-0002,2025-12-18,3,Wrong Item
1937,SO0012879,12879,ELE-0009,2023-05-20,2,Customer Changed Mind
1938,SO0012887,12887,HVA-0020,2022-07-19,1,Defective
1939,SO0012890,12890,SAF-0001,2023-11-20,13,Damaged
1940,SO0012894,12894,HVA-0003,2025-12-24,1,Defective
1941,SO0012894,12894,HVA-0015,2025-12-01,9,Customer Changed Mind
1942,SO0012896,12896,SAF-0008,2022-11-15,1,Damaged
1943,SO0012913,12913,PWR-0002,2021-09-15,2,Damaged
1944,SO0012918,12918,SAF-0013,2024-02-13,8,Customer Changed Mind
1945,SO0012923,12923,HVA-0022,2026-01-06,4,Defective
1946,SO0012930,12930,PWR-0009,2022-09-24,8,Customer Changed Mind
1947,SO0012931,12931,HVA-0018,2024-01-17,1,Wrong Item
1948,SO0012931,12931,FAS-0013,2024-01-26,2,Defective
1949,SO0012934,12934,FAS-0011,2022-12-28,6,Defective
1950,SO0012941,12941,HVA-0018,2022-05-11,15,Damaged
1951,SO0012942,12942,HVA-0023,2024-09-15,3,Wrong Item
1952,SO0012945,12945,HVA-0004,2023-03-16,7,Damaged
1953,SO0012950,12950,SAF-0015,2022-02-11,9,Defective
1954,SO0012958,12958,ELE-0004,2021-12-27,5,Shipping Damage
1955,SO0012963,12963,ELE-0021,2025-08-19,4,Customer Changed Mind
1956,SO0012964,12964,FAS-0009,2021-06-02,1,Wrong Item
1957,SO0012972,12972,HVA-0003,2025-06-29,8,Customer Changed Mind
1958,SO0012989,12989,FAS-0010,2022-10-14,15,Customer Changed Mind
1959,SO0012994,12994,PWR-0002,2024-12-14,12,Customer Changed Mind
1960,SO0012996,12996,HVA-0001,2023-10-31,9,Wrong Item
1961,SO0013000,13000,FAS-0003,2025-05-16,5,Defective
1962,SO0013001,13001,HVA-0028,2021-11-06,12,Customer Changed Mind
1963,SO0013007,13007,SAF-0003,2023-03-30,6,Shipping Damage
1964,SO0013010,13010,ELE-0012,2021-02-05,10,Wrong Item
1965,SO0013013,13013,HVA-0002,2025-09-03,3,Customer Changed Mind
1966,SO0013014,13014,HVA-0021,2022-03-31,4,Defective
1967,SO0013018,13018,SAF-0006,2021-03-11,6,Damaged
1968,SO0013030,13030,ELE-0011,2024-07-04,1,Damaged
1969,SO0013038,13038,SAF-0013,2021-10-18,3,Wrong Item
1970,SO0013039,13039,SAF-0017,2022-08-06,3,Defective
1971,SO0013044,13044,PWR-0004,2024-09-16,9,Shipping Damage
1972,SO0013046,13046,HVA-0008,2021-03-12,14,Wrong Item
1973,SO0013052,13052,FAS-0014,2023-04-14,6,Damaged
1974,SO0013076,13076,FAS-0012,2024-09-30,10,Defective
1975,SO0013082,13082,FAS-0013,2023-02-14,1,Shipping Damage
1976,SO0013083,13083,ELE-0013,2023-09-28,2,Wrong Item
1977,SO0013089,13089,HVA-0008,2022-06-28,1,Customer Changed Mind
1978,SO0013092,13092,SAF-0012,2021-10-23,9,Customer Changed Mind
1979,SO0013092,13092,ELE-0006,2021-11-05,5,Shipping Damage
1980,SO0013094,13094,HVA-0009,2025-02-24,2,Defective
1981,SO0013098,13098,HVA-0011,2022-03-26,7,Defective
1982,SO0013106,13106,HVA-0021,2023-10-06,1,Defective
1983,SO0013109,13109,SAF-0006,2024-07-19,1,Customer Changed Mind
1984,SO0013135,13135,SAF-0012,2023-07-04,10,Wrong Item
1985,SO0013146,13146,ELE-0012,2024-07-20,1,Wrong Item
1986,SO0013147,13147,HVA-0009,2024-03-24,20,Defective
1987,SO0013163,13163,HVA-0021,2021-12-28,2,Defective
1988,SO0013184,13184,FAS-0006,2024-08-18,15,Wrong Item
1989,SO0013186,13186,HVA-0019,2024-12-15,6,Shipping Damage
1990,SO0013189,13189,HVA-0026,2024-08-31,3,Customer Changed Mind
1991,SO0013196,13196,ELE-0006,2023-08-14,2,Wrong Item
1992,SO0013203,13203,PWR-0014,2023-01-25,1,Defective
1993,SO0013204,13204,SAF-0014,2025-12-01,12,Shipping Damage
1994,SO0013205,13205,ELE-0005,2022-07-10,1,Shipping Damage
1995,SO0013217,13217,HVA-0001,2022-07-26,16,Damaged
1996,SO0013219,13219,ELE-0015,2021-09-01,1,Shipping Damage
1997,SO0013221,13221,ELE-0022,2021-05-30,1,Shipping Damage
1998,SO0013223,13223,SAF-0009,2022-02-03,1,Customer Changed Mind
1999,SO0013225,13225,PWR-0002,2022-06-19,5,Wrong Item
2000,SO0013245,13245,FAS-0001,2022-04-02,11,Shipping Damage
2001,SO0013247,13247,HVA-0015,2021-05-15,6,Defective
2002,SO0013249,13249,ELE-0020,2022-11-29,18,Damaged
2003,SO0013254,13254,ELE-0022,2025-08-26,1,Customer Changed Mind
2004,SO0013261,13261,ELE-0012,2022-05-31,13,Defective
2005,SO0013264,13264,PWR-0010,2025-04-30,2,Customer Changed Mind
2006,SO0013269,13269,SAF-0006,2023-06-27,11,Defective
2007,SO0013278,13278,HVA-0013,2021-07-15,13,Damaged
2008,SO0013287,13287,PWR-0003,2022-02-01,2,Wrong Item
2009,SO0013297,13297,SAF-0004,2024-02-04,1,Wrong Item
2010,SO0013312,13312,PWR-0005,2022-07-10,5,Wrong Item
2011,SO0013317,13317,HVA-0022,2022-10-03,14,Damaged
2012,SO0013319,13319,HVA-0007,2025-09-01,6,Customer Changed Mind
2013,SO0013338,13338,ELE-0011,2026-01-18,8,Defective
2014,SO0013359,13359,HVA-0025,2021-06-08,8,Wrong Item
2015,SO0013361,13361,SAF-0013,2024-04-13,1,Shipping Damage
2016,SO0013364,13364,PWR-0012,2023-07-13,1,Shipping Damage
2017,SO0013369,13369,PWR-0009,2022-02-28,14,Customer Changed Mind
2018,SO0013375,13375,PWR-0007,2022-07-13,11,Shipping Damage
2019,SO0013381,13381,HVA-0013,2021-07-17,1,Defective
2020,SO0013381,13381,HVA-0005,2021-08-01,18,Defective
2021,SO0013387,13387,HVA-0028,2024-07-12,1,Customer Changed Mind
2022,SO0013388,13388,ELE-0019,2023-06-27,3,Wrong Item
2023,SO0013389,13389,HVA-0002,2021-02-15,4,Defective
2024,SO0013391,13391,ELE-0007,2024-02-27,7,Defective
2025,SO0013405,13405,FAS-0003,2023-10-26,10,Defective
2026,SO0013408,13408,ELE-0007,2024-02-14,4,Customer Changed Mind
2027,SO0013411,13411,HVA-0009,2023-03-31,2,Damaged
2028,SO0013419,13419,ELE-0015,2025-05-09,14,Customer Changed Mind
2029,SO0013423,13423,SAF-0004,2022-06-01,6,Damaged
2030,SO0013455,13455,PWR-0007,2022-02-28,11,Damaged
2031,SO0013476,13476,HVA-0008,2021-07-03,2,Wrong Item
2032,SO0013480,13480,SAF-0004,2025-01-27,5,Damaged
2033,SO0013482,13482,PWR-0014,2021-08-30,3,Shipping Damage
2034,SO0013483,13483,ELE-0005,2026-01-11,8,Damaged
2035,SO0013507,13507,HVA-0015,2023-12-22,3,Customer Changed Mind
2036,SO0013512,13512,HVA-0001,2024-05-04,12,Wrong Item
2037,SO0013520,13520,HVA-0001,2025-08-31,13,Shipping Damage
2038,SO0013529,13529,HVA-0009,2024-12-24,4,Wrong Item
2039,SO0013529,13529,ELE-0015,2025-01-07,8,Damaged
2040,SO0013542,13542,HVA-0028,2026-01-02,11,Defective
2041,SO0013558,13558,HVA-0025,2021-06-23,1,Defective
2042,SO0013560,13560,HVA-0011,2023-06-15,12,Defective
2043,SO0013561,13561,PWR-0013,2023-12-20,5,Shipping Damage
2044,SO0013594,13594,FAS-0008,2021-08-09,11,Damaged
2045,SO0013595,13595,HVA-0003,2024-07-22,1,Defective
2046,SO0013611,13611,FAS-0012,2024-06-16,7,Defective
2047,SO0013612,13612,ELE-0016,2021-02-26,10,Damaged
2048,SO0013614,13614,ELE-0013,2025-05-29,3,Defective
2049,SO0013620,13620,HVA-0020,2024-04-26,11,Defective
2050,SO0013623,13623,FAS-0006,2023-11-24,4,Wrong Item
2051,SO0013626,13626,HVA-0007,2022-03-04,6,Damaged
2052,SO0013632,13632,ELE-0010,2022-08-07,10,Damaged
2053,SO0013657,13657,PWR-0002,2024-11-19,5,Wrong Item
2054,SO0013658,13658,HVA-0024,2022-02-18,7,Damaged
2055,SO0013664,13664,ELE-0008,2021-02-07,3,Shipping Damage
2056,SO0013668,13668,HVA-0006,2025-04-02,10,Defective
2057,SO0013674,13674,SAF-0013,2025-06-14,2,Defective
2058,SO0013678,13678,HVA-0020,2022-10-10,6,Shipping Damage
2059,SO0013703,13703,HVA-0008,2024-05-05,2,Wrong Item
2060,SO0013704,13704,HVA-0007,2024-12-09,2,Damaged
2061,SO0013711,13711,FAS-0016,2023-11-03,3,Shipping Damage
2062,SO0013714,13714,SAF-0017,2021-11-11,3,Customer Changed Mind
2063,SO0013716,13716,FAS-0007,2022-11-27,14,Wrong Item
2064,SO0013721,13721,SAF-0017,2021-02-20,7,Wrong Item
2065,SO0013728,13728,PWR-0007,2022-08-22,8,Shipping Damage
2066,SO0013729,13729,PWR-0005,2021-05-16,5,Customer Changed Mind
2067,SO0013729,13729,PWR-0003,2021-04-27,6,Shipping Damage
2068,SO0013747,13747,SAF-0013,2023-07-31,1,Shipping Damage
2069,SO0013771,13771,ELE-0014,2024-10-16,11,Shipping Damage
2070,SO0013782,13782,ELE-0004,2021-12-06,4,Shipping Damage
2071,SO0013794,13794,FAS-0005,2023-12-07,9,Customer Changed Mind
2072,SO0013807,13807,SAF-0013,2026-01-10,7,Customer Changed Mind
2073,SO0013823,13823,FAS-0017,2022-05-08,1,Wrong Item
2074,SO0013837,13837,ELE-0010,2024-11-11,1,Defective
2075,SO0013841,13841,SAF-0008,2022-07-25,2,Wrong Item
2076,SO0013841,13841,HVA-0018,2022-07-20,1,Customer Changed Mind
2077,SO0013864,13864,PWR-0004,2024-08-13,3,Defective
2078,SO0013865,13865,HVA-0007,2022-12-29,1,Shipping Damage
2079,SO0013869,13869,ELE-0017,2024-08-31,2,Customer Changed Mind
2080,SO0013872,13872,HVA-0003,2024-09-06,11,Defective
2081,SO0013873,13873,HVA-0028,2024-11-02,2,Customer Changed Mind
2082,SO0013887,13887,HVA-0015,2023-03-25,1,Shipping Damage
2083,SO0013890,13890,ELE-0020,2022-06-22,2,Shipping Damage
2084,SO0013916,13916,SAF-0011,2025-08-09,2,Shipping Damage
2085,SO0013938,13938,HVA-0008,2023-07-06,6,Customer Changed Mind
2086,SO0013949,13949,PWR-0004,2021-04-02,4,Defective
2087,SO0013950,13950,ELE-0023,2024-01-18,4,Damaged
2088,SO0013953,13953,SAF-0015,2024-03-16,2,Shipping Damage
2089,SO0013958,13958,FAS-0018,2023-06-09,6,Customer Changed Mind
2090,SO0013960,13960,HVA-0012,2022-03-05,4,Defective
2091,SO0013966,13966,FAS-0011,2022-05-18,12,Defective
2092,SO0013966,13966,ELE-0005,2022-05-13,3,Damaged
2093,SO0013973,13973,ELE-0007,2021-06-30,2,Defective
2094,SO0013973,13973,ELE-0010,2021-07-07,1,Damaged
2095,SO0013973,13973,ELE-0016,2021-06-28,7,Shipping Damage
2096,SO0013975,13975,ELE-0017,2023-04-10,1,Customer Changed Mind
2097,SO0013992,13992,SAF-0009,2023-05-30,3,Shipping Damage
2098,SO0014012,14012,FAS-0003,2021-12-10,1,Damaged
2099,SO0014020,14020,HVA-0014,2021-09-16,2,Shipping Damage
2100,SO0014036,14036,FAS-0003,2024-06-09,17,Wrong Item
2101,SO0014041,14041,ELE-0015,2021-02-25,15,Wrong Item
2102,SO0014068,14068,SAF-0002,2023-10-22,3,Wrong Item
2103,SO0014073,14073,PWR-0004,2021-11-30,10,Customer Changed Mind
2104,SO0014083,14083,SAF-0015,2022-03-29,14,Damaged
2105,SO0014087,14087,HVA-0016,2021-08-18,2,Customer Changed Mind
2106,SO0014093,14093,HVA-0004,2024-09-01,16,Damaged
2107,SO0014098,14098,SAF-0001,2024-10-09,1,Wrong Item
2108,SO0014100,14100,ELE-0007,2021-09-07,7,Damaged
2109,SO0014102,14102,ELE-0023,2024-01-23,3,Shipping Damage
2110,SO0014114,14114,PWR-0009,2025-07-01,4,Damaged
2111,SO0014119,14119,SAF-0017,2021-01-23,7,Defective
2112,SO0014139,14139,SAF-0011,2025-07-08,1,Damaged
2113,SO0014149,14149,PWR-0001,2021-11-09,10,Wrong Item
2114,SO0014152,14152,PWR-0012,2024-02-10,17,Wrong Item
2115,SO0014164,14164,FAS-0013,2022-08-24,9,Shipping Damage
2116,SO0014164,14164,HVA-0012,2022-08-16,2,Damaged
2117,SO0014188,14188,SAF-0008,2022-01-09,5,Customer Changed Mind
2118,SO0014191,14191,ELE-0016,2021-07-17,5,Defective
2119,SO0014204,14204,PWR-0010,2021-11-19,8,Defective
2120,SO0014208,14208,SAF-0012,2023-03-24,2,Shipping Damage
2121,SO0014217,14217,FAS-0004,2024-10-30,1,Defective
2122,SO0014223,14223,HVA-0003,2022-07-29,1,Wrong Item
2123,SO0014224,14224,SAF-0014,2024-12-19,5,Wrong Item
2124,SO0014230,14230,FAS-0016,2021-12-14,1,Customer Changed Mind
2125,SO0014234,14234,FAS-0006,2021-05-25,3,Defective
2126,SO0014234,14234,FAS-0009,2021-06-03,2,Damaged
2127,SO0014235,14235,ELE-0018,2021-05-21,4,Damaged
2128,SO0014236,14236,SAF-0015,2024-01-25,12,Wrong Item
2129,SO0014248,14248,SAF-0003,2023-03-28,4,Shipping Damage
2130,SO0014259,14259,ELE-0002,2024-02-25,1,Customer Changed Mind
2131,SO0014261,14261,HVA-0016,2022-05-29,2,Damaged
2132,SO0014263,14263,ELE-0015,2023-09-18,10,Defective
2133,SO0014265,14265,SAF-0013,2022-06-17,5,Damaged
2134,SO0014272,14272,PWR-0013,2024-05-11,9,Customer Changed Mind
2135,SO0014277,14277,FAS-0010,2025-02-04,5,Customer Changed Mind
2136,SO0014279,14279,PWR-0003,2022-11-22,4,Customer Changed Mind
2137,SO0014291,14291,PWR-0014,2022-01-31,15,Shipping Damage
2138,SO0014292,14292,ELE-0009,2025-06-12,9,Wrong Item
2139,SO0014300,14300,FAS-0001,2022-02-28,1,Damaged
2140,SO0014304,14304,FAS-0015,2025-11-08,9,Shipping Damage
2141,SO0014317,14317,HVA-0005,2021-06-23,14,Wrong Item
2142,SO0014320,14320,FAS-0006,2023-10-09,2,Wrong Item
2143,SO0014321,14321,PWR-0011,2021-06-02,7,Customer Changed Mind
2144,SO0014323,14323,PWR-0010,2024-05-08,8,Damaged
2145,SO0014323,14323,SAF-0013,2024-04-24,1,Damaged
2146,SO0014329,14329,SAF-0003,2025-04-02,2,Damaged
2147,SO0014337,14337,PWR-0010,2021-10-12,3,Customer Changed Mind
2148,SO0014346,14346,HVA-0007,2021-03-09,7,Damaged
2149,SO0014348,14348,ELE-0009,2023-01-24,3,Damaged
2150,SO0014351,14351,HVA-0010,2025-01-05,5,Damaged
2151,SO0014357,14357,FAS-0009,2024-07-09,18,Defective
2152,SO0014362,14362,SAF-0002,2021-12-23,7,Wrong Item
2153,SO0014366,14366,HVA-0015,2022-04-14,15,Damaged
2154,SO0014366,14366,ELE-0011,2022-04-09,19,Defective
2155,SO0014378,14378,HVA-0016,2021-05-08,15,Wrong Item
2156,SO0014381,14381,ELE-0012,2024-08-03,5,Wrong Item
2157,SO0014383,14383,HVA-0023,2025-06-22,1,Wrong Item
2158,SO0014389,14389,PWR-0002,2025-09-03,3,Wrong Item
2159,SO0014390,14390,PWR-0014,2021-12-08,12,Customer Changed Mind
2160,SO0014392,14392,HVA-0001,2024-07-12,7,Wrong Item
2161,SO0014404,14404,ELE-0017,2025-12-27,1,Shipping Damage
2162,SO0014404,14404,HVA-0024,2026-01-21,4,Customer Changed Mind
2163,SO0014406,14406,HVA-0001,2023-12-24,8,Customer Changed Mind
2164,SO0014406,14406,SAF-0017,2023-12-13,2,Damaged
2165,SO0014425,14425,ELE-0018,2022-05-03,4,Defective
2166,SO0014434,14434,HVA-0010,2022-01-14,6,Damaged
2167,SO0014451,14451,SAF-0016,2022-08-11,5,Customer Changed Mind
2168,SO0014455,14455,PWR-0012,2023-01-13,12,Defective
2169,SO0014459,14459,SAF-0012,2022-01-10,3,Shipping Damage
2170,SO0014461,14461,HVA-0025,2021-06-25,19,Shipping Damage
2171,SO0014471,14471,SAF-0009,2024-12-18,12,Customer Changed Mind
2172,SO0014478,14478,FAS-0005,2024-02-11,2,Damaged
2173,SO0014487,14487,ELE-0017,2021-05-07,2,Customer Changed Mind
2174,SO0014492,14492,SAF-0014,2023-09-16,5,Defective
2175,SO0014501,14501,HVA-0026,2021-10-30,1,Customer Changed Mind
2176,SO0014501,14501,SAF-0006,2021-11-05,7,Shipping Damage
2177,SO0014506,14506,ELE-0022,2021-03-17,8,Damaged
2178,SO0014514,14514,ELE-0004,2024-03-25,15,Defective
2179,SO0014515,14515,ELE-0003,2021-10-06,18,Defective
2180,SO0014524,14524,FAS-0014,2025-12-09,7,Defective
2181,SO0014536,14536,PWR-0008,2021-12-18,6,Wrong Item
2182,SO0014549,14549,SAF-0012,2025-03-14,1,Shipping Damage
2183,SO0014553,14553,FAS-0017,2021-04-30,12,Defective
2184,SO0014562,14562,HVA-0001,2023-12-31,14,Defective
2185,SO0014566,14566,SAF-0003,2023-03-25,4,Shipping Damage
2186,SO0014566,14566,ELE-0013,2023-03-23,1,Shipping Damage
2187,SO0014567,14567,HVA-0013,2024-01-26,2,Customer Changed Mind
2188,SO0014573,14573,ELE-0013,2021-10-10,3,Shipping Damage
2189,SO0014582,14582,ELE-0005,2022-11-13,2,Defective
2190,SO0014586,14586,HVA-0010,2023-07-09,2,Customer Changed Mind
2191,SO0014591,14591,HVA-0026,2025-07-22,5,Damaged
2192,SO0014602,14602,FAS-0017,2023-12-14,2,Shipping Damage
2193,SO0014603,14603,SAF-0007,2021-11-07,2,Wrong Item
2194,SO0014605,14605,ELE-0004,2024-07-01,3,Damaged
2195,SO0014606,14606,ELE-0022,2022-06-04,3,Damaged
2196,SO0014609,14609,HVA-0006,2021-08-10,18,Damaged
2197,SO0014611,14611,PWR-0008,2023-10-17,1,Wrong Item
2198,SO0014613,14613,SAF-0010,2022-07-15,7,Damaged
2199,SO0014627,14627,HVA-0013,2023-02-03,12,Customer Changed Mind
2200,SO0014636,14636,FAS-0003,2021-11-27,6,Customer Changed Mind
2201,SO0014637,14637,HVA-0023,2022-12-31,16,Shipping Damage
2202,SO0014638,14638,HVA-0006,2021-01-30,8,Wrong Item
2203,SO0014660,14660,HVA-0016,2023-11-07,3,Customer Changed Mind
2204,SO0014673,14673,ELE-0008,2021-08-26,12,Shipping Damage
2205,SO0014680,14680,ELE-0006,2024-07-21,1,Damaged
2206,SO0014684,14684,PWR-0014,2022-04-24,1,Wrong Item
2207,SO0014686,14686,HVA-0028,2021-04-04,1,Shipping Damage
2208,SO0014687,14687,ELE-0015,2021-05-10,1,Customer Changed Mind
2209,SO0014691,14691,ELE-0006,2024-01-01,11,Damaged
2210,SO0014692,14692,ELE-0018,2024-03-02,1,Defective
2211,SO0014696,14696,PWR-0014,2022-09-27,4,Customer Changed Mind
2212,SO0014718,14718,FAS-0003,2023-03-12,11,Defective
2213,SO0014722,14722,HVA-0019,2024-12-26,5,Defective
2214,SO0014741,14741,ELE-0016,2021-07-31,3,Defective
2215,SO0014743,14743,HVA-0015,2024-06-15,3,Wrong Item
2216,SO0014752,14752,SAF-0015,2023-01-12,12,Wrong Item
2217,SO0014757,14757,HVA-0016,2025-01-24,11,Shipping Damage
2218,SO0014758,14758,SAF-0015,2024-03-29,1,Damaged
2219,SO0014759,14759,ELE-0008,2025-02-26,2,Defective
2220,SO0014760,14760,ELE-0023,2024-06-08,14,Damaged
2221,SO0014781,14781,SAF-0008,2024-10-14,2,Damaged
2222,SO0014781,14781,HVA-0004,2024-10-20,4,Wrong Item
2223,SO0014787,14787,HVA-0020,2025-09-15,6,Wrong Item
2224,SO0014789,14789,FAS-0018,2023-02-01,9,Wrong Item
2225,SO0014798,14798,PWR-0009,2022-02-24,2,Damaged
2226,SO0014800,14800,HVA-0007,2023-12-01,2,Wrong Item
2227,SO0014801,14801,ELE-0005,2023-09-16,4,Customer Changed Mind
2228,SO0014814,14814,SAF-0011,2022-06-06,16,Defective
2229,SO0014821,14821,HVA-0016,2024-07-22,3,Damaged
2230,SO0014832,14832,HVA-0011,2022-06-07,3,Wrong Item
2231,SO0014855,14855,PWR-0001,2024-07-11,15,Damaged
2232,SO0014866,14866,PWR-0013,2021-06-18,5,Shipping Damage
2233,SO0014872,14872,SAF-0008,2023-08-05,9,Defective
2234,SO0014873,14873,ELE-0001,2022-08-26,12,Defective
2235,SO0014875,14875,PWR-0008,2025-05-26,15,Defective
2236,SO0014881,14881,HVA-0012,2025-12-08,6,Shipping Damage
2237,SO0014902,14902,FAS-0017,2021-06-12,9,Customer Changed Mind
2238,SO0014910,14910,HVA-0011,2021-03-21,1,Shipping Damage
2239,SO0014915,14915,HVA-0011,2024-11-18,12,Wrong Item
2240,SO0014919,14919,ELE-0003,2022-02-26,4,Shipping Damage
2241,SO0014929,14929,SAF-0016,2025-11-03,6,Customer Changed Mind
2242,SO0014942,14942,HVA-0019,2024-09-19,6,Damaged
2243,SO0014946,14946,ELE-0004,2021-07-01,14,Defective
2244,SO0014956,14956,FAS-0010,2025-03-23,1,Wrong Item
2245,SO0014961,14961,HVA-0026,2024-12-16,2,Customer Changed Mind
2246,SO0014985,14985,FAS-0013,2024-11-06,7,Defective
2247,SO0014987,14987,SAF-0010,2025-01-16,17,Customer Changed Mind
2248,SO0014993,14993,FAS-0011,2022-02-20,1,Shipping Damage
2249,SO0014998,14998,PWR-0003,2022-03-05,8,Damaged
2250,SO0015001,15001,HVA-0003,2022-06-19,3,Customer Changed Mind
2251,SO0015002,15002,ELE-0022,2023-10-20,3,Damaged
2252,SO0015004,15004,PWR-0004,2023-10-29,6,Wrong Item
2253,SO0015010,15010,HVA-0018,2023-04-26,4,Customer Changed Mind
2254,SO0015029,15029,HVA-0027,2024-02-10,13,Wrong Item
2255,SO0015034,15034,HVA-0009,2023-07-10,8,Wrong Item
2256,SO0015041,15041,HVA-0010,2021-02-19,11,Defective
2257,SO0015044,15044,ELE-0001,2024-04-03,5,Customer Changed Mind
2258,SO0015047,15047,FAS-0010,2023-02-07,8,Wrong Item
2259,SO0015061,15061,HVA-0011,2025-09-20,8,Damaged
2260,SO0015085,15085,SAF-0003,2022-07-06,2,Defective
2261,SO0015100,15100,HVA-0021,2023-11-10,2,Damaged
2262,SO0015102,15102,ELE-0005,2025-07-03,11,Damaged
2263,SO0015106,15106,HVA-0010,2022-06-08,10,Shipping Damage
2264,SO0015106,15106,HVA-0018,2022-06-03,6,Wrong Item
2265,SO0015119,15119,SAF-0016,2023-04-09,4,Damaged
2266,SO0015127,15127,FAS-0013,2023-08-12,1,Damaged
2267,SO0015133,15133,FAS-0007,2023-03-30,2,Shipping Damage
2268,SO0015134,15134,FAS-0015,2025-10-05,1,Defective
2269,SO0015143,15143,FAS-0002,2023-10-27,9,Defective
2270,SO0015144,15144,FAS-0007,2025-01-28,7,Customer Changed Mind
2271,SO0015164,15164,PWR-0003,2023-01-20,7,Shipping Damage
2272,SO0015171,15171,HVA-0020,2024-05-01,12,Customer Changed Mind
2273,SO0015174,15174,ELE-0020,2024-10-31,7,Defective
2274,SO0015176,15176,SAF-0014,2023-10-04,17,Damaged
2275,SO0015184,15184,HVA-0010,2025-11-16,8,Shipping Damage
2276,SO0015210,15210,SAF-0004,2021-06-06,4,Defective
2277,SO0015212,15212,PWR-0012,2022-01-19,6,Customer Changed Mind
2278,SO0015214,15214,ELE-0013,2023-10-27,10,Damaged
2279,SO0015216,15216,ELE-0009,2021-06-03,4,Customer Changed Mind
2280,SO0015223,15223,ELE-0014,2024-02-09,11,Defective
2281,SO0015230,15230,HVA-0024,2024-07-23,7,Shipping Damage
2282,SO0015241,15241,HVA-0015,2021-05-20,18,Shipping Damage
2283,SO0015254,15254,PWR-0008,2023-12-04,11,Wrong Item
2284,SO0015284,15284,PWR-0012,2021-09-08,1,Damaged
2285,SO0015284,15284,SAF-0004,2021-09-13,12,Wrong Item
2286,SO0015292,15292,HVA-0002,2024-09-12,6,Shipping Damage
2287,SO0015293,15293,PWR-0012,2021-08-22,12,Defective
2288,SO0015298,15298,HVA-0023,2021-02-02,2,Defective
2289,SO0015310,15310,HVA-0022,2023-11-03,4,Damaged
2290,SO0015314,15314,SAF-0017,2024-03-01,6,Wrong Item
2291,SO0015339,15339,PWR-0003,2022-12-22,16,Customer Changed Mind
2292,SO0015340,15340,FAS-0003,2024-11-22,2,Shipping Damage
2293,SO0015344,15344,HVA-0005,2023-04-15,1,Shipping Damage
2294,SO0015347,15347,PWR-0012,2025-02-26,12,Wrong Item
2295,SO0015347,15347,SAF-0003,2025-02-14,4,Defective
2296,SO0015358,15358,PWR-0002,2023-12-10,9,Damaged
2297,SO0015360,15360,ELE-0014,2024-05-09,14,Customer Changed Mind
2298,SO0015380,15380,HVA-0014,2021-07-28,4,Shipping Damage
2299,SO0015387,15387,PWR-0004,2021-06-23,1,Wrong Item
2300,SO0015391,15391,HVA-0020,2024-09-21,2,Customer Changed Mind
2301,SO0015401,15401,FAS-0002,2023-07-25,5,Customer Changed Mind
2302,SO0015405,15405,HVA-0014,2021-09-01,15,Shipping Damage
2303,SO0015421,15421,ELE-0019,2025-04-07,4,Damaged
2304,SO0015422,15422,HVA-0022,2022-06-23,10,Customer Changed Mind
2305,SO0015428,15428,PWR-0005,2021-12-19,5,Shipping Damage
2306,SO0015435,15435,SAF-0016,2021-07-08,4,Customer Changed Mind
2307,SO0015442,15442,SAF-0012,2023-08-30,6,Shipping Damage
2308,SO0015445,15445,HVA-0023,2025-11-30,1,Customer Changed Mind
2309,SO0015452,15452,SAF-0016,2022-11-18,19,Customer Changed Mind
2310,SO0015466,15466,FAS-0016,2023-05-26,1,Customer Changed Mind
2311,SO0015471,15471,SAF-0001,2024-09-13,6,Defective
2312,SO0015479,15479,ELE-0014,2024-06-20,4,Damaged
2313,SO0015480,15480,ELE-0018,2023-10-28,4,Defective
2314,SO0015484,15484,HVA-0024,2024-11-13,9,Defective
2315,SO0015493,15493,ELE-0004,2021-08-13,9,Wrong Item
2316,SO0015497,15497,FAS-0016,2025-09-28,9,Customer Changed Mind
2317,SO0015518,15518,FAS-0018,2021-12-30,15,Customer Changed Mind
2318,SO0015520,15520,FAS-0012,2021-03-27,17,Damaged
2319,SO0015520,15520,PWR-0004,2021-03-16,12,Wrong Item
2320,SO0015530,15530,ELE-0017,2025-07-12,6,Customer Changed Mind
2321,SO0015541,15541,SAF-0001,2021-08-26,3,Shipping Damage
2322,SO0015541,15541,HVA-0006,2021-08-11,4,Customer Changed Mind
2323,SO0015546,15546,SAF-0010,2023-10-26,5,Wrong Item
2324,SO0015567,15567,ELE-0010,2024-11-05,1,Customer Changed Mind
2325,SO0015582,15582,PWR-0012,2025-03-31,10,Damaged
2326,SO0015589,15589,SAF-0007,2022-01-18,1,Defective
2327,SO0015596,15596,ELE-0007,2021-09-17,1,Defective
2328,SO0015599,15599,ELE-0021,2023-05-15,3,Defective
2329,SO0015600,15600,ELE-0018,2021-11-29,1,Customer Changed Mind
2330,SO0015637,15637,ELE-0013,2024-05-17,14,Wrong Item
2331,SO0015640,15640,ELE-0015,2024-09-17,2,Wrong Item
2332,SO0015650,15650,SAF-0013,2023-06-05,13,Wrong Item
2333,SO0015666,15666,ELE-0004,2022-04-25,5,Customer Changed Mind
2334,SO0015670,15670,HVA-0017,2021-08-04,1,Customer Changed Mind
2335,SO0015672,15672,ELE-0012,2024-09-14,6,Shipping Damage
2336,SO0015675,15675,SAF-0005,2021-09-09,7,Customer Changed Mind
2337,SO0015689,15689,PWR-0003,2022-10-14,2,Shipping Damage
2338,SO0015696,15696,SAF-0006,2024-10-23,5,Damaged
2339,SO0015698,15698,FAS-0002,2025-02-27,12,Shipping Damage
2340,SO0015698,15698,FAS-0005,2025-03-13,2,Customer Changed Mind
2341,SO0015704,15704,ELE-0017,2021-05-31,9,Defective
2342,SO0015706,15706,SAF-0013,2021-08-05,4,Customer Changed Mind
2343,SO0015731,15731,ELE-0014,2022-03-19,10,Defective
2344,SO0015734,15734,PWR-0004,2024-06-29,6,Customer Changed Mind
2345,SO0015739,15739,HVA-0010,2024-10-19,7,Shipping Damage
2346,SO0015744,15744,FAS-0005,2022-02-13,17,Damaged
2347,SO0015774,15774,HVA-0028,2023-11-16,2,Wrong Item
2348,SO0015778,15778,ELE-0019,2022-02-26,16,Defective
2349,SO0015781,15781,ELE-0006,2021-04-25,1,Customer Changed Mind
2350,SO0015781,15781,ELE-0005,2021-05-06,7,Shipping Damage
2351,SO0015785,15785,PWR-0014,2024-09-13,4,Wrong Item
2352,SO0015794,15794,SAF-0007,2025-11-27,11,Defective
2353,SO0015795,15795,ELE-0013,2025-09-08,7,Damaged
2354,SO0015798,15798,HVA-0017,2023-08-29,3,Customer Changed Mind
2355,SO0015805,15805,PWR-0003,2021-12-04,1,Customer Changed Mind
2356,SO0015806,15806,FAS-0017,2023-02-16,8,Defective
2357,SO0015812,15812,FAS-0009,2025-09-16,11,Wrong Item
2358,SO0015814,15814,PWR-0004,2022-08-16,5,Wrong Item
2359,SO0015823,15823,HVA-0004,2023-01-30,1,Customer Changed Mind
2360,SO0015825,15825,FAS-0004,2025-11-12,9,Damaged
2361,SO0015835,15835,SAF-0005,2024-01-09,2,Damaged
2362,SO0015837,15837,ELE-0013,2023-12-09,12,Wrong Item
2363,SO0015838,15838,HVA-0002,2021-02-28,7,Wrong Item
2364,SO0015840,15840,ELE-0013,2025-10-05,6,Damaged
2365,SO0015841,15841,HVA-0002,2022-10-28,3,Damaged
2366,SO0015847,15847,ELE-0012,2022-08-24,1,Shipping Damage
2367,SO0015851,15851,SAF-0012,2024-07-21,12,Wrong Item
2368,SO0015862,15862,PWR-0001,2025-03-05,5,Wrong Item
2369,SO0015874,15874,HVA-0002,2023-03-09,7,Defective
2370,SO0015890,15890,HVA-0027,2025-08-23,3,Shipping Damage
2371,SO0015902,15902,HVA-0015,2022-04-19,19,Shipping Damage
2372,SO0015903,15903,PWR-0004,2021-11-25,1,Shipping Damage
2373,SO0015924,15924,PWR-0002,2023-04-14,4,Customer Changed Mind
2374,SO0015939,15939,FAS-0018,2021-11-19,4,Defective
2375,SO0015974,15974,FAS-0006,2026-01-10,11,Defective
2376,SO0015981,15981,FAS-0012,2024-11-06,9,Customer Changed Mind
2377,SO0015981,15981,FAS-0002,2024-11-27,11,Customer Changed Mind
2378,SO0015996,15996,HVA-0006,2025-03-11,5,Wrong Item
2379,SO0016001,16001,HVA-0014,2025-02-23,4,Wrong Item
2380,SO0016002,16002,ELE-0015,2022-05-13,2,Customer Changed Mind
2381,SO0016006,16006,SAF-0010,2021-11-25,3,Defective
2382,SO0016010,16010,HVA-0013,2024-07-05,9,Shipping Damage
2383,SO0016010,16010,HVA-0024,2024-06-19,3,Damaged
2384,SO0016010,16010,HVA-0004,2024-06-26,18,Shipping Damage
2385,SO0016012,16012,HVA-0002,2022-12-20,2,Shipping Damage
2386,SO0016021,16021,FAS-0010,2024-01-24,2,Shipping Damage
2387,SO0016023,16023,PWR-0013,2024-06-06,1,Defective
2388,SO0016025,16025,PWR-0010,2025-02-26,1,Wrong Item
2389,SO0016034,16034,SAF-0005,2022-05-31,15,Shipping Damage
2390,SO0016037,16037,ELE-0003,2021-06-23,2,Damaged
2391,SO0016040,16040,HVA-0007,2022-02-10,7,Customer Changed Mind
2392,SO0016046,16046,HVA-0027,2021-04-02,5,Damaged
2393,SO0016052,16052,HVA-0010,2025-08-31,10,Damaged
2394,SO0016075,16075,SAF-0003,2021-05-29,2,Customer Changed Mind
2395,SO0016080,16080,PWR-0012,2023-10-14,5,Damaged
2396,SO0016080,16080,SAF-0003,2023-10-08,4,Damaged
2397,SO0016098,16098,HVA-0022,2021-11-06,1,Wrong Item
2398,SO0016099,16099,HVA-0016,2021-11-15,1,Damaged
2399,SO0016114,16114,HVA-0020,2023-09-27,1,Damaged
2400,SO0016120,16120,FAS-0003,2025-06-26,4,Wrong Item
2401,SO0016127,16127,HVA-0009,2025-09-12,1,Wrong Item
2402,SO0016129,16129,ELE-0019,2025-08-08,15,Wrong Item
2403,SO0016141,16141,FAS-0011,2023-02-06,5,Shipping Damage
2404,SO0016156,16156,ELE-0015,2023-10-17,7,Wrong Item
2405,SO0016165,16165,ELE-0005,2023-11-25,8,Wrong Item
2406,SO0016172,16172,PWR-0003,2025-10-03,2,Defective
2407,SO0016186,16186,FAS-0004,2025-01-18,11,Customer Changed Mind
2408,SO0016188,16188,SAF-0006,2021-03-07,2,Shipping Damage
2409,SO0016197,16197,ELE-0021,2024-05-16,4,Damaged
2410,SO0016200,16200,ELE-0022,2024-05-04,3,Damaged
2411,SO0016201,16201,HVA-0001,2021-07-24,9,Defective
2412,SO0016205,16205,HVA-0014,2025-10-16,1,Wrong Item
2413,SO0016210,16210,ELE-0010,2022-06-16,2,Wrong Item
2414,SO0016210,16210,FAS-0017,2022-05-27,4,Shipping Damage
2415,SO0016211,16211,PWR-0001,2022-07-05,2,Shipping Damage
2416,SO0016213,16213,SAF-0014,2024-06-10,6,Wrong Item
2417,SO0016227,16227,HVA-0005,2022-04-24,5,Wrong Item
2418,SO0016229,16229,FAS-0001,2024-04-10,8,Customer Changed Mind
2419,SO0016246,16246,FAS-0003,2022-05-11,2,Defective
2420,SO0016251,16251,ELE-0022,2022-12-15,9,Shipping Damage
2421,SO0016257,16257,PWR-0012,2021-08-10,1,Customer Changed Mind
2422,SO0016259,16259,ELE-0014,2021-05-29,1,Defective
2423,SO0016264,16264,HVA-0005,2024-09-06,2,Defective
2424,SO0016264,16264,FAS-0002,2024-09-12,5,Wrong Item
2425,SO0016266,16266,FAS-0017,2022-01-08,2,Shipping Damage
2426,SO0016274,16274,HVA-0017,2025-04-16,1,Shipping Damage
2427,SO0016274,16274,SAF-0003,2025-03-24,11,Shipping Damage
2428,SO0016285,16285,FAS-0012,2022-06-19,18,Defective
2429,SO0016286,16286,FAS-0012,2021-03-08,3,Defective
2430,SO0016287,16287,HVA-0007,2022-02-04,7,Defective
2431,SO0016289,16289,HVA-0026,2023-08-12,3,Wrong Item
2432,SO0016292,16292,FAS-0002,2021-03-23,3,Customer Changed Mind
2433,SO0016294,16294,ELE-0017,2024-07-17,9,Wrong Item
2434,SO0016316,16316,HVA-0023,2022-01-05,10,Shipping Damage
2435,SO0016318,16318,ELE-0013,2022-10-25,11,Wrong Item
2436,SO0016320,16320,HVA-0018,2022-08-22,12,Defective
2437,SO0016322,16322,ELE-0007,2025-03-09,5,Damaged
2438,SO0016331,16331,FAS-0012,2023-04-23,5,Defective
2439,SO0016331,16331,FAS-0015,2023-04-18,8,Damaged
2440,SO0016339,16339,FAS-0002,2024-02-22,1,Damaged
2441,SO0016343,16343,ELE-0007,2022-04-14,15,Shipping Damage
2442,SO0016348,16348,SAF-0016,2024-02-05,11,Damaged
2443,SO0016350,16350,FAS-0005,2021-05-29,4,Wrong Item
2444,SO0016365,16365,FAS-0007,2022-08-18,10,Wrong Item
2445,SO0016369,16369,PWR-0004,2021-12-27,12,Customer Changed Mind
2446,SO0016371,16371,ELE-0010,2025-05-24,3,Defective
2447,SO0016389,16389,PWR-0011,2023-06-04,5,Shipping Damage
2448,SO0016390,16390,ELE-0009,2025-12-21,3,Damaged
2449,SO0016391,16391,HVA-0016,2025-12-07,3,Shipping Damage
2450,SO0016402,16402,HVA-0024,2021-01-13,1,Defective
2451,SO0016405,16405,HVA-0017,2023-10-08,4,Wrong Item
2452,SO0016416,16416,HVA-0022,2021-11-14,4,Customer Changed Mind
2453,SO0016421,16421,SAF-0009,2025-04-17,3,Defective
2454,SO0016426,16426,PWR-0002,2021-01-20,7,Customer Changed Mind
2455,SO0016430,16430,PWR-0009,2024-10-22,3,Shipping Damage
2456,SO0016433,16433,HVA-0014,2021-11-17,1,Damaged
2457,SO0016435,16435,PWR-0002,2022-06-17,20,Shipping Damage
2458,SO0016451,16451,ELE-0009,2026-01-01,6,Defective
2459,SO0016459,16459,HVA-0007,2021-11-01,5,Shipping Damage
2460,SO0016473,16473,PWR-0011,2021-06-14,1,Damaged
2461,SO0016482,16482,SAF-0016,2025-08-02,1,Wrong Item
2462,SO0016489,16489,HVA-0017,2024-11-08,1,Wrong Item
2463,SO0016490,16490,ELE-0014,2023-05-06,4,Shipping Damage
2464,SO0016491,16491,HVA-0013,2021-02-27,3,Wrong Item
2465,SO0016492,16492,HVA-0010,2023-12-20,11,Defective
2466,SO0016500,16500,SAF-0008,2024-11-02,1,Shipping Damage
2467,SO0016507,16507,HVA-0026,2025-09-03,1,Shipping Damage
2468,SO0016509,16509,SAF-0009,2022-09-30,10,Wrong Item
2469,SO0016511,16511,HVA-0009,2024-12-02,5,Defective
2470,SO0016514,16514,FAS-0011,2022-12-26,2,Customer Changed Mind
2471,SO0016517,16517,HVA-0015,2025-03-28,14,Damaged
2472,SO0016517,16517,ELE-0007,2025-03-03,1,Defective
2473,SO0016529,16529,ELE-0014,2021-05-11,12,Damaged
2474,SO0016533,16533,HVA-0004,2022-06-11,7,Shipping Damage
2475,SO0016533,16533,PWR-0012,2022-05-25,2,Wrong Item
2476,SO0016534,16534,HVA-0005,2024-11-09,3,Customer Changed Mind
2477,SO0016539,16539,HVA-0011,2024-11-18,2,Defective
2478,SO0016542,16542,FAS-0011,2025-06-10,2,Damaged
2479,SO0016551,16551,FAS-0013,2024-01-31,2,Shipping Damage
2480,SO0016553,16553,PWR-0010,2021-09-22,8,Wrong Item
2481,SO0016554,16554,SAF-0010,2026-01-26,19,Defective
2482,SO0016572,16572,HVA-0025,2024-07-01,2,Defective
2483,SO0016576,16576,HVA-0023,2025-09-13,1,Wrong Item
2484,SO0016584,16584,PWR-0010,2021-12-29,5,Customer Changed Mind
2485,SO0016587,16587,FAS-0007,2024-09-29,4,Customer Changed Mind
2486,SO0016587,16587,SAF-0014,2024-09-07,7,Customer Changed Mind
2487,SO0016596,16596,SAF-0007,2024-06-12,4,Customer Changed Mind
2488,SO0016600,16600,FAS-0012,2025-06-02,11,Shipping Damage
2489,SO0016603,16603,FAS-0001,2024-10-20,2,Wrong Item
2490,SO0016605,16605,HVA-0023,2025-11-07,2,Wrong Item
2491,SO0016607,16607,HVA-0020,2022-09-16,3,Shipping Damage
2492,SO0016607,16607,FAS-0007,2022-10-03,13,Customer Changed Mind
2493,SO0016609,16609,FAS-0017,2023-06-09,12,Wrong Item
2494,SO0016629,16629,SAF-0004,2021-11-06,2,Wrong Item
2495,SO0016634,16634,SAF-0007,2023-08-03,7,Damaged
2496,SO0016637,16637,HVA-0025,2022-01-09,6,Damaged
2497,SO0016639,16639,ELE-0007,2021-07-20,4,Damaged
2498,SO0016640,16640,PWR-0010,2023-05-26,5,Defective
2499,SO0016645,16645,FAS-0004,2024-03-07,3,Defective
2500,SO0016650,16650,FAS-0003,2025-09-08,11,Defective
2501,SO0016651,16651,PWR-0011,2023-04-20,16,Shipping Damage
2502,SO0016652,16652,ELE-0011,2025-07-12,6,Damaged
2503,SO0016653,16653,PWR-0010,2024-10-10,2,Defective
2504,SO0016655,16655,ELE-0006,2025-01-20,16,Customer Changed Mind
2505,SO0016655,16655,ELE-0020,2025-01-23,10,Customer Changed Mind
2506,SO0016661,16661,SAF-0013,2023-02-16,7,Customer Changed Mind
2507,SO0016675,16675,HVA-0010,2023-08-01,8,Damaged
2508,SO0016685,16685,HVA-0017,2021-08-23,4,Damaged
2509,SO0016694,16694,PWR-0014,2022-02-16,2,Defective
2510,SO0016697,16697,SAF-0016,2023-12-06,1,Defective
2511,SO0016699,16699,FAS-0001,2024-03-28,1,Shipping Damage
2512,SO0016709,16709,FAS-0009,2024-01-22,6,Defective
2513,SO0016714,16714,SAF-0013,2025-05-26,10,Wrong Item
2514,SO0016716,16716,ELE-0001,2025-03-17,3,Shipping Damage
2515,SO0016716,16716,HVA-0004,2025-03-11,10,Customer Changed Mind
2516,SO0016718,16718,SAF-0002,2025-10-17,4,Shipping Damage
2517,SO0016722,16722,HVA-0023,2025-02-01,6,Customer Changed Mind
2518,SO0016724,16724,HVA-0001,2024-01-12,3,Defective
2519,SO0016728,16728,HVA-0020,2023-12-13,3,Damaged
2520,SO0016740,16740,ELE-0010,2023-04-04,9,Wrong Item
2521,SO0016744,16744,SAF-0006,2024-04-14,8,Damaged
2522,SO0016746,16746,HVA-0004,2021-03-21,3,Wrong Item
2523,SO0016747,16747,FAS-0006,2023-09-27,2,Shipping Damage
2524,SO0016765,16765,ELE-0018,2025-11-29,1,Shipping Damage
2525,SO0016768,16768,SAF-0010,2024-07-01,1,Damaged
2526,SO0016778,16778,FAS-0004,2021-11-02,14,Shipping Damage
2527,SO0016784,16784,FAS-0008,2021-07-04,5,Defective
2528,SO0016795,16795,HVA-0020,2024-08-30,2,Defective
2529,SO0016798,16798,FAS-0003,2024-12-11,1,Defective
2530,SO0016808,16808,FAS-0001,2024-07-14,18,Shipping Damage
2531,SO0016811,16811,FAS-0012,2025-12-30,12,Defective
2532,SO0016815,16815,ELE-0021,2023-08-09,3,Wrong Item
2533,SO0016839,16839,ELE-0020,2023-12-31,8,Customer Changed Mind
2534,SO0016840,16840,HVA-0016,2023-09-29,3,Defective
2535,SO0016841,16841,ELE-0017,2023-05-16,4,Defective
2536,SO0016843,16843,FAS-0008,2022-08-13,5,Defective
2537,SO0016853,16853,SAF-0002,2022-09-25,3,Damaged
2538,SO0016854,16854,HVA-0018,2025-09-24,6,Shipping Damage
2539,SO0016857,16857,HVA-0028,2021-06-06,11,Defective
2540,SO0016860,16860,FAS-0005,2022-04-30,7,Damaged
2541,SO0016863,16863,ELE-0009,2024-07-06,7,Wrong Item
2542,SO0016873,16873,HVA-0004,2021-09-21,13,Shipping Damage
2543,SO0016873,16873,ELE-0003,2021-09-17,13,Customer Changed Mind
2544,SO0016891,16891,ELE-0014,2024-02-15,7,Damaged
2545,SO0016898,16898,SAF-0014,2022-12-02,20,Defective
2546,SO0016907,16907,HVA-0020,2022-06-14,16,Customer Changed Mind
2547,SO0016912,16912,ELE-0017,2024-10-29,3,Shipping Damage
2548,SO0016928,16928,FAS-0014,2022-04-09,1,Defective
2549,SO0016932,16932,PWR-0011,2024-11-13,1,Wrong Item
2550,SO0016938,16938,PWR-0011,2023-01-22,3,Customer Changed Mind
2551,SO0016944,16944,SAF-0014,2023-12-11,1,Defective
2552,SO0016964,16964,PWR-0003,2021-04-10,1,Wrong Item
2553,SO0017003,17003,ELE-0012,2021-11-05,1,Shipping Damage
2554,SO0017012,17012,HVA-0023,2022-03-21,11,Wrong Item
2555,SO0017013,17013,HVA-0016,2023-01-26,7,Customer Changed Mind
2556,SO0017016,17016,FAS-0002,2021-06-04,2,Shipping Damage
2557,SO0017020,17020,HVA-0021,2022-03-02,9,Damaged
2558,SO0017025,17025,PWR-0014,2025-08-10,1,Defective
2559,SO0017028,17028,FAS-0007,2022-08-11,2,Shipping Damage
2560,SO0017030,17030,HVA-0009,2023-08-13,10,Customer Changed Mind
2561,SO0017032,17032,HVA-0005,2024-11-08,5,Defective
2562,SO0017035,17035,HVA-0023,2021-05-30,2,Wrong Item
2563,SO0017035,17035,HVA-0002,2021-05-20,11,Defective
2564,SO0017041,17041,HVA-0019,2023-07-02,5,Damaged
2565,SO0017042,17042,FAS-0007,2021-11-03,9,Shipping Damage
2566,SO0017043,17043,SAF-0017,2021-02-01,17,Wrong Item
2567,SO0017045,17045,FAS-0007,2025-06-14,18,Damaged
2568,SO0017056,17056,FAS-0007,2023-09-24,12,Customer Changed Mind
2569,SO0017066,17066,FAS-0014,2023-02-19,1,Shipping Damage
2570,SO0017080,17080,FAS-0005,2025-10-16,4,Shipping Damage
2571,SO0017090,17090,ELE-0015,2025-03-30,1,Customer Changed Mind
2572,SO0017096,17096,FAS-0018,2024-12-10,18,Wrong Item
2573,SO0017104,17104,PWR-0003,2023-03-19,2,Damaged
2574,SO0017119,17119,SAF-0011,2021-07-17,4,Defective
2575,SO0017121,17121,ELE-0017,2025-01-24,2,Wrong Item
2576,SO0017127,17127,ELE-0016,2023-06-16,1,Defective
2577,SO0017135,17135,ELE-0019,2021-11-04,3,Customer Changed Mind
2578,SO0017139,17139,SAF-0010,2024-11-29,2,Damaged
2579,SO0017145,17145,HVA-0024,2025-05-18,2,Shipping Damage
2580,SO0017151,17151,ELE-0013,2023-11-28,5,Customer Changed Mind
2581,SO0017165,17165,PWR-0010,2021-07-17,4,Damaged
2582,SO0017182,17182,HVA-0004,2021-05-22,7,Defective
2583,SO0017205,17205,HVA-0003,2022-03-08,2,Shipping Damage
2584,SO0017210,17210,HVA-0006,2024-03-13,7,Damaged
2585,SO0017237,17237,ELE-0006,2023-01-19,1,Damaged
2586,SO0017238,17238,HVA-0011,2024-10-13,10,Wrong Item
2587,SO0017241,17241,ELE-0011,2021-11-25,12,Damaged
2588,SO0017242,17242,HVA-0012,2024-02-06,7,Damaged
2589,SO0017262,17262,PWR-0010,2024-07-18,5,Wrong Item
2590,SO0017278,17278,HVA-0025,2023-01-01,11,Wrong Item
2591,SO0017284,17284,SAF-0011,2023-11-07,1,Shipping Damage
2592,SO0017284,17284,SAF-0014,2023-10-28,5,Customer Changed Mind
2593,SO0017303,17303,SAF-0011,2024-02-16,5,Defective
2594,SO0017305,17305,HVA-0015,2024-05-14,3,Defective
2595,SO0017313,17313,FAS-0004,2025-01-07,7,Damaged
2596,SO0017321,17321,SAF-0009,2022-03-07,5,Customer Changed Mind
2597,SO0017331,17331,HVA-0012,2021-10-19,8,Shipping Damage
2598,SO0017333,17333,ELE-0011,2024-09-24,7,Wrong Item
2599,SO0017333,17333,ELE-0001,2024-10-02,11,Defective
2600,SO0017356,17356,FAS-0005,2022-08-19,9,Shipping Damage
2601,SO0017357,17357,HVA-0008,2024-06-23,12,Defective
2602,SO0017361,17361,FAS-0007,2023-08-20,6,Defective
2603,SO0017362,17362,ELE-0007,2021-02-23,4,Shipping Damage
2604,SO0017364,17364,FAS-0015,2022-10-19,10,Wrong Item
2605,SO0017372,17372,SAF-0001,2023-03-28,2,Wrong Item
2606,SO0017394,17394,ELE-0013,2023-06-23,5,Damaged
2607,SO0017403,17403,HVA-0021,2021-01-13,6,Damaged
2608,SO0017405,17405,HVA-0022,2025-02-06,8,Customer Changed Mind
2609,SO0017410,17410,SAF-0014,2022-10-19,5,Damaged
2610,SO0017410,17410,ELE-0009,2022-10-20,2,Wrong Item
2611,SO0017423,17423,FAS-0010,2023-02-28,8,Customer Changed Mind
2612,SO0017424,17424,ELE-0004,2023-01-11,7,Shipping Damage
2613,SO0017427,17427,FAS-0010,2022-08-27,1,Defective
2614,SO0017430,17430,FAS-0009,2024-11-06,3,Wrong Item
2615,SO0017437,17437,FAS-0006,2022-03-11,5,Customer Changed Mind
2616,SO0017472,17472,PWR-0001,2022-04-08,6,Damaged
2617,SO0017484,17484,HVA-0027,2022-02-11,10,Wrong Item
2618,SO0017490,17490,ELE-0004,2022-01-07,1,Customer Changed Mind
2619,SO0017491,17491,FAS-0003,2022-05-05,8,Shipping Damage
2620,SO0017500,17500,SAF-0017,2024-10-06,4,Wrong Item
2621,SO0017515,17515,HVA-0019,2023-05-19,5,Damaged
2622,SO0017516,17516,HVA-0011,2023-08-10,8,Defective
2623,SO0017518,17518,ELE-0022,2022-03-29,3,Defective
2624,SO0017538,17538,ELE-0022,2023-02-28,18,Damaged
2625,SO0017541,17541,ELE-0019,2021-07-23,3,Damaged
2626,SO0017544,17544,FAS-0015,2024-09-08,2,Defective
2627,SO0017544,17544,PWR-0011,2024-08-24,13,Wrong Item
2628,SO0017547,17547,FAS-0011,2021-05-06,15,Damaged
2629,SO0017552,17552,ELE-0007,2024-09-12,11,Damaged
2630,SO0017552,17552,SAF-0008,2024-09-03,2,Damaged
2631,SO0017555,17555,HVA-0015,2025-12-29,14,Damaged
2632,SO0017559,17559,ELE-0004,2022-08-06,4,Defective
2633,SO0017562,17562,SAF-0014,2022-04-18,5,Damaged
2634,SO0017566,17566,FAS-0005,2025-03-25,1,Customer Changed Mind
2635,SO0017571,17571,FAS-0016,2024-05-18,2,Damaged
2636,SO0017577,17577,HVA-0028,2021-02-02,5,Customer Changed Mind
2637,SO0017589,17589,ELE-0018,2025-10-13,2,Shipping Damage
2638,SO0017596,17596,FAS-0007,2024-08-19,2,Wrong Item
2639,SO0017604,17604,HVA-0007,2023-05-02,13,Wrong Item
2640,SO0017621,17621,PWR-0008,2025-05-08,9,Customer Changed Mind
2641,SO0017623,17623,SAF-0016,2025-08-17,6,Wrong Item
2642,SO0017627,17627,FAS-0012,2023-11-28,2,Wrong Item
2643,SO0017628,17628,HVA-0021,2022-09-17,5,Wrong Item
2644,SO0017632,17632,ELE-0013,2022-10-14,3,Wrong Item
2645,SO0017660,17660,FAS-0016,2025-01-10,6,Damaged
2646,SO0017670,17670,ELE-0012,2024-11-05,1,Wrong Item
2647,SO0017670,17670,HVA-0005,2024-11-16,7,Customer Changed Mind
2648,SO0017672,17672,SAF-0006,2022-07-12,2,Shipping Damage
2649,SO0017675,17675,HVA-0025,2024-05-15,5,Shipping Damage
2650,SO0017677,17677,FAS-0011,2023-12-07,3,Shipping Damage
2651,SO0017690,17690,HVA-0022,2023-03-28,4,Damaged
2652,SO0017698,17698,ELE-0007,2021-06-26,1,Damaged
2653,SO0017699,17699,HVA-0020,2021-05-17,4,Customer Changed Mind
2654,SO0017714,17714,SAF-0014,2025-11-02,5,Shipping Damage
2655,SO0017719,17719,SAF-0015,2022-05-20,8,Defective
2656,SO0017729,17729,HVA-0022,2024-08-02,3,Damaged
2657,SO0017736,17736,HVA-0020,2022-04-27,8,Defective
2658,SO0017741,17741,PWR-0014,2024-02-03,20,Defective
2659,SO0017743,17743,HVA-0026,2023-12-03,5,Shipping Damage
2660,SO0017747,17747,ELE-0003,2025-08-31,3,Shipping Damage
2661,SO0017749,17749,ELE-0006,2026-01-15,1,Defective
2662,SO0017751,17751,ELE-0021,2025-11-23,1,Wrong Item
2663,SO0017756,17756,FAS-0016,2024-11-21,15,Defective
2664,SO0017757,17757,HVA-0012,2025-04-28,4,Shipping Damage
2665,SO0017767,17767,PWR-0007,2024-12-17,11,Damaged
2666,SO0017776,17776,ELE-0015,2023-06-03,6,Shipping Damage
2667,SO0017778,17778,SAF-0009,2024-07-16,2,Defective
2668,SO0017780,17780,HVA-0012,2023-02-01,14,Wrong Item
2669,SO0017785,17785,HVA-0012,2022-05-05,4,Defective
2670,SO0017790,17790,PWR-0001,2023-12-04,16,Wrong Item
2671,SO0017792,17792,PWR-0011,2023-04-20,1,Customer Changed Mind
2672,SO0017799,17799,ELE-0022,2022-10-07,2,Defective
2673,SO0017820,17820,ELE-0022,2023-05-24,3,Wrong Item
2674,SO0017833,17833,SAF-0005,2024-08-10,5,Customer Changed Mind
2675,SO0017845,17845,SAF-0012,2022-11-22,2,Wrong Item
2676,SO0017847,17847,FAS-0015,2023-05-11,3,Wrong Item
2677,SO0017850,17850,HVA-0027,2021-05-10,1,Shipping Damage
2678,SO0017851,17851,HVA-0004,2023-01-06,10,Shipping Damage
2679,SO0017858,17858,ELE-0017,2022-10-25,7,Damaged
2680,SO0017860,17860,FAS-0008,2024-10-12,3,Wrong Item
2681,SO0017869,17869,HVA-0007,2021-07-19,6,Shipping Damage
2682,SO0017872,17872,HVA-0028,2021-07-28,2,Customer Changed Mind
2683,SO0017875,17875,SAF-0002,2021-07-09,3,Wrong Item
2684,SO0017877,17877,HVA-0005,2023-03-01,4,Shipping Damage
2685,SO0017879,17879,HVA-0004,2022-07-28,2,Damaged
2686,SO0017884,17884,FAS-0002,2021-08-26,5,Shipping Damage
2687,SO0017886,17886,ELE-0011,2022-02-20,4,Damaged
2688,SO0017890,17890,HVA-0015,2022-07-05,2,Wrong Item
2689,SO0017893,17893,PWR-0001,2022-07-03,12,Wrong Item
2690,SO0017898,17898,PWR-0005,2024-07-01,12,Shipping Damage
2691,SO0017902,17902,ELE-0003,2024-08-26,6,Damaged
2692,SO0017927,17927,ELE-0005,2021-11-06,11,Customer Changed Mind
2693,SO0017937,17937,FAS-0014,2024-11-20,9,Damaged
2694,SO0017937,17937,ELE-0021,2024-11-04,8,Wrong Item
2695,SO0017952,17952,HVA-0021,2023-01-21,5,Defective
2696,SO0017964,17964,ELE-0008,2025-05-15,2,Defective
2697,SO0017965,17965,ELE-0011,2025-09-27,3,Customer Changed Mind
2698,SO0017969,17969,PWR-0014,2024-09-18,1,Shipping Damage
2699,SO0017971,17971,ELE-0005,2021-08-01,3,Wrong Item
2700,SO0017978,17978,HVA-0006,2023-11-27,5,Wrong Item
2701,SO0017984,17984,HVA-0026,2021-04-10,1,Customer Changed Mind
2702,SO0017996,17996,ELE-0014,2022-08-24,2,Wrong Item
2703,SO0017996,17996,FAS-0011,2022-08-26,6,Damaged
2704,SO0018005,18005,SAF-0017,2023-08-03,7,Wrong Item
2705,SO0018007,18007,PWR-0010,2025-10-27,1,Customer Changed Mind
2706,SO0018040,18040,SAF-0014,2022-03-25,4,Defective
2707,SO0018040,18040,FAS-0012,2022-04-07,6,Shipping Damage
2708,SO0018043,18043,ELE-0021,2022-04-05,1,Customer Changed Mind
2709,SO0018043,18043,FAS-0017,2022-04-24,17,Customer Changed Mind
2710,SO0018045,18045,HVA-0020,2022-11-21,11,Wrong Item
2711,SO0018046,18046,SAF-0003,2021-10-26,11,Wrong Item
2712,SO0018046,18046,HVA-0028,2021-11-04,14,Wrong Item
2713,SO0018048,18048,PWR-0004,2025-10-23,16,Customer Changed Mind
2714,SO0018051,18051,ELE-0001,2023-04-26,5,Shipping Damage
2715,SO0018052,18052,HVA-0012,2023-01-19,2,Shipping Damage
2716,SO0018056,18056,ELE-0010,2022-02-07,1,Wrong Item
2717,SO0018056,18056,HVA-0025,2022-02-13,2,Damaged
2718,SO0018060,18060,FAS-0002,2021-12-03,3,Damaged
2719,SO0018072,18072,ELE-0018,2025-07-20,2,Shipping Damage
2720,SO0018083,18083,FAS-0015,2022-04-16,12,Defective
2721,SO0018086,18086,HVA-0001,2022-08-22,9,Shipping Damage
2722,SO0018094,18094,SAF-0001,2024-12-21,1,Customer Changed Mind
2723,SO0018102,18102,ELE-0017,2022-05-10,20,Shipping Damage
2724,SO0018106,18106,ELE-0018,2022-03-31,14,Damaged
2725,SO0018107,18107,FAS-0015,2025-05-02,10,Shipping Damage
2726,SO0018107,18107,FAS-0011,2025-05-17,4,Defective
2727,SO0018110,18110,HVA-0028,2024-04-11,11,Wrong Item
2728,SO0018111,18111,SAF-0003,2021-02-02,4,Damaged
2729,SO0018117,18117,PWR-0002,2023-12-04,5,Defective
2730,SO0018120,18120,FAS-0014,2025-06-12,16,Shipping Damage
2731,SO0018135,18135,ELE-0012,2022-01-18,8,Damaged
2732,SO0018153,18153,FAS-0017,2024-08-29,6,Wrong Item
2733,SO0018157,18157,HVA-0010,2023-08-01,10,Wrong Item
2734,SO0018162,18162,HVA-0021,2021-08-28,8,Shipping Damage
2735,SO0018164,18164,PWR-0010,2025-10-06,8,Defective
2736,SO0018165,18165,SAF-0011,2024-01-14,1,Defective
2737,SO0018174,18174,HVA-0013,2021-01-31,4,Shipping Damage
2738,SO0018179,18179,SAF-0011,2024-03-16,11,Defective
2739,SO0018182,18182,SAF-0010,2023-10-31,12,Defective
2740,SO0018192,18192,ELE-0023,2025-09-25,6,Wrong Item
2741,SO0018200,18200,FAS-0010,2022-05-05,10,Shipping Damage
2742,SO0018208,18208,HVA-0013,2023-09-03,2,Defective
2743,SO0018209,18209,SAF-0004,2021-05-18,2,Defective
2744,SO0018219,18219,HVA-0016,2025-08-24,1,Wrong Item
2745,SO0018221,18221,ELE-0006,2024-02-27,4,Shipping Damage
2746,SO0018228,18228,PWR-0013,2022-10-27,20,Shipping Damage
2747,SO0018232,18232,HVA-0011,2022-02-19,1,Wrong Item
2748,SO0018234,18234,HVA-0003,2024-07-30,8,Damaged
2749,SO0018242,18242,ELE-0012,2023-11-25,10,Customer Changed Mind
2750,SO0018265,18265,SAF-0012,2025-08-17,2,Shipping Damage
2751,SO0018282,18282,PWR-0002,2021-07-27,11,Shipping Damage
2752,SO0018293,18293,HVA-0009,2021-05-29,7,Shipping Damage
2753,SO0018311,18311,FAS-0008,2024-11-21,7,Defective
2754,SO0018331,18331,ELE-0017,2025-05-10,6,Damaged
2755,SO0018342,18342,HVA-0028,2025-05-23,18,Damaged
2756,SO0018353,18353,HVA-0018,2021-03-23,5,Wrong Item
2757,SO0018355,18355,FAS-0010,2021-02-12,4,Shipping Damage
2758,SO0018367,18367,FAS-0003,2024-10-04,5,Damaged
2759,SO0018367,18367,SAF-0017,2024-09-29,6,Wrong Item
2760,SO0018386,18386,ELE-0011,2026-01-21,2,Damaged
2761,SO0018395,18395,ELE-0022,2025-09-01,1,Customer Changed Mind
2762,SO0018401,18401,FAS-0013,2024-07-28,12,Wrong Item
2763,SO0018401,18401,HVA-0018,2024-07-25,5,Damaged
2764,SO0018403,18403,SAF-0017,2022-05-08,4,Wrong Item
2765,SO0018411,18411,PWR-0014,2025-02-08,7,Customer Changed Mind
2766,SO0018416,18416,PWR-0013,2023-04-19,14,Customer Changed Mind
2767,SO0018419,18419,FAS-0008,2021-01-30,7,Defective
2768,SO0018429,18429,SAF-0017,2025-10-02,3,Shipping Damage
2769,SO0018433,18433,PWR-0004,2023-11-16,3,Wrong Item
2770,SO0018439,18439,HVA-0026,2025-08-13,3,Shipping Damage
2771,SO0018443,18443,ELE-0021,2024-05-09,2,Customer Changed Mind
2772,SO0018461,18461,FAS-0011,2022-08-27,9,Shipping Damage
2773,SO0018463,18463,SAF-0013,2025-02-11,2,Customer Changed Mind
2774,SO0018463,18463,ELE-0017,2025-02-07,7,Defective
2775,SO0018474,18474,SAF-0005,2023-04-01,6,Wrong Item
2776,SO0018484,18484,SAF-0006,2021-12-12,5,Wrong Item
2777,SO0018484,18484,FAS-0018,2022-01-02,10,Customer Changed Mind
2778,SO0018490,18490,HVA-0008,2024-02-23,5,Wrong Item
2779,SO0018494,18494,PWR-0003,2025-03-25,7,Defective
2780,SO0018495,18495,PWR-0007,2022-05-16,6,Customer Changed Mind
2781,SO0018499,18499,SAF-0013,2024-02-07,16,Customer Changed Mind
2782,SO0018508,18508,SAF-0001,2024-03-25,7,Damaged
2783,SO0018511,18511,PWR-0003,2025-01-01,17,Shipping Damage
2784,SO0018522,18522,SAF-0002,2024-02-19,5,Customer Changed Mind
2785,SO0018525,18525,SAF-0012,2021-06-23,8,Wrong Item
2786,SO0018558,18558,PWR-0006,2025-03-01,1,Damaged
2787,SO0018561,18561,SAF-0002,2021-12-16,14,Defective
2788,SO0018573,18573,FAS-0005,2024-02-07,13,Customer Changed Mind
2789,SO0018575,18575,SAF-0017,2024-05-29,2,Shipping Damage
2790,SO0018580,18580,ELE-0012,2024-02-17,5,Wrong Item
2791,SO0018583,18583,ELE-0022,2023-03-26,4,Shipping Damage
2792,SO0018586,18586,ELE-0022,2022-04-28,5,Shipping Damage
2793,SO0018587,18587,HVA-0023,2022-01-12,5,Damaged
2794,SO0018596,18596,ELE-0004,2023-09-19,14,Customer Changed Mind
2795,SO0018598,18598,FAS-0016,2024-12-20,2,Customer Changed Mind
2796,SO0018602,18602,FAS-0014,2024-05-02,1,Shipping Damage
2797,SO0018603,18603,SAF-0004,2022-07-12,10,Defective
2798,SO0018610,18610,ELE-0007,2024-07-28,5,Shipping Damage
2799,SO0018615,18615,ELE-0004,2021-06-18,1,Customer Changed Mind
2800,SO0018615,18615,ELE-0015,2021-05-30,3,Defective
2801,SO0018626,18626,ELE-0004,2022-01-12,1,Defective
2802,SO0018638,18638,HVA-0010,2023-04-06,4,Damaged
2803,SO0018643,18643,FAS-0016,2025-01-10,17,Shipping Damage
2804,SO0018647,18647,FAS-0015,2024-10-31,11,Shipping Damage
2805,SO0018651,18651,FAS-0008,2025-09-14,8,Wrong Item
2806,SO0018653,18653,PWR-0003,2025-12-06,6,Shipping Damage
2807,SO0018653,18653,HVA-0021,2025-12-07,4,Shipping Damage
2808,SO0018683,18683,HVA-0009,2024-09-22,17,Defective
2809,SO0018683,18683,SAF-0010,2024-10-07,8,Customer Changed Mind
2810,SO0018688,18688,ELE-0001,2024-03-17,2,Wrong Item
2811,SO0018693,18693,PWR-0010,2026-01-31,4,Damaged
2812,SO0018709,18709,SAF-0016,2022-04-18,5,Wrong Item
2813,SO0018719,18719,SAF-0010,2023-08-20,4,Wrong Item
2814,SO0018722,18722,ELE-0012,2023-12-31,5,Wrong Item
2815,SO0018724,18724,SAF-0015,2022-12-17,8,Customer Changed Mind
2816,SO0018724,18724,FAS-0005,2023-01-08,2,Wrong Item
2817,SO0018726,18726,HVA-0002,2021-10-09,1,Customer Changed Mind
2818,SO0018735,18735,ELE-0018,2025-02-05,6,Customer Changed Mind
2819,SO0018748,18748,PWR-0013,2025-12-29,8,Shipping Damage
2820,SO0018755,18755,HVA-0001,2023-06-29,1,Shipping Damage
2821,SO0018770,18770,HVA-0014,2024-01-22,2,Customer Changed Mind
2822,SO0018770,18770,HVA-0020,2024-02-03,18,Damaged
2823,SO0018773,18773,SAF-0012,2021-09-06,9,Damaged
2824,SO0018776,18776,PWR-0009,2023-05-24,4,Defective
2825,SO0018778,18778,SAF-0002,2025-06-19,2,Wrong Item
2826,SO0018781,18781,PWR-0006,2024-05-18,1,Damaged
2827,SO0018783,18783,ELE-0020,2023-08-31,1,Shipping Damage
2828,SO0018790,18790,PWR-0009,2025-05-13,10,Customer Changed Mind
2829,SO0018794,18794,PWR-0009,2024-01-08,1,Damaged
2830,SO0018798,18798,ELE-0016,2023-04-18,2,Defective
2831,SO0018800,18800,FAS-0016,2021-05-21,1,Defective
2832,SO0018804,18804,PWR-0006,2025-10-31,3,Wrong Item
2833,SO0018816,18816,ELE-0015,2022-05-02,1,Shipping Damage
2834,SO0018834,18834,FAS-0010,2022-08-27,4,Customer Changed Mind
2835,SO0018835,18835,HVA-0027,2024-09-12,9,Customer Changed Mind
2836,SO0018835,18835,ELE-0001,2024-09-19,13,Wrong Item
2837,SO0018838,18838,FAS-0008,2022-07-10,8,Defective
2838,SO0018852,18852,PWR-0005,2025-02-09,10,Wrong Item
2839,SO0018856,18856,HVA-0005,2021-03-31,1,Customer Changed Mind
2840,SO0018857,18857,ELE-0014,2021-09-03,15,Defective
2841,SO0018866,18866,HVA-0003,2022-10-04,5,Defective
2842,SO0018877,18877,ELE-0023,2022-07-16,18,Wrong Item
2843,SO0018891,18891,HVA-0023,2021-05-20,12,Shipping Damage
2844,SO0018903,18903,FAS-0010,2023-02-01,16,Defective
2845,SO0018906,18906,ELE-0013,2021-11-29,2,Shipping Damage
2846,SO0018911,18911,HVA-0003,2023-01-05,1,Shipping Damage
2847,SO0018915,18915,HVA-0026,2025-06-04,1,Shipping Damage
2848,SO0018924,18924,HVA-0028,2025-01-18,2,Customer Changed Mind
2849,SO0018938,18938,SAF-0014,2024-10-08,9,Damaged
2850,SO0018950,18950,ELE-0005,2024-04-04,5,Wrong Item
2851,SO0018958,18958,ELE-0012,2022-10-22,12,Customer Changed Mind
2852,SO0018963,18963,ELE-0014,2022-06-09,5,Wrong Item
2853,SO0018969,18969,SAF-0009,2022-02-17,8,Customer Changed Mind
2854,SO0018979,18979,PWR-0001,2021-10-20,2,Shipping Damage
2855,SO0018979,18979,SAF-0001,2021-10-20,1,Wrong Item
2856,SO0018982,18982,PWR-0002,2023-06-30,6,Defective
2857,SO0018991,18991,ELE-0016,2025-07-17,9,Damaged
2858,SO0018991,18991,FAS-0003,2025-07-15,14,Defective
2859,SO0018996,18996,SAF-0003,2023-12-13,3,Defective
2860,SO0019008,19008,SAF-0013,2023-03-19,2,Shipping Damage
2861,SO0019023,19023,SAF-0015,2021-09-05,11,Defective
2862,SO0019024,19024,HVA-0008,2022-03-24,9,Shipping Damage
2863,SO0019030,19030,PWR-0014,2022-03-02,2,Shipping Damage
2864,SO0019045,19045,FAS-0003,2024-04-06,4,Wrong Item
2865,SO0019047,19047,SAF-0016,2024-12-18,1,Damaged
2866,SO0019057,19057,SAF-0013,2022-12-03,1,Wrong Item
2867,SO0019059,19059,SAF-0001,2023-09-07,12,Customer Changed Mind
2868,SO0019063,19063,HVA-0025,2022-03-31,4,Damaged
2869,SO0019076,19076,PWR-0002,2021-07-26,1,Shipping Damage
2870,SO0019079,19079,ELE-0010,2023-08-01,2,Shipping Damage
2871,SO0019083,19083,HVA-0011,2022-02-25,1,Damaged
2872,SO0019084,19084,HVA-0012,2022-04-30,1,Damaged
2873,SO0019085,19085,PWR-0006,2022-08-31,4,Defective
2874,SO0019101,19101,ELE-0003,2025-09-22,2,Wrong Item
2875,SO0019102,19102,ELE-0007,2023-06-25,3,Wrong Item
2876,SO0019131,19131,FAS-0009,2023-10-10,2,Damaged
2877,SO0019131,19131,HVA-0022,2023-10-30,4,Damaged
2878,SO0019140,19140,PWR-0002,2021-03-06,1,Wrong Item
2879,SO0019143,19143,FAS-0002,2021-09-11,17,Customer Changed Mind
2880,SO0019160,19160,ELE-0013,2021-07-01,12,Customer Changed Mind
2881,SO0019161,19161,HVA-0024,2023-03-01,2,Damaged
2882,SO0019166,19166,HVA-0025,2023-11-14,4,Wrong Item
2883,SO0019168,19168,HVA-0026,2023-09-11,9,Defective
2884,SO0019170,19170,HVA-0013,2024-05-30,4,Wrong Item
2885,SO0019172,19172,SAF-0003,2023-07-23,4,Wrong Item
2886,SO0019208,19208,ELE-0017,2023-03-29,1,Shipping Damage
2887,SO0019211,19211,PWR-0001,2023-01-03,4,Damaged
2888,SO0019216,19216,SAF-0007,2022-11-27,9,Wrong Item
2889,SO0019224,19224,HVA-0011,2023-09-19,9,Wrong Item
2890,SO0019226,19226,FAS-0005,2024-12-09,7,Defective
2891,SO0019229,19229,FAS-0005,2021-11-01,7,Shipping Damage
2892,SO0019230,19230,HVA-0023,2024-05-03,14,Defective
2893,SO0019236,19236,PWR-0001,2024-05-23,1,Wrong Item
2894,SO0019241,19241,FAS-0002,2024-11-10,1,Damaged
2895,SO0019241,19241,ELE-0018,2024-10-30,9,Customer Changed Mind
2896,SO0019260,19260,FAS-0013,2024-01-14,12,Customer Changed Mind
2897,SO0019263,19263,ELE-0023,2022-05-12,4,Wrong Item
2898,SO0019266,19266,FAS-0012,2025-10-02,7,Customer Changed Mind
2899,SO0019278,19278,SAF-0009,2021-03-26,4,Damaged
2900,SO0019288,19288,SAF-0017,2021-03-07,2,Customer Changed Mind
2901,SO0019293,19293,PWR-0008,2023-10-09,7,Defective
2902,SO0019303,19303,FAS-0018,2021-11-10,18,Defective
2903,SO0019306,19306,HVA-0024,2025-03-16,3,Damaged
2904,SO0019316,19316,ELE-0004,2025-11-20,16,Damaged
2905,SO0019321,19321,ELE-0023,2022-11-26,1,Customer Changed Mind
2906,SO0019328,19328,FAS-0006,2021-08-26,2,Wrong Item
2907,SO0019332,19332,HVA-0009,2024-02-07,7,Shipping Damage
2908,SO0019342,19342,SAF-0002,2022-11-21,9,Wrong Item
2909,SO0019343,19343,FAS-0016,2025-09-28,8,Defective
2910,SO0019346,19346,FAS-0003,2021-02-16,10,Damaged
2911,SO0019348,19348,SAF-0012,2023-01-09,5,Damaged
2912,SO0019354,19354,FAS-0009,2022-10-30,10,Defective
2913,SO0019355,19355,SAF-0015,2024-11-15,17,Customer Changed Mind
2914,SO0019363,19363,HVA-0021,2022-02-23,1,Damaged
2915,SO0019368,19368,ELE-0004,2023-01-11,1,Shipping Damage
2916,SO0019375,19375,FAS-0005,2023-01-11,2,Wrong Item
2917,SO0019383,19383,FAS-0004,2023-05-10,6,Shipping Damage
2918,SO0019383,19383,ELE-0015,2023-04-19,17,Shipping Damage
2919,SO0019388,19388,HVA-0011,2022-11-26,3,Damaged
2920,SO0019400,19400,ELE-0001,2023-07-08,11,Damaged
2921,SO0019409,19409,ELE-0021,2022-04-30,15,Wrong Item
2922,SO0019410,19410,SAF-0008,2025-12-21,6,Customer Changed Mind
2923,SO0019413,19413,SAF-0008,2023-01-02,3,Wrong Item
2924,SO0019417,19417,HVA-0025,2024-03-22,5,Damaged
2925,SO0019419,19419,ELE-0021,2023-09-20,13,Shipping Damage
2926,SO0019439,19439,HVA-0016,2022-03-08,13,Shipping Damage
2927,SO0019440,19440,HVA-0015,2023-03-13,1,Shipping Damage
2928,SO0019445,19445,ELE-0020,2024-03-23,2,Damaged
2929,SO0019448,19448,HVA-0010,2025-07-20,1,Customer Changed Mind
2930,SO0019463,19463,HVA-0019,2021-09-10,1,Customer Changed Mind
2931,SO0019466,19466,HVA-0014,2024-07-21,8,Defective
2932,SO0019469,19469,SAF-0017,2022-03-15,8,Defective
2933,SO0019476,19476,HVA-0024,2025-03-18,5,Wrong Item
2934,SO0019479,19479,HVA-0019,2024-12-13,13,Customer Changed Mind
2935,SO0019480,19480,PWR-0013,2024-03-12,11,Wrong Item
2936,SO0019483,19483,ELE-0002,2024-05-25,1,Wrong Item
2937,SO0019486,19486,ELE-0007,2025-08-28,1,Customer Changed Mind
2938,SO0019493,19493,SAF-0003,2025-06-08,7,Defective
2939,SO0019497,19497,HVA-0021,2023-10-09,2,Customer Changed Mind
2940,SO0019498,19498,HVA-0005,2025-08-02,2,Defective
2941,SO0019502,19502,SAF-0014,2022-03-02,1,Customer Changed Mind
2942,SO0019505,19505,FAS-0008,2024-07-17,1,Damaged
2943,SO0019513,19513,SAF-0017,2024-04-20,4,Wrong Item
2944,SO0019514,19514,SAF-0007,2023-05-22,12,Shipping Damage
2945,SO0019516,19516,FAS-0015,2025-03-20,3,Shipping Damage
2946,SO0019522,19522,FAS-0018,2021-03-05,2,Shipping Damage
2947,SO0019524,19524,FAS-0008,2023-12-24,1,Customer Changed Mind
2948,SO0019530,19530,PWR-0002,2023-12-16,8,Damaged
2949,SO0019531,19531,HVA-0005,2024-05-01,11,Customer Changed Mind
2950,SO0019534,19534,FAS-0006,2021-09-13,7,Shipping Damage
2951,SO0019536,19536,FAS-0015,2022-05-21,2,Damaged
2952,SO0019542,19542,ELE-0017,2022-03-20,1,Wrong Item
2953,SO0019543,19543,PWR-0010,2023-11-07,1,Customer Changed Mind
2954,SO0019559,19559,FAS-0001,2024-05-11,3,Shipping Damage
2955,SO0019562,19562,HVA-0009,2025-08-31,10,Customer Changed Mind
2956,SO0019569,19569,HVA-0005,2024-06-20,7,Shipping Damage
2957,SO0019575,19575,PWR-0013,2025-06-20,4,Customer Changed Mind
2958,SO0019576,19576,HVA-0013,2021-11-13,2,Wrong Item
2959,SO0019580,19580,SAF-0006,2022-11-09,4,Shipping Damage
2960,SO0019581,19581,HVA-0025,2021-02-18,2,Wrong Item
2961,SO0019584,19584,HVA-0005,2023-10-02,1,Customer Changed Mind
2962,SO0019586,19586,HVA-0008,2025-08-19,4,Defective
2963,SO0019587,19587,HVA-0006,2023-04-17,2,Wrong Item
2964,SO0019588,19588,PWR-0009,2025-02-05,12,Customer Changed Mind
2965,SO0019594,19594,FAS-0017,2023-06-16,1,Shipping Damage
2966,SO0019602,19602,PWR-0014,2025-04-07,1,Damaged
2967,SO0019621,19621,PWR-0007,2024-12-31,8,Customer Changed Mind
2968,SO0019624,19624,PWR-0004,2023-12-30,2,Shipping Damage
2969,SO0019629,19629,SAF-0016,2022-12-02,7,Damaged
2970,SO0019656,19656,PWR-0004,2024-01-24,5,Wrong Item
2971,SO0019666,19666,FAS-0007,2023-07-10,7,Damaged
2972,SO0019668,19668,HVA-0012,2021-10-14,12,Defective
2973,SO0019669,19669,SAF-0007,2024-04-16,1,Wrong Item
2974,SO0019671,19671,ELE-0011,2024-11-28,4,Damaged
2975,SO0019671,19671,ELE-0009,2024-11-22,8,Wrong Item
2976,SO0019678,19678,ELE-0015,2021-12-18,2,Defective
2977,SO0019680,19680,HVA-0012,2024-03-12,4,Wrong Item
2978,SO0019686,19686,HVA-0020,2021-03-03,2,Customer Changed Mind
2979,SO0019689,19689,ELE-0006,2023-03-26,6,Customer Changed Mind
2980,SO0019691,19691,ELE-0003,2025-06-10,18,Shipping Damage
2981,SO0019695,19695,ELE-0015,2023-08-13,9,Wrong Item
2982,SO0019697,19697,HVA-0025,2024-06-16,2,Shipping Damage
2983,SO0019700,19700,HVA-0002,2023-02-08,1,Damaged
2984,SO0019707,19707,PWR-0009,2025-11-05,6,Customer Changed Mind
2985,SO0019708,19708,PWR-0008,2024-11-03,17,Wrong Item
2986,SO0019715,19715,PWR-0008,2021-04-04,8,Customer Changed Mind
2987,SO0019726,19726,HVA-0006,2025-07-10,3,Damaged
2988,SO0019737,19737,FAS-0003,2025-02-13,12,Shipping Damage
2989,SO0019744,19744,FAS-0005,2025-01-12,2,Defective
2990,SO0019756,19756,HVA-0017,2025-12-01,6,Wrong Item
2991,SO0019782,19782,HVA-0022,2023-04-27,1,Customer Changed Mind
2992,SO0019793,19793,PWR-0009,2021-09-29,1,Shipping Damage
2993,SO0019797,19797,HVA-0014,2023-07-27,14,Damaged
2994,SO0019808,19808,HVA-0023,2023-05-16,3,Wrong Item
2995,SO0019813,19813,HVA-0009,2025-01-18,2,Defective
2996,SO0019818,19818,FAS-0012,2022-08-25,3,Defective
2997,SO0019825,19825,ELE-0001,2021-01-27,6,Shipping Damage
2998,SO0019834,19834,FAS-0009,2023-05-02,3,Wrong Item
2999,SO0019839,19839,HVA-0008,2021-06-19,1,Defective
3000,SO0019846,19846,ELE-0015,2021-04-23,6,Damaged
3001,SO0019850,19850,PWR-0001,2025-06-13,2,Damaged
3002,SO0019852,19852,FAS-0016,2021-06-08,1,Wrong Item
3003,SO0019858,19858,HVA-0027,2024-06-20,5,Customer Changed Mind
3004,SO0019859,19859,SAF-0004,2021-02-10,1,Wrong Item
3005,SO0019890,19890,SAF-0013,2025-08-07,15,Defective
3006,SO0019893,19893,HVA-0026,2025-05-31,13,Defective
3007,SO0019897,19897,ELE-0020,2024-09-12,2,Wrong Item
3008,SO0019898,19898,SAF-0017,2023-06-12,5,Shipping Damage
3009,SO0019910,19910,FAS-0001,2025-11-11,4,Shipping Damage
3010,SO0019920,19920,PWR-0013,2025-04-15,4,Defective
3011,SO0019920,19920,SAF-0008,2025-04-22,7,Customer Changed Mind
3012,SO0019922,19922,FAS-0007,2023-04-11,2,Damaged
3013,SO0019935,19935,ELE-0008,2023-04-16,1,Shipping Damage
3014,SO0019940,19940,PWR-0010,2022-01-09,10,Defective
3015,SO0019943,19943,SAF-0013,2022-12-11,1,Customer Changed Mind
3016,SO0019944,19944,ELE-0010,2022-02-16,4,Shipping Damage
3017,SO0019956,19956,ELE-0012,2023-12-31,8,Damaged
3018,SO0019957,19957,HVA-0022,2021-02-12,9,Defective
3019,SO0019963,19963,HVA-0011,2021-06-28,14,Customer Changed Mind
3020,SO0019965,19965,PWR-0012,2023-11-20,10,Shipping Damage
3021,SO0019969,19969,ELE-0005,2022-07-27,9,Defective
3022,SO0019971,19971,HVA-0015,2023-08-11,7,Wrong Item
3023,SO0019993,19993,ELE-0010,2025-08-24,1,Shipping Damage
3024,SO0020010,20010,HVA-0012,2025-03-31,12,Wrong Item
3025,SO0020015,20015,PWR-0002,2021-11-08,7,Defective
3026,SO0020016,20016,FAS-0003,2023-08-16,5,Wrong Item
3027,SO0020021,20021,SAF-0004,2022-11-17,14,Defective
3028,SO0020024,20024,PWR-0011,2021-09-01,7,Shipping Damage
3029,SO0020030,20030,HVA-0009,2025-03-14,6,Customer Changed Mind
3030,SO0020036,20036,HVA-0014,2023-11-09,3,Wrong Item
3031,SO0020039,20039,SAF-0015,2022-11-14,2,Defective
3032,SO0020043,20043,ELE-0004,2021-06-24,12,Damaged
3033,SO0020044,20044,PWR-0008,2025-10-17,3,Damaged
3034,SO0020045,20045,FAS-0016,2021-10-06,6,Damaged
3035,SO0020057,20057,HVA-0020,2025-02-25,13,Damaged
3036,SO0020060,20060,HVA-0009,2025-09-06,1,Damaged
3037,SO0020066,20066,HVA-0002,2025-08-18,2,Wrong Item
3038,SO0020071,20071,HVA-0014,2022-05-26,2,Damaged
3039,SO0020072,20072,SAF-0008,2025-06-20,15,Shipping Damage
3040,SO0020083,20083,FAS-0007,2022-09-10,13,Shipping Damage
3041,SO0020096,20096,PWR-0001,2021-02-20,6,Damaged
3042,SO0020097,20097,HVA-0006,2024-06-14,14,Wrong Item
3043,SO0020105,20105,HVA-0028,2022-06-11,1,Damaged
3044,SO0020108,20108,HVA-0010,2025-04-26,6,Customer Changed Mind
3045,SO0020109,20109,HVA-0023,2025-03-29,13,Wrong Item
3046,SO0020128,20128,FAS-0008,2023-09-16,10,Damaged
3047,SO0020130,20130,HVA-0027,2023-12-04,4,Wrong Item
3048,SO0020147,20147,FAS-0010,2021-06-23,1,Damaged
3049,SO0020159,20159,HVA-0004,2021-09-20,8,Customer Changed Mind
3050,SO0020162,20162,HVA-0024,2021-03-16,8,Defective
3051,SO0020165,20165,FAS-0013,2024-03-10,10,Customer Changed Mind
3052,SO0020165,20165,PWR-0008,2024-03-16,14,Defective
3053,SO0020166,20166,HVA-0011,2025-07-05,8,Damaged
3054,SO0020167,20167,HVA-0012,2022-08-13,9,Wrong Item
3055,SO0020168,20168,HVA-0010,2025-12-18,10,Wrong Item
3056,SO0020175,20175,FAS-0013,2025-11-24,2,Customer Changed Mind
3057,SO0020181,20181,ELE-0015,2021-07-23,6,Customer Changed Mind
3058,SO0020186,20186,HVA-0014,2023-02-27,14,Wrong Item
3059,SO0020192,20192,HVA-0006,2022-11-20,1,Customer Changed Mind
3060,SO0020198,20198,HVA-0026,2024-02-23,2,Wrong Item
3061,SO0020202,20202,HVA-0015,2026-01-19,9,Damaged
3062,SO0020208,20208,HVA-0022,2024-04-17,2,Customer Changed Mind
3063,SO0020209,20209,PWR-0014,2023-10-11,1,Wrong Item
3064,SO0020215,20215,HVA-0028,2024-02-10,4,Wrong Item
3065,SO0020218,20218,HVA-0011,2023-01-01,13,Defective
3066,SO0020221,20221,ELE-0014,2022-03-18,3,Shipping Damage
3067,SO0020221,20221,SAF-0008,2022-03-03,3,Defective
3068,SO0020224,20224,PWR-0012,2021-04-22,1,Defective
3069,SO0020226,20226,ELE-0013,2024-09-08,5,Defective
3070,SO0020274,20274,ELE-0022,2021-01-30,13,Defective
3071,SO0020281,20281,FAS-0011,2023-11-22,16,Damaged
3072,SO0020289,20289,HVA-0023,2024-01-22,9,Defective
3073,SO0020299,20299,HVA-0004,2024-08-13,14,Shipping Damage
3074,SO0020311,20311,HVA-0007,2025-06-17,8,Wrong Item
3075,SO0020311,20311,FAS-0017,2025-06-26,8,Shipping Damage
3076,SO0020316,20316,SAF-0009,2023-04-22,9,Customer Changed Mind
3077,SO0020317,20317,ELE-0004,2022-11-25,4,Customer Changed Mind
3078,SO0020330,20330,ELE-0021,2021-08-04,7,Shipping Damage
3079,SO0020334,20334,ELE-0004,2022-11-20,6,Customer Changed Mind
3080,SO0020334,20334,FAS-0003,2022-11-07,7,Wrong Item
3081,SO0020334,20334,FAS-0004,2022-11-27,1,Wrong Item
3082,SO0020338,20338,HVA-0003,2022-03-16,13,Defective
3083,SO0020342,20342,SAF-0016,2023-08-26,4,Defective
3084,SO0020343,20343,SAF-0017,2021-05-30,1,Defective
3085,SO0020344,20344,PWR-0013,2022-05-17,2,Shipping Damage
3086,SO0020348,20348,ELE-0005,2021-09-30,6,Wrong Item
3087,SO0020350,20350,SAF-0005,2023-04-07,6,Shipping Damage
3088,SO0020352,20352,SAF-0015,2024-09-01,3,Wrong Item
3089,SO0020353,20353,PWR-0001,2025-07-13,1,Defective
3090,SO0020363,20363,FAS-0009,2025-04-22,1,Wrong Item
3091,SO0020368,20368,SAF-0017,2025-04-30,1,Wrong Item
3092,SO0020375,20375,SAF-0004,2021-12-19,7,Wrong Item
3093,SO0020380,20380,PWR-0002,2025-11-20,9,Wrong Item
3094,SO0020400,20400,ELE-0008,2022-06-08,2,Defective
3095,SO0020403,20403,ELE-0012,2022-06-17,5,Damaged
3096,SO0020431,20431,ELE-0023,2025-01-19,4,Defective
3097,SO0020435,20435,SAF-0011,2025-06-12,8,Damaged
3098,SO0020450,20450,SAF-0005,2024-12-13,6,Damaged
3099,SO0020451,20451,ELE-0017,2025-01-30,4,Wrong Item
3100,SO0020457,20457,FAS-0005,2022-05-11,1,Damaged
3101,SO0020463,20463,ELE-0001,2021-10-07,1,Customer Changed Mind
3102,SO0020463,20463,HVA-0018,2021-10-02,1,Defective
3103,SO0020464,20464,FAS-0010,2023-08-16,2,Shipping Damage
3104,SO0020484,20484,PWR-0012,2021-06-29,6,Shipping Damage
3105,SO0020488,20488,ELE-0006,2021-01-29,3,Wrong Item
3106,SO0020494,20494,SAF-0010,2024-10-27,3,Wrong Item
3107,SO0020495,20495,HVA-0021,2025-12-06,20,Wrong Item
3108,SO0020497,20497,ELE-0004,2025-01-29,15,Damaged
3109,SO0020498,20498,HVA-0018,2021-05-13,8,Damaged
3110,SO0020501,20501,HVA-0022,2024-03-02,8,Defective
3111,SO0020503,20503,HVA-0015,2022-03-07,4,Customer Changed Mind
3112,SO0020523,20523,FAS-0017,2021-08-23,3,Defective
3113,SO0020532,20532,ELE-0004,2022-09-11,7,Wrong Item
3114,SO0020536,20536,PWR-0001,2022-12-04,11,Shipping Damage
3115,SO0020538,20538,SAF-0010,2024-09-23,1,Defective
3116,SO0020550,20550,HVA-0008,2023-12-18,1,Wrong Item
3117,SO0020551,20551,FAS-0006,2021-08-03,8,Customer Changed Mind
3118,SO0020561,20561,ELE-0006,2023-02-23,2,Damaged
3119,SO0020569,20569,FAS-0006,2022-06-27,14,Defective
3120,SO0020569,20569,HVA-0019,2022-07-01,4,Defective
3121,SO0020592,20592,HVA-0010,2023-08-14,11,Customer Changed Mind
3122,SO0020592,20592,FAS-0002,2023-09-10,9,Shipping Damage
3123,SO0020599,20599,FAS-0018,2024-09-09,7,Damaged
3124,SO0020614,20614,FAS-0018,2024-04-30,6,Customer Changed Mind
3125,SO0020619,20619,HVA-0012,2025-07-31,11,Shipping Damage
3126,SO0020622,20622,HVA-0004,2024-07-28,5,Wrong Item
3127,SO0020623,20623,ELE-0005,2021-05-25,13,Defective
3128,SO0020627,20627,SAF-0011,2024-11-27,5,Wrong Item
3129,SO0020629,20629,HVA-0013,2025-01-19,2,Shipping Damage
3130,SO0020630,20630,SAF-0016,2024-04-23,1,Damaged
3131,SO0020635,20635,SAF-0009,2024-01-30,2,Customer Changed Mind
3132,SO0020652,20652,ELE-0007,2023-02-22,15,Customer Changed Mind
3133,SO0020654,20654,HVA-0023,2023-05-17,6,Defective
3134,SO0020663,20663,HVA-0011,2025-07-16,8,Wrong Item
3135,SO0020668,20668,ELE-0020,2024-01-06,17,Defective
3136,SO0020668,20668,FAS-0008,2024-01-14,1,Customer Changed Mind
3137,SO0020675,20675,FAS-0012,2022-01-13,2,Customer Changed Mind
3138,SO0020679,20679,SAF-0001,2022-07-27,9,Wrong Item
3139,SO0020681,20681,SAF-0017,2022-08-29,3,Defective
3140,SO0020684,20684,ELE-0017,2024-10-01,9,Shipping Damage
3141,SO0020684,20684,PWR-0004,2024-09-30,10,Damaged
3142,SO0020685,20685,HVA-0017,2024-10-30,4,Shipping Damage
3143,SO0020703,20703,FAS-0007,2025-02-15,1,Defective
3144,SO0020711,20711,ELE-0003,2022-12-23,11,Damaged
3145,SO0020717,20717,SAF-0016,2023-06-09,1,Defective
3146,SO0020725,20725,SAF-0001,2021-06-10,1,Defective
3147,SO0020735,20735,HVA-0014,2024-11-04,15,Wrong Item
3148,SO0020741,20741,ELE-0017,2021-12-10,2,Wrong Item
3149,SO0020749,20749,PWR-0005,2025-05-11,8,Customer Changed Mind
3150,SO0020754,20754,SAF-0009,2021-05-12,3,Defective
3151,SO0020759,20759,HVA-0005,2022-01-02,3,Damaged
3152,SO0020777,20777,HVA-0020,2023-08-28,8,Wrong Item
3153,SO0020777,20777,PWR-0010,2023-09-06,6,Damaged
3154,SO0020778,20778,HVA-0008,2023-12-25,12,Damaged
3155,SO0020783,20783,SAF-0017,2022-03-19,8,Wrong Item
3156,SO0020791,20791,ELE-0022,2021-03-25,6,Damaged
3157,SO0020795,20795,FAS-0001,2023-08-07,1,Damaged
3158,SO0020824,20824,ELE-0008,2025-12-27,6,Customer Changed Mind
3159,SO0020826,20826,PWR-0012,2025-07-18,4,Shipping Damage
3160,SO0020833,20833,HVA-0014,2024-03-09,2,Wrong Item
3161,SO0020848,20848,ELE-0013,2023-07-20,10,Wrong Item
3162,SO0020856,20856,HVA-0016,2023-11-04,5,Customer Changed Mind
3163,SO0020856,20856,ELE-0012,2023-10-18,1,Customer Changed Mind
3164,SO0020858,20858,FAS-0004,2024-04-16,5,Wrong Item
3165,SO0020858,20858,HVA-0015,2024-04-17,1,Customer Changed Mind
3166,SO0020859,20859,ELE-0020,2025-04-22,8,Shipping Damage
3167,SO0020860,20860,HVA-0001,2023-11-11,2,Damaged
3168,SO0020880,20880,HVA-0006,2021-08-14,3,Defective
3169,SO0020884,20884,HVA-0004,2021-02-17,7,Damaged
3170,SO0020890,20890,ELE-0011,2022-02-22,14,Defective
3171,SO0020892,20892,HVA-0028,2021-11-08,2,Wrong Item
3172,SO0020896,20896,ELE-0013,2025-01-12,2,Defective
3173,SO0020910,20910,FAS-0001,2024-08-18,5,Shipping Damage
3174,SO0020919,20919,SAF-0008,2022-03-10,16,Wrong Item
3175,SO0020930,20930,PWR-0002,2023-11-28,1,Shipping Damage
3176,SO0020936,20936,FAS-0016,2022-04-06,1,Shipping Damage
3177,SO0020941,20941,ELE-0001,2025-03-11,9,Shipping Damage
3178,SO0020947,20947,SAF-0008,2024-10-08,11,Damaged
3179,SO0020984,20984,ELE-0011,2023-12-01,4,Wrong Item
3180,SO0020995,20995,HVA-0014,2024-12-08,3,Defective
3181,SO0021002,21002,HVA-0027,2024-07-23,2,Wrong Item
3182,SO0021011,21011,FAS-0004,2025-01-13,1,Shipping Damage
3183,SO0021015,21015,SAF-0012,2023-02-26,13,Damaged
3184,SO0021018,21018,HVA-0025,2022-02-14,19,Customer Changed Mind
3185,SO0021027,21027,SAF-0002,2025-08-19,16,Defective
3186,SO0021027,21027,HVA-0008,2025-08-23,2,Wrong Item
3187,SO0021033,21033,ELE-0018,2025-04-21,4,Damaged
3188,SO0021035,21035,FAS-0005,2023-09-22,1,Shipping Damage
3189,SO0021039,21039,SAF-0004,2024-06-11,12,Shipping Damage
3190,SO0021070,21070,HVA-0028,2022-04-06,3,Shipping Damage
3191,SO0021071,21071,HVA-0026,2022-03-16,7,Wrong Item
3192,SO0021074,21074,PWR-0004,2025-02-08,12,Shipping Damage
3193,SO0021081,21081,FAS-0017,2024-10-06,2,Customer Changed Mind
3194,SO0021087,21087,FAS-0007,2023-12-15,2,Customer Changed Mind
3195,SO0021092,21092,ELE-0008,2022-04-21,2,Shipping Damage
3196,SO0021102,21102,HVA-0019,2023-08-15,4,Damaged
3197,SO0021103,21103,ELE-0013,2023-08-06,14,Customer Changed Mind
3198,SO0021105,21105,ELE-0005,2024-12-09,10,Wrong Item
3199,SO0021107,21107,HVA-0010,2025-09-18,8,Customer Changed Mind
3200,SO0021120,21120,HVA-0025,2021-06-07,7,Shipping Damage
3201,SO0021129,21129,ELE-0021,2021-08-01,4,Defective
3202,SO0021129,21129,ELE-0003,2021-08-07,11,Shipping Damage
3203,SO0021137,21137,FAS-0010,2024-09-01,3,Customer Changed Mind
3204,SO0021139,21139,HVA-0012,2022-06-23,2,Shipping Damage
3205,SO0021145,21145,FAS-0009,2022-08-30,1,Wrong Item
3206,SO0021154,21154,PWR-0013,2021-07-07,11,Defective
3207,SO0021161,21161,ELE-0004,2023-12-27,5,Shipping Damage
3208,SO0021161,21161,HVA-0028,2023-12-11,2,Wrong Item
3209,SO0021170,21170,HVA-0021,2024-06-07,12,Wrong Item
3210,SO0021185,21185,ELE-0003,2025-01-24,1,Customer Changed Mind
3211,SO0021190,21190,SAF-0012,2021-07-15,2,Customer Changed Mind
3212,SO0021191,21191,HVA-0007,2025-02-06,2,Customer Changed Mind
3213,SO0021204,21204,HVA-0016,2023-02-25,10,Wrong Item
3214,SO0021207,21207,FAS-0009,2021-01-30,1,Wrong Item
3215,SO0021213,21213,HVA-0003,2023-08-23,6,Customer Changed Mind
3216,SO0021216,21216,HVA-0009,2021-02-14,7,Damaged
3217,SO0021228,21228,HVA-0003,2021-05-22,5,Customer Changed Mind
3218,SO0021232,21232,PWR-0008,2023-02-05,4,Damaged
3219,SO0021239,21239,HVA-0022,2024-06-11,12,Damaged
3220,SO0021246,21246,SAF-0011,2025-07-03,2,Wrong Item
3221,SO0021248,21248,ELE-0012,2024-06-07,14,Damaged
3222,SO0021249,21249,HVA-0009,2024-07-07,3,Customer Changed Mind
3223,SO0021258,21258,HVA-0010,2026-01-11,10,Damaged
3224,SO0021275,21275,FAS-0011,2023-05-23,3,Customer Changed Mind
3225,SO0021276,21276,FAS-0004,2024-09-06,5,Damaged
3226,SO0021279,21279,ELE-0009,2022-07-21,2,Defective
3227,SO0021282,21282,ELE-0019,2025-01-18,4,Customer Changed Mind
3228,SO0021292,21292,FAS-0017,2022-12-05,8,Defective
3229,SO0021304,21304,PWR-0003,2023-12-10,1,Customer Changed Mind
3230,SO0021312,21312,PWR-0001,2021-12-13,15,Damaged
3231,SO0021319,21319,HVA-0016,2021-05-17,17,Shipping Damage
3232,SO0021319,21319,SAF-0009,2021-05-08,12,Shipping Damage
3233,SO0021321,21321,FAS-0001,2024-02-23,14,Defective
3234,SO0021323,21323,HVA-0007,2023-09-18,7,Customer Changed Mind
3235,SO0021331,21331,SAF-0002,2025-09-01,4,Shipping Damage
3236,SO0021331,21331,ELE-0009,2025-09-16,12,Customer Changed Mind
3237,SO0021348,21348,ELE-0013,2025-10-22,10,Damaged
3238,SO0021353,21353,FAS-0018,2024-04-15,3,Shipping Damage
3239,SO0021356,21356,HVA-0014,2022-08-10,2,Shipping Damage
3240,SO0021366,21366,PWR-0011,2022-01-29,1,Wrong Item
3241,SO0021372,21372,PWR-0005,2025-06-05,7,Shipping Damage
3242,SO0021383,21383,HVA-0005,2022-03-20,6,Shipping Damage
3243,SO0021412,21412,HVA-0017,2022-05-06,13,Damaged
3244,SO0021416,21416,SAF-0008,2023-12-30,9,Shipping Damage
3245,SO0021419,21419,HVA-0007,2024-08-22,7,Shipping Damage
3246,SO0021423,21423,HVA-0004,2023-11-20,2,Defective
3247,SO0021431,21431,HVA-0008,2024-04-16,1,Defective
3248,SO0021437,21437,HVA-0015,2021-09-27,3,Wrong Item
3249,SO0021438,21438,SAF-0017,2023-06-30,1,Wrong Item
3250,SO0021439,21439,SAF-0017,2024-10-03,15,Shipping Damage
3251,SO0021445,21445,PWR-0008,2023-07-21,6,Defective
3252,SO0021447,21447,SAF-0016,2023-08-13,16,Defective
3253,SO0021451,21451,FAS-0017,2021-04-15,5,Customer Changed Mind
3254,SO0021455,21455,ELE-0014,2024-11-08,4,Customer Changed Mind
3255,SO0021458,21458,HVA-0001,2025-08-06,1,Customer Changed Mind
3256,SO0021460,21460,SAF-0017,2025-02-12,3,Customer Changed Mind
3257,SO0021472,21472,PWR-0014,2021-03-15,18,Defective
3258,SO0021515,21515,HVA-0017,2021-08-20,3,Customer Changed Mind
3259,SO0021529,21529,PWR-0012,2023-01-14,3,Wrong Item
3260,SO0021548,21548,PWR-0007,2023-07-16,12,Damaged
3261,SO0021562,21562,FAS-0009,2025-02-14,8,Customer Changed Mind
3262,SO0021567,21567,FAS-0007,2025-05-02,8,Customer Changed Mind
3263,SO0021569,21569,PWR-0011,2025-07-02,1,Shipping Damage
3264,SO0021575,21575,SAF-0003,2022-02-11,8,Customer Changed Mind
3265,SO0021576,21576,FAS-0012,2023-04-08,11,Customer Changed Mind
3266,SO0021577,21577,PWR-0007,2025-08-21,6,Customer Changed Mind
3267,SO0021580,21580,SAF-0001,2025-12-14,10,Shipping Damage
3268,SO0021582,21582,SAF-0017,2022-05-05,15,Damaged
3269,SO0021589,21589,FAS-0004,2025-03-04,10,Wrong Item
3270,SO0021593,21593,HVA-0005,2022-09-06,3,Customer Changed Mind
3271,SO0021593,21593,FAS-0003,2022-08-30,1,Shipping Damage
3272,SO0021594,21594,FAS-0017,2022-03-11,5,Customer Changed Mind
3273,SO0021597,21597,PWR-0006,2023-12-05,1,Wrong Item
3274,SO0021612,21612,HVA-0006,2022-06-30,3,Wrong Item
3275,SO0021612,21612,HVA-0025,2022-06-15,6,Damaged
3276,SO0021623,21623,SAF-0005,2021-06-28,7,Damaged
3277,SO0021635,21635,PWR-0014,2025-11-26,14,Damaged
3278,SO0021645,21645,FAS-0012,2025-10-06,2,Shipping Damage
3279,SO0021645,21645,ELE-0001,2025-10-13,3,Wrong Item
3280,SO0021662,21662,PWR-0008,2023-12-29,3,Customer Changed Mind
3281,SO0021668,21668,PWR-0002,2023-12-10,7,Damaged
3282,SO0021676,21676,ELE-0019,2022-01-28,2,Shipping Damage
3283,SO0021678,21678,PWR-0010,2025-05-22,2,Customer Changed Mind
3284,SO0021679,21679,PWR-0011,2023-04-23,3,Wrong Item
3285,SO0021686,21686,HVA-0008,2021-09-04,3,Defective
3286,SO0021711,21711,HVA-0021,2021-08-23,4,Customer Changed Mind
3287,SO0021711,21711,ELE-0017,2021-08-10,12,Wrong Item
3288,SO0021716,21716,SAF-0004,2021-10-14,4,Wrong Item
3289,SO0021719,21719,HVA-0011,2022-01-17,1,Wrong Item
3290,SO0021719,21719,PWR-0013,2022-01-21,7,Defective
3291,SO0021727,21727,FAS-0001,2023-08-20,3,Shipping Damage
3292,SO0021740,21740,PWR-0012,2023-11-01,8,Shipping Damage
3293,SO0021746,21746,HVA-0008,2021-11-12,8,Wrong Item
3294,SO0021748,21748,SAF-0003,2024-10-05,13,Customer Changed Mind
3295,SO0021756,21756,FAS-0017,2022-12-29,1,Damaged
3296,SO0021758,21758,ELE-0022,2025-03-20,10,Damaged
3297,SO0021758,21758,HVA-0011,2025-03-20,15,Shipping Damage
3298,SO0021760,21760,HVA-0017,2022-09-04,4,Damaged
3299,SO0021777,21777,ELE-0002,2025-08-27,6,Customer Changed Mind
3300,SO0021781,21781,SAF-0008,2022-03-03,3,Shipping Damage
3301,SO0021795,21795,HVA-0006,2021-07-06,1,Shipping Damage
3302,SO0021805,21805,ELE-0022,2024-10-07,2,Damaged
3303,SO0021815,21815,PWR-0007,2022-06-18,1,Wrong Item
3304,SO0021820,21820,ELE-0023,2021-12-05,3,Defective
3305,SO0021820,21820,FAS-0006,2021-11-30,8,Defective
3306,SO0021820,21820,FAS-0013,2021-11-29,3,Wrong Item
3307,SO0021822,21822,SAF-0004,2023-02-18,7,Shipping Damage
3308,SO0021823,21823,HVA-0022,2025-02-22,5,Damaged
3309,SO0021837,21837,ELE-0020,2021-11-17,3,Defective
3310,SO0021837,21837,SAF-0014,2021-11-08,2,Customer Changed Mind
3311,SO0021843,21843,SAF-0009,2021-11-20,6,Shipping Damage
3312,SO0021849,21849,SAF-0014,2023-10-31,2,Damaged
3313,SO0021852,21852,ELE-0009,2022-05-09,5,Wrong Item
3314,SO0021856,21856,SAF-0009,2023-03-10,2,Shipping Damage
3315,SO0021860,21860,SAF-0007,2025-08-09,1,Defective
3316,SO0021871,21871,PWR-0009,2021-05-07,17,Defective
3317,SO0021871,21871,SAF-0007,2021-04-24,1,Customer Changed Mind
3318,SO0021873,21873,FAS-0010,2024-06-12,11,Shipping Damage
3319,SO0021874,21874,HVA-0004,2024-08-31,3,Defective
3320,SO0021879,21879,SAF-0008,2024-09-02,2,Wrong Item
3321,SO0021880,21880,ELE-0018,2023-09-14,11,Wrong Item
3322,SO0021920,21920,SAF-0002,2021-07-30,12,Wrong Item
3323,SO0021931,21931,SAF-0014,2025-12-31,4,Customer Changed Mind
3324,SO0021936,21936,HVA-0006,2023-05-13,5,Defective
3325,SO0021938,21938,PWR-0002,2021-09-29,4,Shipping Damage
3326,SO0021942,21942,ELE-0004,2023-04-13,4,Customer Changed Mind
3327,SO0021949,21949,HVA-0007,2022-05-15,9,Damaged
3328,SO0021953,21953,PWR-0010,2025-02-12,5,Defective
3329,SO0021961,21961,ELE-0009,2025-04-22,1,Defective
3330,SO0021962,21962,FAS-0007,2022-07-07,6,Wrong Item
3331,SO0021971,21971,SAF-0002,2023-02-06,5,Shipping Damage
3332,SO0021986,21986,SAF-0004,2021-07-11,3,Shipping Damage
3333,SO0021988,21988,FAS-0015,2025-01-04,13,Wrong Item
3334,SO0021999,21999,FAS-0001,2025-07-05,3,Wrong Item
3335,SO0022005,22005,ELE-0004,2022-06-10,12,Wrong Item
3336,SO0022005,22005,FAS-0015,2022-05-31,2,Shipping Damage
3337,SO0022015,22015,SAF-0009,2022-06-27,10,Damaged
3338,SO0022019,22019,HVA-0022,2025-06-30,10,Shipping Damage
3339,SO0022021,22021,PWR-0006,2023-02-10,3,Wrong Item
3340,SO0022032,22032,PWR-0008,2022-06-10,8,Damaged
3341,SO0022042,22042,HVA-0005,2021-02-17,1,Damaged
3342,SO0022044,22044,SAF-0009,2025-07-12,7,Defective
3343,SO0022050,22050,FAS-0008,2023-08-09,1,Customer Changed Mind
3344,SO0022051,22051,HVA-0014,2023-05-09,4,Defective
3345,SO0022052,22052,ELE-0004,2023-10-24,4,Wrong Item
3346,SO0022061,22061,SAF-0017,2021-12-17,9,Wrong Item
3347,SO0022065,22065,HVA-0013,2021-05-24,2,Wrong Item
3348,SO0022068,22068,HVA-0020,2024-11-20,1,Shipping Damage
3349,SO0022077,22077,SAF-0007,2023-04-25,5,Defective
3350,SO0022079,22079,FAS-0015,2025-12-02,1,Shipping Damage
3351,SO0022088,22088,HVA-0009,2021-06-26,9,Wrong Item
3352,SO0022098,22098,PWR-0002,2025-01-25,9,Wrong Item
3353,SO0022103,22103,HVA-0020,2021-06-23,4,Shipping Damage
3354,SO0022104,22104,HVA-0002,2025-10-24,1,Customer Changed Mind
3355,SO0022112,22112,SAF-0001,2025-04-01,9,Shipping Damage
3356,SO0022123,22123,ELE-0020,2026-01-28,9,Defective
3357,SO0022130,22130,HVA-0028,2022-07-11,1,Damaged
3358,SO0022131,22131,ELE-0017,2024-07-29,6,Shipping Damage
3359,SO0022134,22134,SAF-0007,2024-09-18,2,Damaged
3360,SO0022135,22135,HVA-0004,2021-05-25,3,Customer Changed Mind
3361,SO0022146,22146,ELE-0019,2021-04-27,8,Shipping Damage
3362,SO0022151,22151,FAS-0018,2021-09-19,1,Wrong Item
3363,SO0022159,22159,ELE-0016,2025-07-11,1,Shipping Damage
3364,SO0022161,22161,HVA-0012,2024-06-11,7,Wrong Item
3365,SO0022163,22163,ELE-0016,2024-10-14,5,Wrong Item
3366,SO0022169,22169,HVA-0003,2024-09-11,3,Wrong Item
3367,SO0022175,22175,HVA-0019,2022-07-05,12,Customer Changed Mind
3368,SO0022177,22177,HVA-0012,2022-09-23,2,Damaged
3369,SO0022178,22178,ELE-0023,2021-03-12,1,Damaged
3370,SO0022178,22178,PWR-0013,2021-02-22,4,Customer Changed Mind
3371,SO0022185,22185,SAF-0015,2025-09-12,15,Wrong Item
3372,SO0022187,22187,HVA-0007,2022-01-07,10,Defective
3373,SO0022190,22190,HVA-0016,2023-07-11,3,Damaged
3374,SO0022192,22192,PWR-0003,2025-11-17,13,Customer Changed Mind
3375,SO0022202,22202,ELE-0020,2025-06-30,5,Customer Changed Mind
3376,SO0022220,22220,ELE-0019,2023-09-01,1,Defective
3377,SO0022223,22223,SAF-0003,2022-07-20,2,Damaged
3378,SO0022226,22226,HVA-0008,2023-02-02,1,Defective
3379,SO0022234,22234,PWR-0003,2021-12-24,17,Damaged
3380,SO0022247,22247,ELE-0003,2024-03-30,7,Defective
3381,SO0022249,22249,HVA-0014,2025-05-14,3,Customer Changed Mind
3382,SO0022251,22251,HVA-0019,2023-09-11,3,Shipping Damage
3383,SO0022252,22252,HVA-0005,2025-09-24,9,Shipping Damage
3384,SO0022260,22260,PWR-0013,2025-02-18,8,Defective
3385,SO0022273,22273,PWR-0014,2021-06-02,11,Customer Changed Mind
3386,SO0022277,22277,HVA-0002,2023-05-06,8,Defective
3387,SO0022280,22280,HVA-0004,2024-06-15,11,Customer Changed Mind
3388,SO0022284,22284,ELE-0008,2024-03-14,11,Defective
3389,SO0022285,22285,FAS-0018,2024-03-18,7,Shipping Damage
3390,SO0022289,22289,ELE-0021,2022-04-01,2,Shipping Damage
3391,SO0022293,22293,FAS-0008,2022-07-11,15,Customer Changed Mind
3392,SO0022296,22296,SAF-0002,2022-05-24,7,Wrong Item
3393,SO0022297,22297,HVA-0011,2022-03-18,16,Wrong Item
3394,SO0022303,22303,HVA-0018,2024-08-12,4,Wrong Item
3395,SO0022309,22309,FAS-0006,2024-08-07,4,Shipping Damage
3396,SO0022315,22315,SAF-0015,2024-11-23,6,Defective
3397,SO0022319,22319,FAS-0009,2023-11-24,1,Customer Changed Mind
3398,SO0022320,22320,HVA-0018,2023-08-02,1,Shipping Damage
3399,SO0022324,22324,FAS-0002,2023-04-06,3,Customer Changed Mind
3400,SO0022328,22328,HVA-0003,2024-12-11,9,Damaged
3401,SO0022335,22335,FAS-0006,2024-12-07,6,Defective
3402,SO0022340,22340,HVA-0006,2022-06-09,7,Customer Changed Mind
3403,SO0022355,22355,HVA-0018,2025-11-30,3,Damaged
3404,SO0022370,22370,FAS-0010,2023-10-28,1,Damaged
3405,SO0022375,22375,ELE-0016,2025-02-17,4,Customer Changed Mind
3406,SO0022376,22376,ELE-0001,2024-02-16,1,Defective
3407,SO0022386,22386,SAF-0012,2023-07-18,8,Customer Changed Mind
3408,SO0022388,22388,SAF-0002,2023-02-16,7,Defective
3409,SO0022389,22389,HVA-0006,2024-07-15,11,Wrong Item
3410,SO0022398,22398,HVA-0015,2021-01-31,5,Defective
3411,SO0022452,22452,ELE-0014,2021-03-14,7,Damaged
3412,SO0022459,22459,HVA-0004,2022-02-16,3,Defective
3413,SO0022467,22467,PWR-0007,2024-01-31,7,Damaged
3414,SO0022482,22482,HVA-0011,2024-04-20,4,Defective
3415,SO0022495,22495,FAS-0001,2022-10-20,14,Wrong Item
3416,SO0022499,22499,ELE-0017,2022-02-28,6,Shipping Damage
3417,SO0022504,22504,SAF-0005,2021-04-01,8,Wrong Item
3418,SO0022521,22521,PWR-0008,2022-04-29,5,Customer Changed Mind
3419,SO0022537,22537,FAS-0018,2024-03-01,1,Wrong Item
3420,SO0022552,22552,SAF-0014,2022-07-23,8,Wrong Item
3421,SO0022556,22556,SAF-0013,2022-07-21,1,Customer Changed Mind
3422,SO0022557,22557,PWR-0006,2023-09-17,7,Wrong Item
3423,SO0022566,22566,HVA-0014,2021-12-28,14,Wrong Item
3424,SO0022568,22568,PWR-0010,2022-10-29,6,Wrong Item
3425,SO0022575,22575,ELE-0009,2023-12-22,1,Damaged
3426,SO0022576,22576,ELE-0006,2025-01-25,1,Defective
3427,SO0022583,22583,HVA-0014,2024-11-26,1,Customer Changed Mind
3428,SO0022599,22599,FAS-0006,2023-04-18,13,Wrong Item
3429,SO0022605,22605,HVA-0024,2025-12-09,9,Defective
3430,SO0022608,22608,ELE-0015,2022-01-05,5,Defective
3431,SO0022612,22612,SAF-0006,2022-12-31,3,Damaged
3432,SO0022615,22615,ELE-0020,2023-02-05,7,Customer Changed Mind
3433,SO0022619,22619,SAF-0005,2025-12-10,8,Wrong Item
3434,SO0022625,22625,PWR-0010,2023-12-26,3,Customer Changed Mind
3435,SO0022627,22627,FAS-0013,2023-07-13,1,Defective
3436,SO0022659,22659,SAF-0007,2021-07-18,10,Customer Changed Mind
3437,SO0022661,22661,HVA-0015,2023-02-21,7,Defective
3438,SO0022663,22663,ELE-0014,2024-04-20,2,Wrong Item
3439,SO0022663,22663,PWR-0012,2024-04-11,2,Customer Changed Mind
3440,SO0022672,22672,ELE-0012,2025-08-25,14,Damaged
3441,SO0022672,22672,ELE-0023,2025-09-11,1,Shipping Damage
3442,SO0022687,22687,HVA-0017,2025-03-08,1,Customer Changed Mind
3443,SO0022688,22688,FAS-0011,2022-05-18,13,Customer Changed Mind
3444,SO0022688,22688,HVA-0001,2022-05-22,6,Shipping Damage
3445,SO0022713,22713,HVA-0025,2024-06-02,2,Damaged
3446,SO0022719,22719,FAS-0008,2025-07-30,9,Defective
3447,SO0022720,22720,SAF-0005,2022-10-08,1,Defective
3448,SO0022730,22730,PWR-0003,2022-01-27,1,Wrong Item
3449,SO0022736,22736,SAF-0010,2021-05-21,2,Shipping Damage
3450,SO0022741,22741,FAS-0001,2025-01-19,10,Wrong Item
3451,SO0022782,22782,PWR-0002,2021-10-06,1,Defective
3452,SO0022786,22786,PWR-0003,2021-03-07,10,Shipping Damage
3453,SO0022787,22787,FAS-0016,2021-10-25,17,Shipping Damage
3454,SO0022788,22788,FAS-0013,2022-10-11,1,Wrong Item
3455,SO0022797,22797,ELE-0008,2022-06-20,7,Damaged
3456,SO0022807,22807,ELE-0004,2021-03-14,3,Wrong Item
3457,SO0022820,22820,SAF-0006,2025-09-24,6,Shipping Damage
3458,SO0022827,22827,HVA-0002,2024-04-22,13,Wrong Item
3459,SO0022834,22834,ELE-0012,2021-12-05,5,Damaged
3460,SO0022842,22842,SAF-0016,2022-06-29,2,Wrong Item
3461,SO0022858,22858,HVA-0017,2022-09-18,4,Customer Changed Mind
3462,SO0022858,22858,PWR-0007,2022-09-24,7,Damaged
3463,SO0022859,22859,HVA-0002,2025-10-29,8,Damaged
3464,SO0022865,22865,FAS-0016,2022-09-09,4,Defective
3465,SO0022872,22872,PWR-0013,2021-12-30,2,Wrong Item
3466,SO0022900,22900,FAS-0005,2023-10-12,5,Wrong Item
3467,SO0022921,22921,PWR-0004,2024-11-04,1,Customer Changed Mind
3468,SO0022921,22921,HVA-0001,2024-11-05,11,Customer Changed Mind
3469,SO0022929,22929,HVA-0027,2021-05-01,8,Defective
3470,SO0022936,22936,PWR-0007,2022-02-15,8,Damaged
3471,SO0022943,22943,FAS-0007,2026-01-05,2,Wrong Item
3472,SO0022948,22948,ELE-0019,2023-11-14,13,Customer Changed Mind
3473,SO0022950,22950,ELE-0022,2023-06-15,8,Wrong Item
3474,SO0022984,22984,HVA-0019,2021-10-21,15,Damaged
3475,SO0022986,22986,FAS-0001,2025-07-27,8,Damaged
3476,SO0023009,23009,HVA-0015,2024-08-23,2,Defective
3477,SO0023030,23030,PWR-0012,2021-04-17,11,Damaged
3478,SO0023034,23034,HVA-0026,2024-06-28,5,Shipping Damage
3479,SO0023036,23036,ELE-0007,2023-09-07,1,Shipping Damage
3480,SO0023038,23038,PWR-0001,2023-08-14,3,Wrong Item
3481,SO0023040,23040,PWR-0001,2021-04-07,4,Defective
3482,SO0023042,23042,ELE-0020,2025-11-07,15,Customer Changed Mind
3483,SO0023050,23050,FAS-0013,2023-10-10,18,Wrong Item
3484,SO0023051,23051,HVA-0019,2024-10-26,9,Customer Changed Mind
3485,SO0023053,23053,HVA-0012,2021-06-30,5,Customer Changed Mind
3486,SO0023055,23055,PWR-0003,2021-08-30,11,Damaged
3487,SO0023061,23061,ELE-0008,2025-10-05,4,Shipping Damage
3488,SO0023112,23112,PWR-0005,2025-03-31,3,Shipping Damage
3489,SO0023121,23121,ELE-0012,2023-01-09,2,Damaged
3490,SO0023129,23129,HVA-0009,2022-03-24,4,Defective
3491,SO0023132,23132,SAF-0015,2021-08-15,1,Wrong Item
3492,SO0023136,23136,ELE-0023,2023-06-05,4,Shipping Damage
3493,SO0023140,23140,HVA-0027,2021-11-19,12,Defective
3494,SO0023144,23144,HVA-0022,2022-03-23,14,Customer Changed Mind
3495,SO0023149,23149,HVA-0011,2025-09-10,5,Shipping Damage
3496,SO0023150,23150,ELE-0013,2021-07-23,1,Damaged
3497,SO0023156,23156,SAF-0017,2025-02-27,1,Defective
3498,SO0023158,23158,HVA-0009,2022-08-04,10,Customer Changed Mind
3499,SO0023169,23169,PWR-0014,2021-05-05,11,Customer Changed Mind
3500,SO0023178,23178,SAF-0004,2022-10-12,9,Defective
3501,SO0023184,23184,HVA-0011,2022-12-29,3,Wrong Item
3502,SO0023188,23188,HVA-0010,2023-04-25,1,Damaged
3503,SO0023189,23189,HVA-0013,2025-08-01,1,Shipping Damage
3504,SO0023189,23189,FAS-0006,2025-08-06,2,Wrong Item
3505,SO0023200,23200,HVA-0019,2022-07-27,3,Defective
3506,SO0023201,23201,PWR-0009,2024-12-16,17,Customer Changed Mind
3507,SO0023202,23202,PWR-0010,2024-12-06,6,Damaged
3508,SO0023203,23203,HVA-0006,2021-06-22,3,Defective
3509,SO0023208,23208,FAS-0003,2025-03-07,2,Customer Changed Mind
3510,SO0023209,23209,HVA-0017,2022-08-14,10,Shipping Damage
3511,SO0023212,23212,SAF-0005,2021-06-03,8,Customer Changed Mind
3512,SO0023228,23228,ELE-0019,2021-06-30,1,Wrong Item
3513,SO0023239,23239,ELE-0022,2025-01-16,1,Customer Changed Mind
3514,SO0023241,23241,FAS-0003,2025-08-14,6,Shipping Damage
3515,SO0023243,23243,HVA-0005,2022-10-18,1,Customer Changed Mind
3516,SO0023264,23264,FAS-0010,2024-05-31,10,Damaged
3517,SO0023270,23270,HVA-0004,2025-10-05,2,Shipping Damage
3518,SO0023270,23270,SAF-0009,2025-09-21,1,Damaged
3519,SO0023272,23272,HVA-0013,2025-05-29,14,Customer Changed Mind
3520,SO0023276,23276,FAS-0013,2024-08-18,6,Damaged
3521,SO0023282,23282,HVA-0003,2022-01-03,12,Shipping Damage
3522,SO0023319,23319,SAF-0010,2024-04-11,7,Customer Changed Mind
3523,SO0023322,23322,ELE-0014,2024-12-22,7,Shipping Damage
3524,SO0023322,23322,ELE-0011,2024-12-10,7,Defective
3525,SO0023341,23341,PWR-0011,2024-01-24,1,Damaged
3526,SO0023341,23341,FAS-0002,2024-01-13,9,Customer Changed Mind
3527,SO0023356,23356,ELE-0009,2023-08-25,2,Wrong Item
3528,SO0023359,23359,ELE-0017,2025-07-28,6,Shipping Damage
3529,SO0023360,23360,HVA-0017,2025-10-29,3,Damaged
3530,SO0023367,23367,ELE-0014,2023-06-01,17,Customer Changed Mind
3531,SO0023368,23368,ELE-0018,2023-07-16,11,Customer Changed Mind
3532,SO0023370,23370,PWR-0013,2021-07-27,6,Defective
3533,SO0023382,23382,ELE-0021,2024-01-28,12,Shipping Damage
3534,SO0023388,23388,ELE-0015,2021-04-10,8,Damaged
3535,SO0023391,23391,PWR-0004,2022-02-02,1,Customer Changed Mind
3536,SO0023393,23393,SAF-0017,2024-05-06,5,Damaged
3537,SO0023401,23401,ELE-0016,2022-09-27,10,Defective
3538,SO0023415,23415,PWR-0003,2024-03-21,13,Wrong Item
3539,SO0023424,23424,ELE-0007,2025-05-17,3,Wrong Item
3540,SO0023431,23431,ELE-0013,2022-03-13,2,Damaged
3541,SO0023443,23443,ELE-0012,2025-01-02,2,Damaged
3542,SO0023453,23453,HVA-0006,2025-09-07,1,Customer Changed Mind
3543,SO0023457,23457,FAS-0017,2023-08-24,2,Wrong Item
3544,SO0023462,23462,PWR-0010,2025-12-14,10,Wrong Item
3545,SO0023476,23476,ELE-0017,2025-03-17,1,Defective
3546,SO0023484,23484,ELE-0007,2023-02-01,1,Shipping Damage
3547,SO0023491,23491,ELE-0011,2023-03-25,3,Defective
3548,SO0023497,23497,SAF-0008,2022-03-25,1,Damaged
3549,SO0023505,23505,ELE-0023,2024-05-20,1,Wrong Item
3550,SO0023509,23509,FAS-0010,2025-11-04,1,Damaged
3551,SO0023532,23532,SAF-0015,2021-11-06,1,Shipping Damage
3552,SO0023533,23533,HVA-0010,2022-12-12,2,Wrong Item
3553,SO0023536,23536,FAS-0005,2024-06-06,13,Wrong Item
3554,SO0023541,23541,FAS-0002,2023-07-18,3,Customer Changed Mind
3555,SO0023549,23549,HVA-0013,2021-07-06,16,Defective
3556,SO0023552,23552,HVA-0027,2024-03-10,2,Shipping Damage
3557,SO0023557,23557,HVA-0005,2024-12-19,3,Wrong Item
3558,SO0023558,23558,SAF-0009,2021-07-28,5,Defective
3559,SO0023558,23558,ELE-0009,2021-08-08,13,Wrong Item
3560,SO0023567,23567,PWR-0006,2024-11-12,1,Shipping Damage
3561,SO0023572,23572,FAS-0007,2021-11-23,6,Customer Changed Mind
3562,SO0023577,23577,PWR-0010,2024-08-02,6,Damaged
3563,SO0023584,23584,FAS-0014,2021-07-14,4,Defective
3564,SO0023601,23601,SAF-0014,2023-02-28,4,Damaged
3565,SO0023610,23610,ELE-0022,2024-01-27,4,Damaged
3566,SO0023618,23618,ELE-0003,2023-09-07,10,Damaged
3567,SO0023619,23619,HVA-0027,2021-06-07,1,Shipping Damage
3568,SO0023627,23627,ELE-0009,2024-01-28,7,Defective
3569,SO0023633,23633,FAS-0001,2023-09-03,5,Damaged
3570,SO0023637,23637,HVA-0020,2021-02-06,8,Defective
3571,SO0023638,23638,FAS-0009,2025-09-15,17,Damaged
3572,SO0023641,23641,ELE-0004,2024-08-27,2,Shipping Damage
3573,SO0023647,23647,HVA-0016,2024-09-01,7,Defective
3574,SO0023649,23649,FAS-0008,2023-03-09,2,Defective
3575,SO0023659,23659,HVA-0011,2023-02-13,5,Shipping Damage
3576,SO0023661,23661,HVA-0012,2025-07-28,6,Defective
3577,SO0023664,23664,HVA-0018,2021-10-02,13,Damaged
3578,SO0023669,23669,SAF-0006,2024-12-04,8,Shipping Damage
3579,SO0023673,23673,SAF-0007,2023-02-10,1,Defective
3580,SO0023674,23674,FAS-0017,2021-02-08,2,Shipping Damage
3581,SO0023703,23703,ELE-0004,2024-05-24,1,Wrong Item
3582,SO0023703,23703,ELE-0009,2024-05-18,18,Shipping Damage
3583,SO0023704,23704,ELE-0016,2023-12-08,2,Wrong Item
3584,SO0023723,23723,HVA-0008,2023-08-21,5,Damaged
3585,SO0023727,23727,SAF-0015,2025-05-06,8,Damaged
3586,SO0023728,23728,PWR-0001,2022-07-17,7,Customer Changed Mind
3587,SO0023731,23731,PWR-0008,2023-02-02,2,Shipping Damage
3588,SO0023736,23736,ELE-0007,2024-05-20,2,Shipping Damage
3589,SO0023736,23736,HVA-0025,2024-05-14,5,Damaged
3590,SO0023745,23745,PWR-0005,2023-10-31,1,Damaged
3591,SO0023765,23765,FAS-0018,2024-02-29,16,Defective
3592,SO0023774,23774,ELE-0004,2025-12-27,13,Customer Changed Mind
3593,SO0023775,23775,SAF-0012,2022-06-06,1,Damaged
3594,SO0023780,23780,ELE-0007,2024-05-25,20,Wrong Item
3595,SO0023783,23783,SAF-0011,2023-12-04,4,Defective
3596,SO0023786,23786,FAS-0016,2021-08-10,1,Wrong Item
3597,SO0023793,23793,PWR-0003,2024-01-26,3,Customer Changed Mind
3598,SO0023796,23796,SAF-0010,2022-01-20,2,Shipping Damage
3599,SO0023804,23804,ELE-0020,2021-03-07,4,Wrong Item
3600,SO0023805,23805,PWR-0001,2023-07-31,4,Shipping Damage
3601,SO0023808,23808,HVA-0010,2024-08-25,2,Defective
3602,SO0023808,23808,ELE-0016,2024-08-16,12,Wrong Item
3603,SO0023810,23810,ELE-0015,2021-08-18,6,Defective
3604,SO0023821,23821,FAS-0017,2023-04-24,5,Wrong Item
3605,SO0023831,23831,PWR-0008,2023-09-06,4,Damaged
3606,SO0023835,23835,FAS-0005,2022-08-14,7,Defective
3607,SO0023836,23836,HVA-0004,2024-12-21,4,Shipping Damage
3608,SO0023838,23838,ELE-0009,2023-09-28,13,Wrong Item
3609,SO0023838,23838,HVA-0007,2023-10-05,9,Customer Changed Mind
3610,SO0023843,23843,HVA-0027,2025-02-12,5,Shipping Damage
3611,SO0023852,23852,PWR-0007,2024-09-01,5,Damaged
3612,SO0023858,23858,ELE-0006,2023-08-03,9,Defective
3613,SO0023858,23858,SAF-0006,2023-08-09,4,Defective
3614,SO0023862,23862,PWR-0010,2025-06-29,3,Customer Changed Mind
3615,SO0023862,23862,PWR-0011,2025-06-27,12,Damaged
3616,SO0023867,23867,ELE-0011,2024-07-20,1,Customer Changed Mind
3617,SO0023879,23879,FAS-0011,2022-10-09,7,Customer Changed Mind
3618,SO0023886,23886,SAF-0013,2022-08-16,5,Customer Changed Mind
3619,SO0023928,23928,FAS-0001,2021-04-11,4,Damaged
3620,SO0023928,23928,PWR-0006,2021-04-11,7,Damaged
3621,SO0023931,23931,SAF-0012,2025-01-19,4,Shipping Damage
3622,SO0023936,23936,FAS-0010,2025-12-01,5,Damaged
3623,SO0023940,23940,FAS-0010,2024-09-19,16,Customer Changed Mind
3624,SO0023944,23944,HVA-0011,2024-09-29,7,Damaged
3625,SO0023945,23945,HVA-0009,2025-07-06,10,Damaged
3626,SO0023951,23951,ELE-0021,2022-06-25,6,Customer Changed Mind
3627,SO0023951,23951,ELE-0019,2022-06-22,14,Damaged
3628,SO0023952,23952,ELE-0010,2023-10-26,9,Wrong Item
3629,SO0023963,23963,FAS-0013,2021-07-27,6,Shipping Damage
3630,SO0023972,23972,FAS-0011,2022-02-08,2,Customer Changed Mind
3631,SO0023984,23984,SAF-0017,2024-07-31,14,Wrong Item
3632,SO0023984,23984,PWR-0014,2024-07-21,3,Customer Changed Mind
3633,SO0023986,23986,ELE-0003,2023-08-10,1,Shipping Damage
3634,SO0023987,23987,SAF-0004,2025-01-27,5,Customer Changed Mind
3635,SO0023989,23989,HVA-0021,2023-04-22,1,Wrong Item
3636,SO0023994,23994,HVA-0016,2025-08-01,1,Customer Changed Mind
3637,SO0024000,24000,HVA-0008,2024-10-10,4,Shipping Damage
3638,SO0024002,24002,HVA-0005,2025-09-10,14,Wrong Item
3639,SO0024006,24006,HVA-0021,2024-10-30,2,Damaged
3640,SO0024014,24014,ELE-0017,2025-12-22,1,Customer Changed Mind
3641,SO0024016,24016,PWR-0012,2022-01-24,5,Wrong Item
3642,SO0024024,24024,HVA-0009,2024-08-05,2,Wrong Item
3643,SO0024024,24024,SAF-0013,2024-07-19,1,Shipping Damage
3644,SO0024025,24025,HVA-0015,2021-03-25,1,Defective
3645,SO0024038,24038,PWR-0003,2021-12-01,7,Customer Changed Mind
3646,SO0024042,24042,FAS-0018,2024-08-10,4,Defective
3647,SO0024046,24046,PWR-0005,2023-06-21,1,Shipping Damage
3648,SO0024053,24053,SAF-0006,2021-09-22,1,Customer Changed Mind
3649,SO0024062,24062,FAS-0011,2022-10-24,19,Wrong Item
3650,SO0024062,24062,HVA-0004,2022-10-11,3,Defective
3651,SO0024080,24080,FAS-0005,2025-01-22,7,Customer Changed Mind
3652,SO0024139,24139,SAF-0006,2025-10-04,2,Customer Changed Mind
3653,SO0024146,24146,ELE-0002,2022-08-09,13,Customer Changed Mind
3654,SO0024149,24149,ELE-0022,2023-09-01,5,Wrong Item
3655,SO0024155,24155,HVA-0022,2021-10-12,5,Defective
3656,SO0024160,24160,FAS-0006,2021-11-27,3,Damaged
3657,SO0024172,24172,PWR-0005,2021-04-11,4,Shipping Damage
3658,SO0024188,24188,HVA-0015,2021-04-15,13,Shipping Damage
3659,SO0024197,24197,HVA-0015,2022-04-13,1,Wrong Item
3660,SO0024200,24200,HVA-0025,2026-01-07,4,Damaged
3661,SO0024221,24221,FAS-0010,2021-05-20,4,Customer Changed Mind
3662,SO0024223,24223,FAS-0003,2021-09-12,11,Damaged
3663,SO0024224,24224,SAF-0010,2022-05-07,8,Wrong Item
3664,SO0024230,24230,FAS-0017,2023-01-14,3,Wrong Item
3665,SO0024233,24233,ELE-0003,2025-06-11,1,Damaged
3666,SO0024237,24237,PWR-0014,2021-06-07,3,Customer Changed Mind
3667,SO0024245,24245,PWR-0009,2021-05-09,1,Shipping Damage
3668,SO0024250,24250,SAF-0015,2022-05-16,5,Shipping Damage
3669,SO0024251,24251,HVA-0004,2024-06-11,4,Customer Changed Mind
3670,SO0024251,24251,HVA-0005,2024-05-29,12,Damaged
3671,SO0024252,24252,HVA-0022,2022-04-14,12,Shipping Damage
3672,SO0024273,24273,ELE-0018,2025-11-13,11,Customer Changed Mind
3673,SO0024277,24277,FAS-0017,2023-01-24,5,Shipping Damage
3674,SO0024283,24283,HVA-0008,2023-03-19,12,Customer Changed Mind
3675,SO0024285,24285,SAF-0006,2023-06-23,1,Damaged
3676,SO0024285,24285,HVA-0007,2023-06-11,3,Damaged
3677,SO0024296,24296,PWR-0011,2022-10-10,9,Wrong Item
3678,SO0024296,24296,HVA-0007,2022-10-24,5,Defective
3679,SO0024297,24297,FAS-0007,2024-11-26,3,Wrong Item
3680,SO0024297,24297,FAS-0001,2024-11-30,9,Wrong Item
3681,SO0024299,24299,HVA-0028,2021-11-04,3,Wrong Item
3682,SO0024301,24301,HVA-0015,2025-04-06,4,Defective
3683,SO0024304,24304,ELE-0001,2022-07-22,11,Damaged
3684,SO0024305,24305,FAS-0009,2021-09-08,9,Defective
3685,SO0024312,24312,HVA-0006,2024-11-14,7,Shipping Damage
3686,SO0024317,24317,HVA-0010,2024-07-10,1,Shipping Damage
3687,SO0024317,24317,HVA-0019,2024-07-16,17,Defective
3688,SO0024330,24330,FAS-0010,2022-02-06,5,Damaged
3689,SO0024331,24331,ELE-0020,2023-10-07,10,Defective
3690,SO0024339,24339,ELE-0013,2024-02-04,2,Shipping Damage
3691,SO0024341,24341,HVA-0026,2025-12-18,9,Customer Changed Mind
3692,SO0024350,24350,HVA-0028,2024-10-19,9,Defective
3693,SO0024355,24355,ELE-0019,2023-12-15,11,Defective
3694,SO0024359,24359,HVA-0009,2021-03-28,14,Defective
3695,SO0024361,24361,ELE-0016,2023-10-16,1,Customer Changed Mind
3696,SO0024366,24366,HVA-0021,2024-07-18,2,Damaged
3697,SO0024367,24367,HVA-0015,2024-05-19,1,Customer Changed Mind
3698,SO0024374,24374,ELE-0014,2022-10-04,3,Damaged
3699,SO0024383,24383,ELE-0013,2023-04-22,7,Defective
3700,SO0024385,24385,HVA-0007,2021-08-12,5,Damaged
3701,SO0024397,24397,HVA-0016,2022-12-15,3,Customer Changed Mind
3702,SO0024400,24400,PWR-0009,2023-09-28,2,Wrong Item
3703,SO0024402,24402,SAF-0007,2022-03-26,13,Damaged
3704,SO0024408,24408,ELE-0020,2022-07-01,4,Shipping Damage
3705,SO0024425,24425,ELE-0012,2024-04-01,11,Customer Changed Mind
3706,SO0024428,24428,SAF-0004,2022-03-14,3,Defective
3707,SO0024437,24437,HVA-0016,2025-03-19,1,Damaged
3708,SO0024447,24447,ELE-0017,2025-12-08,1,Customer Changed Mind
3709,SO0024459,24459,SAF-0005,2024-02-15,15,Customer Changed Mind
3710,SO0024459,24459,HVA-0004,2024-03-03,15,Defective
3711,SO0024460,24460,HVA-0012,2024-11-30,14,Shipping Damage
3712,SO0024462,24462,FAS-0010,2023-06-24,14,Wrong Item
3713,SO0024486,24486,SAF-0007,2021-07-15,3,Customer Changed Mind
3714,SO0024495,24495,FAS-0008,2024-06-29,3,Damaged
3715,SO0024496,24496,FAS-0008,2024-07-01,4,Defective
3716,SO0024502,24502,HVA-0015,2025-03-21,12,Customer Changed Mind
3717,SO0024503,24503,SAF-0017,2025-01-19,1,Shipping Damage
3718,SO0024510,24510,PWR-0002,2024-05-01,2,Shipping Damage
3719,SO0024523,24523,HVA-0005,2023-05-18,13,Customer Changed Mind
3720,SO0024524,24524,ELE-0009,2025-09-24,2,Wrong Item
3721,SO0024536,24536,ELE-0004,2021-12-30,8,Shipping Damage
3722,SO0024541,24541,HVA-0019,2021-05-01,1,Wrong Item
3723,SO0024544,24544,FAS-0015,2026-01-15,8,Wrong Item
3724,SO0024547,24547,FAS-0004,2025-11-12,3,Damaged
3725,SO0024554,24554,FAS-0018,2023-01-26,4,Damaged
3726,SO0024566,24566,SAF-0016,2024-09-29,1,Customer Changed Mind
3727,SO0024576,24576,PWR-0007,2024-12-26,2,Damaged
3728,SO0024583,24583,HVA-0004,2024-10-10,1,Customer Changed Mind
3729,SO0024588,24588,ELE-0022,2024-05-27,12,Wrong Item
3730,SO0024620,24620,FAS-0013,2022-02-01,1,Defective
3731,SO0024634,24634,ELE-0008,2022-05-28,1,Shipping Damage
3732,SO0024635,24635,HVA-0024,2022-08-16,2,Customer Changed Mind
3733,SO0024644,24644,ELE-0014,2025-07-21,16,Wrong Item
3734,SO0024670,24670,ELE-0003,2022-07-15,3,Defective
3735,SO0024682,24682,PWR-0004,2025-02-14,1,Customer Changed Mind
3736,SO0024687,24687,HVA-0017,2025-06-20,4,Wrong Item
3737,SO0024716,24716,ELE-0015,2024-10-01,4,Defective
3738,SO0024721,24721,SAF-0002,2023-08-03,2,Wrong Item
3739,SO0024722,24722,ELE-0022,2021-10-06,1,Customer Changed Mind
3740,SO0024731,24731,SAF-0017,2024-12-31,1,Customer Changed Mind
3741,SO0024733,24733,HVA-0002,2024-04-28,14,Shipping Damage
3742,SO0024734,24734,HVA-0001,2024-03-18,1,Shipping Damage
3743,SO0024736,24736,ELE-0004,2021-05-27,14,Shipping Damage
3744,SO0024736,24736,ELE-0020,2021-05-25,1,Defective
3745,SO0024739,24739,SAF-0004,2024-03-01,17,Damaged
3746,SO0024754,24754,FAS-0014,2025-12-14,14,Customer Changed Mind
3747,SO0024758,24758,PWR-0007,2021-10-17,8,Defective
3748,SO0024763,24763,SAF-0013,2025-12-05,1,Damaged
3749,SO0024767,24767,FAS-0003,2022-05-02,6,Wrong Item
3750,SO0024780,24780,ELE-0020,2024-10-07,1,Shipping Damage
3751,SO0024782,24782,ELE-0005,2023-09-30,12,Damaged
3752,SO0024801,24801,PWR-0006,2024-08-02,5,Wrong Item
3753,SO0024802,24802,ELE-0022,2022-10-17,7,Damaged
3754,SO0024814,24814,ELE-0008,2021-10-07,1,Wrong Item
3755,SO0024816,24816,HVA-0010,2025-01-12,14,Wrong Item
3756,SO0024817,24817,HVA-0011,2024-03-29,7,Customer Changed Mind
3757,SO0024818,24818,HVA-0026,2021-05-02,1,Shipping Damage
3758,SO0024822,24822,ELE-0002,2021-11-02,4,Wrong Item
3759,SO0024822,24822,ELE-0016,2021-10-22,1,Wrong Item
3760,SO0024824,24824,SAF-0015,2021-05-25,3,Customer Changed Mind
3761,SO0024829,24829,HVA-0026,2022-11-12,6,Damaged
3762,SO0024829,24829,PWR-0005,2022-12-03,12,Shipping Damage
3763,SO0024831,24831,PWR-0002,2023-09-03,1,Customer Changed Mind
3764,SO0024839,24839,ELE-0023,2021-04-20,9,Defective
3765,SO0024841,24841,HVA-0016,2022-04-18,4,Shipping Damage
3766,SO0024854,24854,HVA-0018,2021-06-03,1,Defective
3767,SO0024856,24856,SAF-0004,2023-06-26,2,Shipping Damage
3768,SO0024859,24859,HVA-0013,2024-09-17,6,Wrong Item
3769,SO0024859,24859,ELE-0007,2024-09-23,6,Shipping Damage
3770,SO0024865,24865,HVA-0008,2024-07-14,3,Customer Changed Mind
3771,SO0024866,24866,ELE-0015,2024-01-01,16,Damaged
3772,SO0024875,24875,FAS-0017,2023-07-31,1,Defective
3773,SO0024876,24876,ELE-0013,2023-08-04,9,Shipping Damage
3774,SO0024881,24881,HVA-0026,2021-02-20,3,Damaged
3775,SO0024883,24883,HVA-0013,2022-01-15,1,Defective
3776,SO0024890,24890,PWR-0010,2024-05-22,3,Shipping Damage
3777,SO0024893,24893,HVA-0025,2025-10-23,15,Wrong Item
3778,SO0024901,24901,FAS-0016,2025-12-18,5,Shipping Damage
3779,SO0024901,24901,HVA-0022,2026-01-10,10,Wrong Item
3780,SO0024907,24907,FAS-0015,2025-05-10,10,Customer Changed Mind
3781,SO0024930,24930,ELE-0023,2022-04-09,5,Shipping Damage
3782,SO0024933,24933,ELE-0012,2023-05-14,2,Defective
3783,SO0024939,24939,SAF-0004,2023-02-23,3,Customer Changed Mind
3784,SO0024939,24939,ELE-0014,2023-02-24,1,Defective
3785,SO0024956,24956,SAF-0011,2023-10-04,6,Shipping Damage
3786,SO0024963,24963,FAS-0013,2023-02-13,11,Shipping Damage
3787,SO0024973,24973,HVA-0023,2024-07-05,1,Wrong Item
3788,SO0024982,24982,PWR-0004,2025-05-20,5,Shipping Damage
3789,SO0024984,24984,ELE-0017,2024-05-25,6,Wrong Item
3790,SO0024992,24992,FAS-0013,2023-04-05,11,Defective
3791,SO0025004,25004,HVA-0010,2025-07-26,15,Customer Changed Mind
3792,SO0025037,25037,SAF-0004,2022-06-09,5,Damaged
3793,SO0025037,25037,HVA-0003,2022-05-29,3,Shipping Damage
3794,SO0025060,25060,ELE-0009,2021-02-27,4,Wrong Item
3795,SO0025065,25065,SAF-0005,2022-04-21,8,Customer Changed Mind
3796,SO0025067,25067,HVA-0020,2025-04-06,2,Defective
3797,SO0025071,25071,PWR-0002,2025-02-16,1,Shipping Damage
3798,SO0025076,25076,PWR-0005,2021-05-04,5,Customer Changed Mind
3799,SO0025078,25078,HVA-0011,2021-04-14,3,Wrong Item
3800,SO0025079,25079,FAS-0011,2023-07-12,12,Shipping Damage
3801,SO0025083,25083,HVA-0023,2026-01-24,2,Damaged
3802,SO0025114,25114,HVA-0023,2025-12-07,1,Defective
3803,SO0025123,25123,PWR-0003,2024-01-30,2,Customer Changed Mind
3804,SO0025124,25124,FAS-0004,2023-02-19,9,Shipping Damage
3805,SO0025148,25148,HVA-0028,2025-07-24,1,Customer Changed Mind
3806,SO0025148,25148,PWR-0003,2025-07-08,4,Customer Changed Mind
3807,SO0025155,25155,FAS-0002,2025-12-20,1,Shipping Damage
3808,SO0025157,25157,HVA-0009,2024-09-17,5,Shipping Damage
3809,SO0025184,25184,FAS-0012,2025-09-18,10,Customer Changed Mind
3810,SO0025188,25188,ELE-0020,2023-01-08,12,Shipping Damage
3811,SO0025190,25190,SAF-0012,2024-02-25,3,Damaged
3812,SO0025195,25195,HVA-0002,2024-07-28,6,Wrong Item
3813,SO0025198,25198,HVA-0010,2023-11-29,1,Wrong Item
3814,SO0025199,25199,ELE-0012,2022-10-29,4,Wrong Item
3815,SO0025207,25207,ELE-0010,2021-03-11,3,Defective
3816,SO0025225,25225,ELE-0008,2024-07-08,3,Shipping Damage
3817,SO0025232,25232,SAF-0005,2024-11-08,7,Wrong Item
3818,SO0025241,25241,FAS-0008,2024-02-07,1,Damaged
3819,SO0025256,25256,FAS-0008,2022-09-02,17,Customer Changed Mind
3820,SO0025258,25258,PWR-0011,2023-02-08,7,Shipping Damage
3821,SO0025272,25272,FAS-0008,2024-07-28,18,Defective
3822,SO0025273,25273,FAS-0015,2025-07-16,1,Defective
3823,SO0025275,25275,SAF-0013,2022-11-10,1,Defective
3824,SO0025284,25284,ELE-0009,2021-02-23,3,Wrong Item
3825,SO0025294,25294,SAF-0010,2025-01-06,10,Customer Changed Mind
3826,SO0025294,25294,SAF-0009,2025-01-09,2,Shipping Damage
3827,SO0025295,25295,HVA-0025,2025-06-01,8,Shipping Damage
3828,SO0025301,25301,HVA-0010,2024-01-19,2,Defective
3829,SO0025303,25303,ELE-0022,2025-12-24,4,Damaged
3830,SO0025309,25309,HVA-0001,2021-11-07,7,Defective
3831,SO0025325,25325,FAS-0016,2022-04-03,5,Damaged
3832,SO0025329,25329,SAF-0010,2024-08-05,1,Shipping Damage
3833,SO0025343,25343,SAF-0006,2021-11-05,10,Damaged
3834,SO0025344,25344,FAS-0008,2025-04-21,9,Shipping Damage
3835,SO0025362,25362,HVA-0014,2023-03-14,5,Damaged
3836,SO0025362,25362,FAS-0012,2023-02-20,3,Defective
3837,SO0025365,25365,SAF-0009,2024-02-23,3,Wrong Item
3838,SO0025386,25386,HVA-0002,2025-03-17,3,Shipping Damage
3839,SO0025391,25391,ELE-0011,2025-01-01,5,Defective
3840,SO0025396,25396,ELE-0022,2023-12-26,3,Defective
3841,SO0025399,25399,PWR-0004,2025-10-22,3,Defective
3842,SO0025400,25400,ELE-0017,2025-03-16,9,Defective
3843,SO0025405,25405,SAF-0010,2022-08-28,9,Damaged
3844,SO0025415,25415,FAS-0013,2024-05-15,5,Wrong Item
3845,SO0025419,25419,HVA-0010,2023-04-24,8,Defective
3846,SO0025428,25428,ELE-0002,2023-12-20,8,Defective
3847,SO0025449,25449,FAS-0011,2022-12-15,1,Customer Changed Mind
3848,SO0025454,25454,HVA-0012,2021-09-15,10,Shipping Damage
3849,SO0025457,25457,SAF-0014,2022-02-22,15,Customer Changed Mind
3850,SO0025470,25470,HVA-0023,2023-12-05,7,Wrong Item
3851,SO0025473,25473,FAS-0018,2025-07-21,2,Defective
3852,SO0025484,25484,ELE-0007,2021-06-20,12,Shipping Damage
3853,SO0025492,25492,HVA-0025,2022-02-24,3,Customer Changed Mind
3854,SO0025495,25495,ELE-0015,2023-12-05,1,Damaged
3855,SO0025495,25495,FAS-0017,2023-11-30,9,Customer Changed Mind
3856,SO0025518,25518,PWR-0008,2024-02-20,3,Damaged
3857,SO0025524,25524,ELE-0017,2022-06-21,16,Shipping Damage
3858,SO0025529,25529,PWR-0013,2024-01-23,12,Shipping Damage
3859,SO0025537,25537,ELE-0015,2021-03-22,2,Damaged
3860,SO0025546,25546,HVA-0024,2022-07-24,7,Customer Changed Mind
3861,SO0025554,25554,HVA-0025,2021-05-08,3,Defective
3862,SO0025571,25571,SAF-0003,2022-08-25,9,Wrong Item
3863,SO0025589,25589,ELE-0017,2025-08-05,11,Customer Changed Mind
3864,SO0025598,25598,FAS-0017,2023-07-01,6,Wrong Item
3865,SO0025602,25602,SAF-0004,2025-03-25,2,Shipping Damage
3866,SO0025613,25613,HVA-0003,2022-05-16,5,Customer Changed Mind
3867,SO0025614,25614,ELE-0016,2023-07-05,4,Shipping Damage
3868,SO0025616,25616,HVA-0024,2021-12-12,3,Shipping Damage
3869,SO0025632,25632,SAF-0012,2022-09-12,8,Customer Changed Mind
3870,SO0025637,25637,ELE-0022,2023-11-08,11,Shipping Damage
3871,SO0025652,25652,SAF-0002,2024-04-01,5,Customer Changed Mind
3872,SO0025654,25654,FAS-0017,2023-12-01,16,Shipping Damage
3873,SO0025656,25656,HVA-0026,2021-12-28,10,Customer Changed Mind
3874,SO0025657,25657,ELE-0016,2022-07-19,2,Customer Changed Mind
3875,SO0025660,25660,FAS-0006,2025-08-25,2,Customer Changed Mind
3876,SO0025674,25674,PWR-0012,2023-07-08,7,Shipping Damage
3877,SO0025685,25685,FAS-0004,2021-04-28,10,Damaged
3878,SO0025687,25687,HVA-0024,2022-01-29,8,Customer Changed Mind
3879,SO0025694,25694,HVA-0002,2023-03-12,13,Defective
3880,SO0025701,25701,ELE-0012,2025-01-05,6,Defective
3881,SO0025707,25707,ELE-0014,2024-05-18,3,Defective
3882,SO0025715,25715,HVA-0018,2023-01-26,12,Shipping Damage
3883,SO0025722,25722,HVA-0017,2024-06-13,7,Wrong Item
3884,SO0025722,25722,HVA-0008,2024-06-13,2,Defective
3885,SO0025727,25727,SAF-0014,2023-01-24,1,Shipping Damage
3886,SO0025729,25729,SAF-0002,2021-06-03,1,Defective
3887,SO0025734,25734,PWR-0007,2024-07-14,7,Defective
3888,SO0025740,25740,ELE-0007,2025-04-03,5,Shipping Damage
3889,SO0025749,25749,PWR-0005,2021-02-09,2,Defective
3890,SO0025753,25753,SAF-0008,2024-07-30,5,Shipping Damage
3891,SO0025754,25754,HVA-0013,2024-01-13,1,Customer Changed Mind
3892,SO0025766,25766,ELE-0003,2025-01-11,2,Wrong Item
3893,SO0025786,25786,ELE-0018,2025-02-19,1,Defective
3894,SO0025792,25792,SAF-0002,2024-01-08,2,Wrong Item
3895,SO0025794,25794,ELE-0020,2024-01-03,1,Wrong Item
3896,SO0025797,25797,HVA-0017,2025-03-14,15,Wrong Item
3897,SO0025802,25802,ELE-0008,2025-05-18,6,Defective
3898,SO0025824,25824,FAS-0002,2021-11-20,2,Defective
3899,SO0025833,25833,FAS-0017,2022-11-18,11,Wrong Item
3900,SO0025838,25838,FAS-0003,2023-06-04,7,Customer Changed Mind
3901,SO0025848,25848,HVA-0019,2025-06-22,4,Customer Changed Mind
3902,SO0025860,25860,HVA-0006,2022-06-19,6,Customer Changed Mind
3903,SO0025866,25866,PWR-0014,2023-04-03,3,Damaged
3904,SO0025875,25875,HVA-0026,2025-08-16,1,Damaged
3905,SO0025877,25877,HVA-0019,2022-09-20,14,Wrong Item
3906,SO0025889,25889,HVA-0027,2025-12-15,2,Customer Changed Mind
3907,SO0025890,25890,ELE-0018,2024-09-12,1,Defective
3908,SO0025891,25891,HVA-0004,2023-10-14,2,Customer Changed Mind
3909,SO0025896,25896,PWR-0009,2025-09-30,18,Defective
3910,SO0025904,25904,FAS-0006,2021-06-24,13,Defective
3911,SO0025904,25904,HVA-0024,2021-07-16,1,Shipping Damage
3912,SO0025911,25911,ELE-0015,2023-09-03,3,Customer Changed Mind
3913,SO0025919,25919,PWR-0009,2024-09-28,1,Defective
3914,SO0025926,25926,FAS-0012,2025-01-22,14,Defective
3915,SO0025926,25926,ELE-0014,2025-01-31,10,Shipping Damage
3916,SO0025928,25928,ELE-0019,2024-02-01,2,Damaged
3917,SO0025932,25932,HVA-0010,2024-12-22,7,Defective
3918,SO0025941,25941,ELE-0003,2024-09-23,3,Damaged
3919,SO0025942,25942,SAF-0011,2021-10-31,5,Wrong Item
3920,SO0025948,25948,HVA-0017,2025-12-26,4,Damaged
3921,SO0025952,25952,HVA-0005,2025-08-18,4,Customer Changed Mind
3922,SO0025956,25956,SAF-0012,2024-05-04,4,Damaged
3923,SO0025971,25971,FAS-0016,2022-08-24,18,Damaged
3924,SO0025978,25978,SAF-0013,2022-09-20,15,Shipping Damage
3925,SO0026007,26007,ELE-0011,2021-06-19,4,Customer Changed Mind
3926,SO0026015,26015,ELE-0021,2023-12-20,13,Customer Changed Mind
3927,SO0026033,26033,HVA-0024,2021-05-17,7,Customer Changed Mind
3928,SO0026045,26045,FAS-0001,2023-03-26,2,Customer Changed Mind
3929,SO0026048,26048,HVA-0017,2025-01-31,2,Damaged
3930,SO0026051,26051,PWR-0014,2023-07-19,2,Wrong Item
3931,SO0026056,26056,HVA-0007,2021-05-04,3,Defective
3932,SO0026070,26070,PWR-0011,2022-01-27,9,Damaged
3933,SO0026077,26077,FAS-0003,2024-08-02,3,Customer Changed Mind
3934,SO0026081,26081,ELE-0008,2022-12-11,3,Shipping Damage
3935,SO0026090,26090,HVA-0018,2023-01-10,13,Customer Changed Mind
3936,SO0026098,26098,SAF-0016,2021-03-13,16,Wrong Item
3937,SO0026108,26108,PWR-0009,2023-06-11,5,Shipping Damage
3938,SO0026117,26117,ELE-0001,2022-11-22,3,Damaged
3939,SO0026124,26124,ELE-0004,2022-11-04,5,Customer Changed Mind
3940,SO0026126,26126,FAS-0018,2022-01-09,1,Damaged
3941,SO0026127,26127,PWR-0014,2023-09-13,2,Customer Changed Mind
3942,SO0026127,26127,ELE-0012,2023-09-17,3,Shipping Damage
3943,SO0026141,26141,FAS-0008,2022-11-02,2,Damaged
3944,SO0026148,26148,PWR-0011,2024-09-02,2,Defective
3945,SO0026161,26161,ELE-0005,2021-02-08,7,Wrong Item
3946,SO0026169,26169,HVA-0019,2024-06-10,5,Damaged
3947,SO0026198,26198,HVA-0019,2023-12-04,9,Shipping Damage
3948,SO0026202,26202,ELE-0023,2026-01-16,6,Shipping Damage
3949,SO0026206,26206,ELE-0018,2024-09-14,1,Damaged
3950,SO0026214,26214,HVA-0008,2021-03-30,8,Damaged
3951,SO0026220,26220,PWR-0005,2021-10-27,1,Customer Changed Mind
3952,SO0026222,26222,ELE-0015,2022-03-27,1,Customer Changed Mind
3953,SO0026234,26234,HVA-0007,2025-01-17,1,Damaged
3954,SO0026236,26236,FAS-0002,2023-05-16,5,Shipping Damage
3955,SO0026240,26240,SAF-0001,2021-02-04,16,Shipping Damage
3956,SO0026247,26247,PWR-0003,2024-01-06,3,Defective
3957,SO0026261,26261,SAF-0011,2022-05-12,7,Defective
3958,SO0026262,26262,FAS-0015,2022-11-10,1,Wrong Item
3959,SO0026263,26263,SAF-0013,2025-04-05,1,Shipping Damage
3960,SO0026265,26265,HVA-0023,2022-04-25,13,Wrong Item
3961,SO0026286,26286,SAF-0011,2025-11-15,7,Defective
3962,SO0026297,26297,PWR-0003,2025-10-06,8,Shipping Damage
3963,SO0026299,26299,SAF-0013,2021-12-05,1,Defective
3964,SO0026299,26299,HVA-0019,2021-12-14,11,Damaged
3965,SO0026310,26310,SAF-0016,2021-10-21,5,Damaged
3966,SO0026323,26323,PWR-0008,2023-10-08,2,Defective
3967,SO0026325,26325,FAS-0007,2022-02-22,3,Damaged
3968,SO0026347,26347,PWR-0005,2022-07-20,16,Shipping Damage
3969,SO0026349,26349,FAS-0006,2021-12-20,1,Damaged
3970,SO0026354,26354,SAF-0006,2025-05-08,3,Wrong Item
3971,SO0026377,26377,PWR-0003,2021-04-09,2,Shipping Damage
3972,SO0026383,26383,ELE-0005,2022-10-08,2,Wrong Item
3973,SO0026392,26392,PWR-0001,2022-12-22,8,Defective
3974,SO0026398,26398,PWR-0007,2024-03-07,1,Damaged
3975,SO0026406,26406,HVA-0024,2026-01-19,3,Damaged
3976,SO0026407,26407,FAS-0010,2022-08-18,1,Defective
3977,SO0026410,26410,FAS-0012,2021-05-01,4,Defective
3978,SO0026418,26418,FAS-0002,2025-07-08,8,Damaged
3979,SO0026419,26419,HVA-0025,2023-02-17,2,Customer Changed Mind
3980,SO0026426,26426,FAS-0003,2021-12-15,1,Wrong Item
3981,SO0026426,26426,ELE-0017,2021-11-29,9,Shipping Damage
3982,SO0026435,26435,PWR-0013,2022-06-13,2,Wrong Item
3983,SO0026446,26446,ELE-0018,2025-06-26,2,Shipping Damage
3984,SO0026448,26448,ELE-0011,2025-04-28,2,Wrong Item
3985,SO0026454,26454,HVA-0027,2021-11-24,9,Damaged
3986,SO0026463,26463,ELE-0013,2024-11-25,5,Customer Changed Mind
3987,SO0026463,26463,FAS-0007,2024-12-07,3,Customer Changed Mind
3988,SO0026465,26465,PWR-0004,2024-04-25,1,Damaged
3989,SO0026485,26485,FAS-0001,2023-01-20,3,Defective
3990,SO0026488,26488,SAF-0010,2024-03-06,1,Damaged
3991,SO0026492,26492,FAS-0014,2024-01-04,5,Wrong Item
3992,SO0026507,26507,FAS-0005,2021-07-25,4,Customer Changed Mind
3993,SO0026515,26515,HVA-0025,2023-06-01,1,Wrong Item
3994,SO0026517,26517,PWR-0014,2023-12-19,1,Customer Changed Mind
3995,SO0026525,26525,FAS-0008,2022-04-26,4,Shipping Damage
3996,SO0026529,26529,HVA-0016,2024-12-26,9,Wrong Item
3997,SO0026539,26539,ELE-0017,2026-01-15,10,Wrong Item
3998,SO0026568,26568,SAF-0009,2023-09-03,4,Customer Changed Mind
3999,SO0026570,26570,ELE-0019,2022-01-04,2,Customer Changed Mind
4000,SO0026574,26574,ELE-0002,2021-03-29,6,Shipping Damage
4001,SO0026578,26578,SAF-0005,2021-03-27,4,Wrong Item
4002,SO0026600,26600,PWR-0012,2024-06-25,5,Defective
4003,SO0026607,26607,HVA-0022,2023-07-02,2,Damaged
4004,SO0026611,26611,FAS-0006,2023-11-17,6,Defective
4005,SO0026619,26619,FAS-0018,2024-05-29,10,Wrong Item
4006,SO0026623,26623,HVA-0016,2024-09-13,11,Defective
4007,SO0026633,26633,ELE-0013,2021-09-03,1,Defective
4008,SO0026634,26634,SAF-0013,2021-02-15,4,Wrong Item
4009,SO0026641,26641,ELE-0023,2021-10-30,4,Customer Changed Mind
4010,SO0026644,26644,HVA-0005,2021-12-05,2,Wrong Item
4011,SO0026647,26647,ELE-0008,2022-02-08,4,Damaged
4012,SO0026656,26656,ELE-0015,2025-06-12,9,Wrong Item
4013,SO0026659,26659,HVA-0024,2023-06-23,3,Wrong Item
4014,SO0026661,26661,SAF-0010,2024-01-01,1,Damaged
4015,SO0026673,26673,SAF-0013,2024-12-24,5,Customer Changed Mind
4016,SO0026674,26674,SAF-0008,2021-03-02,1,Shipping Damage
4017,SO0026677,26677,PWR-0007,2024-12-31,2,Customer Changed Mind
4018,SO0026678,26678,ELE-0016,2022-03-09,7,Damaged
4019,SO0026679,26679,FAS-0017,2023-07-11,3,Customer Changed Mind
4020,SO0026681,26681,ELE-0010,2021-05-13,1,Defective
4021,SO0026692,26692,SAF-0009,2021-04-05,3,Customer Changed Mind
4022,SO0026703,26703,HVA-0028,2022-02-18,3,Damaged
4023,SO0026706,26706,FAS-0011,2021-10-19,2,Damaged
4024,SO0026720,26720,SAF-0016,2022-09-17,2,Customer Changed Mind
4025,SO0026724,26724,SAF-0001,2021-03-20,4,Shipping Damage
4026,SO0026730,26730,FAS-0002,2022-01-20,7,Defective
4027,SO0026736,26736,ELE-0020,2025-05-20,9,Shipping Damage
4028,SO0026755,26755,HVA-0009,2022-03-26,12,Customer Changed Mind
4029,SO0026767,26767,HVA-0020,2025-07-22,9,Defective
4030,SO0026771,26771,PWR-0007,2021-10-29,4,Damaged
4031,SO0026776,26776,HVA-0027,2024-07-08,10,Customer Changed Mind
4032,SO0026780,26780,FAS-0001,2025-05-15,12,Damaged
4033,SO0026788,26788,ELE-0018,2021-08-12,1,Damaged
4034,SO0026791,26791,HVA-0025,2025-03-05,13,Damaged
4035,SO0026792,26792,SAF-0014,2025-08-30,9,Customer Changed Mind
4036,SO0026792,26792,ELE-0014,2025-09-09,1,Defective
4037,SO0026802,26802,HVA-0028,2021-09-28,5,Shipping Damage
4038,SO0026809,26809,PWR-0003,2021-10-17,6,Customer Changed Mind
4039,SO0026827,26827,SAF-0007,2024-01-16,1,Shipping Damage
4040,SO0026830,26830,ELE-0020,2022-11-21,1,Shipping Damage
4041,SO0026832,26832,PWR-0011,2024-02-21,3,Customer Changed Mind
4042,SO0026834,26834,ELE-0017,2025-04-18,3,Shipping Damage
4043,SO0026836,26836,HVA-0006,2023-10-05,7,Damaged
4044,SO0026845,26845,SAF-0007,2023-02-16,14,Shipping Damage
4045,SO0026867,26867,ELE-0020,2021-12-17,1,Shipping Damage
4046,SO0026869,26869,FAS-0002,2021-03-18,4,Shipping Damage
4047,SO0026882,26882,HVA-0009,2022-12-01,2,Shipping Damage
4048,SO0026892,26892,SAF-0017,2023-02-10,14,Damaged
4049,SO0026898,26898,ELE-0023,2021-03-24,1,Shipping Damage
4050,SO0026899,26899,SAF-0010,2024-01-24,12,Damaged
4051,SO0026901,26901,ELE-0017,2024-09-07,6,Shipping Damage
4052,SO0026913,26913,SAF-0013,2024-05-26,4,Wrong Item
4053,SO0026915,26915,FAS-0008,2022-08-10,3,Shipping Damage
4054,SO0026922,26922,HVA-0025,2024-04-26,11,Wrong Item
4055,SO0026929,26929,SAF-0005,2025-11-19,2,Defective
4056,SO0026946,26946,HVA-0020,2024-07-05,2,Customer Changed Mind
4057,SO0026960,26960,PWR-0003,2023-09-23,14,Wrong Item
4058,SO0026967,26967,FAS-0004,2025-01-17,5,Wrong Item
4059,SO0026984,26984,SAF-0007,2022-12-19,10,Shipping Damage
4060,SO0026984,26984,SAF-0001,2022-12-27,13,Wrong Item
4061,SO0026999,26999,PWR-0005,2024-02-21,3,Customer Changed Mind
4062,SO0027000,27000,ELE-0023,2025-03-06,1,Defective
4063,SO0027014,27014,HVA-0026,2022-11-29,2,Defective
4064,SO0027015,27015,SAF-0010,2025-06-30,2,Customer Changed Mind
4065,SO0027017,27017,HVA-0008,2022-09-08,3,Defective
4066,SO0027028,27028,PWR-0002,2023-01-13,1,Wrong Item
4067,SO0027034,27034,FAS-0015,2021-12-12,2,Wrong Item
4068,SO0027038,27038,FAS-0005,2022-05-12,7,Shipping Damage
4069,SO0027046,27046,HVA-0009,2026-01-20,16,Damaged
4070,SO0027048,27048,HVA-0022,2025-11-10,3,Damaged
4071,SO0027054,27054,FAS-0015,2022-02-01,2,Wrong Item
4072,SO0027058,27058,FAS-0016,2022-08-14,11,Shipping Damage
4073,SO0027066,27066,PWR-0013,2022-06-11,7,Damaged
4074,SO0027067,27067,ELE-0022,2023-08-13,10,Wrong Item
4075,SO0027080,27080,ELE-0015,2022-06-14,1,Damaged
4076,SO0027081,27081,HVA-0013,2023-08-02,1,Defective
4077,SO0027086,27086,ELE-0016,2021-10-19,1,Defective
4078,SO0027086,27086,ELE-0005,2021-10-22,1,Wrong Item
4079,SO0027086,27086,PWR-0014,2021-10-24,7,Damaged
4080,SO0027100,27100,PWR-0008,2022-09-16,13,Customer Changed Mind
4081,SO0027103,27103,PWR-0001,2024-11-01,2,Shipping Damage
4082,SO0027106,27106,ELE-0003,2022-06-01,7,Wrong Item
4083,SO0027107,27107,HVA-0006,2025-07-15,2,Defective
4084,SO0027112,27112,ELE-0015,2021-07-20,9,Shipping Damage
4085,SO0027128,27128,ELE-0022,2021-08-11,4,Defective
4086,SO0027135,27135,SAF-0016,2023-07-24,2,Defective
4087,SO0027136,27136,FAS-0017,2023-03-30,1,Damaged
4088,SO0027153,27153,ELE-0019,2025-09-20,3,Wrong Item
4089,SO0027160,27160,SAF-0010,2025-06-05,10,Wrong Item
4090,SO0027164,27164,HVA-0019,2021-11-17,1,Damaged
4091,SO0027171,27171,SAF-0016,2025-01-20,4,Wrong Item
4092,SO0027182,27182,HVA-0021,2025-03-10,7,Shipping Damage
4093,SO0027182,27182,ELE-0004,2025-03-10,3,Damaged
4094,SO0027205,27205,SAF-0011,2022-12-05,7,Shipping Damage
4095,SO0027207,27207,SAF-0014,2022-08-01,3,Shipping Damage
4096,SO0027225,27225,SAF-0005,2021-12-05,3,Customer Changed Mind
4097,SO0027230,27230,HVA-0014,2021-05-13,8,Defective
4098,SO0027252,27252,PWR-0010,2024-01-25,5,Wrong Item
4099,SO0027255,27255,HVA-0020,2021-06-10,4,Damaged
4100,SO0027256,27256,HVA-0007,2021-04-02,1,Wrong Item
4101,SO0027259,27259,SAF-0006,2022-08-25,1,Shipping Damage
4102,SO0027259,27259,PWR-0010,2022-08-26,4,Shipping Damage
4103,SO0027260,27260,SAF-0005,2025-06-07,2,Wrong Item
4104,SO0027280,27280,HVA-0018,2021-05-26,9,Defective
4105,SO0027280,27280,SAF-0017,2021-06-15,9,Defective
4106,SO0027291,27291,HVA-0023,2023-10-09,3,Customer Changed Mind
4107,SO0027303,27303,ELE-0001,2022-04-24,1,Shipping Damage
4108,SO0027305,27305,SAF-0009,2024-06-14,1,Damaged
4109,SO0027312,27312,PWR-0013,2022-12-16,15,Customer Changed Mind
4110,SO0027316,27316,FAS-0015,2025-12-08,5,Shipping Damage
4111,SO0027320,27320,PWR-0010,2025-01-19,13,Defective
4112,SO0027321,27321,HVA-0022,2024-11-25,10,Wrong Item
4113,SO0027337,27337,SAF-0011,2022-09-21,3,Wrong Item
4114,SO0027356,27356,HVA-0017,2025-10-06,1,Wrong Item
4115,SO0027360,27360,HVA-0024,2021-05-20,1,Defective
4116,SO0027364,27364,SAF-0002,2023-09-22,8,Wrong Item
4117,SO0027381,27381,ELE-0002,2023-07-24,2,Defective
4118,SO0027397,27397,HVA-0012,2021-02-21,18,Defective
4119,SO0027413,27413,SAF-0015,2025-08-21,1,Shipping Damage
4120,SO0027425,27425,ELE-0016,2025-05-24,5,Customer Changed Mind
4121,SO0027426,27426,HVA-0010,2023-10-08,14,Defective
4122,SO0027427,27427,SAF-0002,2024-03-10,1,Customer Changed Mind
4123,SO0027430,27430,ELE-0017,2024-07-29,14,Damaged
4124,SO0027435,27435,ELE-0013,2024-09-17,5,Shipping Damage
4125,SO0027439,27439,PWR-0008,2025-12-13,16,Shipping Damage
4126,SO0027443,27443,FAS-0007,2022-06-02,15,Shipping Damage
4127,SO0027443,27443,FAS-0001,2022-06-16,1,Customer Changed Mind
4128,SO0027447,27447,HVA-0016,2021-08-16,4,Damaged
4129,SO0027448,27448,FAS-0010,2022-10-09,8,Wrong Item
4130,SO0027461,27461,HVA-0022,2021-07-06,1,Defective
4131,SO0027467,27467,ELE-0016,2023-02-23,4,Damaged
4132,SO0027475,27475,HVA-0028,2024-04-30,6,Defective
4133,SO0027486,27486,PWR-0002,2022-11-08,3,Customer Changed Mind
4134,SO0027503,27503,HVA-0008,2022-06-06,1,Defective
4135,SO0027504,27504,SAF-0002,2023-05-23,2,Damaged
4136,SO0027513,27513,FAS-0018,2023-02-10,6,Wrong Item
4137,SO0027518,27518,ELE-0004,2022-02-14,7,Damaged
4138,SO0027520,27520,SAF-0013,2025-12-01,3,Wrong Item
4139,SO0027529,27529,FAS-0006,2022-05-22,10,Wrong Item
4140,SO0027549,27549,PWR-0006,2024-11-19,1,Defective
4141,SO0027569,27569,ELE-0003,2022-09-29,7,Shipping Damage
4142,SO0027577,27577,SAF-0008,2024-02-04,8,Shipping Damage
4143,SO0027577,27577,FAS-0008,2024-01-25,1,Shipping Damage
4144,SO0027579,27579,PWR-0010,2021-03-22,15,Customer Changed Mind
4145,SO0027583,27583,HVA-0022,2022-09-06,1,Wrong Item
4146,SO0027588,27588,HVA-0003,2023-06-14,1,Customer Changed Mind
4147,SO0027604,27604,FAS-0006,2022-03-29,2,Wrong Item
4148,SO0027609,27609,HVA-0019,2022-10-18,2,Damaged
4149,SO0027626,27626,FAS-0013,2022-01-17,2,Customer Changed Mind
4150,SO0027633,27633,SAF-0001,2025-01-25,14,Wrong Item
4151,SO0027637,27637,HVA-0027,2021-03-24,7,Customer Changed Mind
4152,SO0027637,27637,HVA-0017,2021-03-09,4,Wrong Item
4153,SO0027638,27638,ELE-0023,2022-11-12,4,Wrong Item
4154,SO0027657,27657,SAF-0004,2024-01-17,3,Wrong Item
4155,SO0027660,27660,PWR-0012,2022-10-30,1,Damaged
4156,SO0027661,27661,SAF-0003,2023-04-22,4,Customer Changed Mind
4157,SO0027663,27663,SAF-0017,2025-01-02,2,Damaged
4158,SO0027671,27671,HVA-0014,2021-04-19,5,Shipping Damage
4159,SO0027671,27671,PWR-0011,2021-04-18,11,Damaged
4160,SO0027679,27679,PWR-0014,2023-01-16,2,Wrong Item
4161,SO0027682,27682,FAS-0004,2024-04-05,8,Damaged
4162,SO0027694,27694,HVA-0020,2022-01-16,15,Shipping Damage
4163,SO0027694,27694,FAS-0011,2022-01-19,13,Shipping Damage
4164,SO0027706,27706,HVA-0014,2025-09-30,1,Shipping Damage
4165,SO0027713,27713,ELE-0014,2024-10-12,7,Damaged
4166,SO0027724,27724,ELE-0005,2023-11-13,2,Shipping Damage
4167,SO0027730,27730,ELE-0013,2024-04-08,9,Wrong Item
4168,SO0027732,27732,ELE-0015,2023-03-02,9,Defective
4169,SO0027734,27734,PWR-0008,2022-01-30,10,Defective
4170,SO0027735,27735,FAS-0015,2024-04-28,6,Wrong Item
4171,SO0027737,27737,HVA-0026,2024-03-16,3,Defective
4172,SO0027743,27743,FAS-0016,2025-02-05,7,Damaged
4173,SO0027750,27750,SAF-0011,2022-02-28,4,Customer Changed Mind
4174,SO0027766,27766,HVA-0004,2022-09-05,3,Wrong Item
4175,SO0027778,27778,FAS-0005,2022-11-03,7,Damaged
4176,SO0027788,27788,SAF-0012,2023-08-10,11,Damaged
4177,SO0027792,27792,ELE-0015,2023-06-23,1,Shipping Damage
4178,SO0027793,27793,SAF-0003,2025-09-18,3,Wrong Item
4179,SO0027813,27813,SAF-0007,2025-07-06,1,Damaged
4180,SO0027822,27822,ELE-0012,2021-05-05,7,Wrong Item
4181,SO0027832,27832,FAS-0006,2022-08-19,5,Damaged
4182,SO0027834,27834,HVA-0015,2025-05-27,4,Customer Changed Mind
4183,SO0027854,27854,ELE-0007,2024-08-05,1,Shipping Damage
4184,SO0027856,27856,PWR-0009,2021-06-08,7,Defective
4185,SO0027858,27858,PWR-0003,2024-06-06,1,Customer Changed Mind
4186,SO0027860,27860,FAS-0013,2022-07-14,13,Wrong Item
4187,SO0027872,27872,SAF-0010,2023-10-05,11,Damaged
4188,SO0027873,27873,SAF-0017,2024-03-17,3,Customer Changed Mind
4189,SO0027874,27874,FAS-0014,2024-05-06,1,Customer Changed Mind
4190,SO0027877,27877,HVA-0024,2024-02-25,2,Customer Changed Mind
4191,SO0027902,27902,ELE-0016,2021-06-19,6,Damaged
4192,SO0027911,27911,SAF-0003,2021-09-08,5,Customer Changed Mind
4193,SO0027913,27913,ELE-0009,2022-10-18,1,Shipping Damage
4194,SO0027917,27917,PWR-0008,2022-12-23,2,Shipping Damage
4195,SO0027921,27921,SAF-0017,2023-05-28,2,Damaged
4196,SO0027926,27926,HVA-0021,2025-08-28,4,Shipping Damage
4197,SO0027932,27932,FAS-0011,2021-08-16,1,Defective
4198,SO0027951,27951,FAS-0014,2023-11-24,2,Damaged
4199,SO0027960,27960,FAS-0012,2025-04-08,14,Defective
4200,SO0027964,27964,SAF-0006,2024-09-03,2,Wrong Item
4201,SO0027968,27968,HVA-0015,2022-07-27,2,Damaged
4202,SO0027979,27979,FAS-0013,2022-04-22,1,Customer Changed Mind
4203,SO0027980,27980,HVA-0013,2025-09-04,4,Shipping Damage
4204,SO0027989,27989,ELE-0009,2024-09-06,3,Wrong Item
4205,SO0027995,27995,HVA-0008,2021-12-24,2,Customer Changed Mind
4206,SO0028003,28003,SAF-0008,2023-06-16,2,Defective
4207,SO0028008,28008,FAS-0006,2023-07-12,2,Shipping Damage
4208,SO0028015,28015,FAS-0018,2021-10-06,6,Wrong Item
4209,SO0028024,28024,ELE-0007,2022-02-27,7,Wrong Item
4210,SO0028033,28033,ELE-0017,2022-11-01,10,Wrong Item
4211,SO0028044,28044,FAS-0009,2021-11-05,8,Damaged
4212,SO0028053,28053,PWR-0007,2025-12-25,3,Damaged
4213,SO0028057,28057,HVA-0004,2021-03-24,2,Damaged
4214,SO0028065,28065,HVA-0024,2023-12-09,8,Defective
4215,SO0028069,28069,HVA-0016,2025-09-06,4,Wrong Item
4216,SO0028088,28088,HVA-0018,2022-08-26,4,Customer Changed Mind
4217,SO0028089,28089,PWR-0002,2022-12-19,4,Defective
4218,SO0028092,28092,FAS-0015,2025-02-16,7,Customer Changed Mind
4219,SO0028094,28094,HVA-0017,2022-07-18,2,Damaged
4220,SO0028096,28096,PWR-0006,2021-05-08,8,Defective
4221,SO0028104,28104,SAF-0004,2024-06-09,16,Damaged
4222,SO0028108,28108,ELE-0018,2022-07-17,2,Shipping Damage
4223,SO0028109,28109,SAF-0017,2025-10-04,6,Customer Changed Mind
4224,SO0028112,28112,PWR-0003,2022-04-27,12,Defective
4225,SO0028115,28115,ELE-0015,2025-10-05,7,Defective
4226,SO0028124,28124,ELE-0010,2023-05-30,6,Wrong Item
4227,SO0028134,28134,FAS-0017,2022-09-01,10,Damaged
4228,SO0028138,28138,PWR-0009,2022-01-22,2,Customer Changed Mind
4229,SO0028144,28144,ELE-0007,2025-11-15,10,Wrong Item
4230,SO0028158,28158,PWR-0011,2022-05-02,3,Shipping Damage
4231,SO0028164,28164,ELE-0012,2022-11-02,11,Customer Changed Mind
4232,SO0028192,28192,FAS-0002,2021-11-22,3,Damaged
4233,SO0028203,28203,ELE-0013,2025-11-29,7,Customer Changed Mind
4234,SO0028210,28210,FAS-0015,2023-01-15,3,Defective
4235,SO0028217,28217,FAS-0015,2025-10-01,4,Damaged
4236,SO0028236,28236,FAS-0016,2023-01-29,13,Damaged
4237,SO0028243,28243,PWR-0004,2024-08-05,6,Damaged
4238,SO0028244,28244,SAF-0016,2021-03-29,1,Customer Changed Mind
4239,SO0028250,28250,ELE-0016,2025-02-20,1,Wrong Item
4240,SO0028254,28254,PWR-0006,2024-01-29,6,Defective
4241,SO0028266,28266,ELE-0013,2025-06-07,7,Damaged
4242,SO0028271,28271,SAF-0005,2025-06-09,5,Shipping Damage
4243,SO0028277,28277,SAF-0012,2024-08-31,4,Damaged
4244,SO0028286,28286,FAS-0016,2023-06-27,2,Wrong Item
4245,SO0028292,28292,PWR-0009,2025-09-25,6,Shipping Damage
4246,SO0028295,28295,PWR-0012,2024-09-12,6,Customer Changed Mind
4247,SO0028295,28295,PWR-0014,2024-09-14,2,Wrong Item
4248,SO0028305,28305,PWR-0014,2022-04-21,1,Defective
4249,SO0028309,28309,HVA-0004,2024-03-05,4,Defective
4250,SO0028309,28309,SAF-0007,2024-03-18,8,Damaged
4251,SO0028314,28314,ELE-0009,2025-01-20,7,Damaged
4252,SO0028329,28329,PWR-0007,2022-02-07,6,Customer Changed Mind
4253,SO0028336,28336,FAS-0011,2021-11-16,2,Wrong Item
4254,SO0028338,28338,ELE-0006,2024-04-10,3,Shipping Damage
4255,SO0028346,28346,HVA-0014,2024-04-28,9,Customer Changed Mind
4256,SO0028348,28348,FAS-0009,2024-07-13,9,Wrong Item
4257,SO0028351,28351,ELE-0015,2022-07-15,9,Damaged
4258,SO0028351,28351,ELE-0006,2022-07-10,9,Damaged
4259,SO0028355,28355,FAS-0012,2025-10-25,3,Defective
4260,SO0028359,28359,HVA-0019,2024-08-09,1,Customer Changed Mind
4261,SO0028359,28359,ELE-0007,2024-08-06,6,Damaged
4262,SO0028361,28361,ELE-0023,2023-05-10,3,Defective
4263,SO0028362,28362,HVA-0011,2025-07-28,14,Defective
4264,SO0028371,28371,FAS-0018,2022-10-20,1,Wrong Item
4265,SO0028373,28373,ELE-0018,2023-05-25,1,Damaged
4266,SO0028375,28375,FAS-0006,2023-12-08,2,Shipping Damage
4267,SO0028376,28376,FAS-0016,2022-02-13,2,Shipping Damage
4268,SO0028391,28391,ELE-0009,2022-05-04,2,Shipping Damage
4269,SO0028396,28396,FAS-0007,2023-06-13,5,Shipping Damage
4270,SO0028408,28408,HVA-0003,2023-03-22,9,Customer Changed Mind
4271,SO0028410,28410,FAS-0016,2021-08-25,5,Customer Changed Mind
4272,SO0028414,28414,HVA-0009,2023-11-08,1,Damaged
4273,SO0028415,28415,PWR-0007,2022-08-10,15,Shipping Damage
4274,SO0028422,28422,HVA-0027,2022-04-03,2,Defective
4275,SO0028424,28424,ELE-0010,2024-03-28,7,Damaged
4276,SO0028434,28434,PWR-0009,2024-01-05,16,Defective
4277,SO0028436,28436,HVA-0021,2023-12-28,1,Shipping Damage
4278,SO0028443,28443,FAS-0014,2022-12-20,3,Defective
4279,SO0028452,28452,HVA-0004,2024-06-15,16,Defective
4280,SO0028454,28454,HVA-0026,2022-07-19,12,Shipping Damage
4281,SO0028468,28468,PWR-0009,2022-12-23,2,Wrong Item
4282,SO0028469,28469,ELE-0008,2023-03-03,8,Shipping Damage
4283,SO0028496,28496,HVA-0023,2024-03-15,5,Defective
4284,SO0028504,28504,SAF-0005,2021-12-01,4,Shipping Damage
4285,SO0028512,28512,ELE-0008,2023-05-14,7,Shipping Damage
4286,SO0028513,28513,SAF-0007,2024-06-05,13,Damaged
4287,SO0028516,28516,HVA-0005,2024-01-01,3,Defective
4288,SO0028521,28521,FAS-0010,2024-11-22,2,Customer Changed Mind
4289,SO0028522,28522,ELE-0002,2025-11-26,1,Customer Changed Mind
4290,SO0028527,28527,HVA-0022,2021-04-04,3,Damaged
4291,SO0028529,28529,HVA-0004,2021-08-16,2,Customer Changed Mind
4292,SO0028529,28529,ELE-0009,2021-07-25,7,Defective
4293,SO0028534,28534,HVA-0023,2025-06-23,4,Defective
4294,SO0028549,28549,ELE-0004,2024-04-21,7,Shipping Damage
4295,SO0028552,28552,HVA-0018,2024-07-28,10,Wrong Item
4296,SO0028570,28570,HVA-0010,2022-12-26,7,Damaged
4297,SO0028583,28583,FAS-0018,2021-02-26,11,Wrong Item
4298,SO0028586,28586,HVA-0005,2025-06-27,1,Wrong Item
4299,SO0028591,28591,HVA-0003,2021-07-06,1,Damaged
4300,SO0028612,28612,HVA-0006,2022-07-28,14,Wrong Item
4301,SO0028671,28671,HVA-0014,2025-10-12,1,Wrong Item
4302,SO0028671,28671,HVA-0005,2025-10-11,3,Shipping Damage
4303,SO0028672,28672,SAF-0010,2026-01-03,3,Damaged
4304,SO0028680,28680,ELE-0008,2021-09-01,18,Shipping Damage
4305,SO0028683,28683,FAS-0003,2021-12-10,10,Wrong Item
4306,SO0028693,28693,FAS-0017,2023-07-30,3,Wrong Item
4307,SO0028693,28693,PWR-0002,2023-08-02,4,Defective
4308,SO0028698,28698,HVA-0016,2022-02-12,12,Customer Changed Mind
4309,SO0028710,28710,HVA-0025,2023-11-02,5,Customer Changed Mind
4310,SO0028714,28714,ELE-0011,2021-10-16,9,Customer Changed Mind
4311,SO0028728,28728,HVA-0017,2022-12-31,3,Defective
4312,SO0028728,28728,SAF-0013,2023-01-12,3,Shipping Damage
4313,SO0028729,28729,HVA-0008,2022-08-17,6,Customer Changed Mind
4314,SO0028749,28749,HVA-0012,2023-03-21,2,Shipping Damage
4315,SO0028753,28753,ELE-0003,2024-06-12,4,Defective
4316,SO0028759,28759,HVA-0015,2024-01-24,10,Shipping Damage
4317,SO0028763,28763,ELE-0005,2024-07-13,1,Defective
4318,SO0028763,28763,FAS-0012,2024-07-23,15,Damaged
4319,SO0028773,28773,FAS-0014,2023-02-04,6,Damaged
4320,SO0028774,28774,ELE-0015,2025-01-15,5,Shipping Damage
4321,SO0028776,28776,HVA-0009,2021-10-01,3,Wrong Item
4322,SO0028778,28778,ELE-0015,2022-04-05,2,Customer Changed Mind
4323,SO0028781,28781,HVA-0007,2021-03-16,14,Defective
4324,SO0028787,28787,FAS-0004,2024-05-01,3,Customer Changed Mind
4325,SO0028792,28792,ELE-0020,2023-07-18,10,Customer Changed Mind
4326,SO0028803,28803,ELE-0013,2021-08-28,3,Damaged
4327,SO0028812,28812,PWR-0010,2022-05-04,6,Damaged
4328,SO0028827,28827,PWR-0001,2023-08-04,10,Defective
4329,SO0028833,28833,HVA-0011,2025-02-23,2,Defective
4330,SO0028835,28835,HVA-0015,2022-04-25,11,Shipping Damage
4331,SO0028841,28841,PWR-0009,2024-12-25,5,Defective
4332,SO0028845,28845,ELE-0014,2023-02-22,1,Customer Changed Mind
4333,SO0028848,28848,HVA-0002,2021-03-04,2,Wrong Item
4334,SO0028851,28851,PWR-0003,2025-07-19,1,Shipping Damage
4335,SO0028855,28855,FAS-0011,2021-04-01,6,Defective
4336,SO0028856,28856,ELE-0023,2025-07-10,6,Damaged
4337,SO0028856,28856,SAF-0011,2025-07-09,2,Wrong Item
4338,SO0028859,28859,PWR-0008,2023-07-31,3,Shipping Damage
4339,SO0028859,28859,ELE-0016,2023-07-30,1,Shipping Damage
4340,SO0028860,28860,FAS-0007,2022-11-15,6,Shipping Damage
4341,SO0028863,28863,ELE-0006,2024-09-11,5,Customer Changed Mind
4342,SO0028865,28865,ELE-0003,2024-05-30,4,Defective
4343,SO0028878,28878,ELE-0017,2023-09-28,3,Wrong Item
4344,SO0028882,28882,FAS-0010,2022-02-17,6,Shipping Damage
4345,SO0028883,28883,PWR-0013,2021-10-07,6,Shipping Damage
4346,SO0028887,28887,HVA-0021,2025-07-10,6,Customer Changed Mind
4347,SO0028891,28891,SAF-0003,2022-05-31,1,Damaged
4348,SO0028891,28891,FAS-0018,2022-06-07,3,Wrong Item
4349,SO0028906,28906,PWR-0014,2022-04-05,11,Customer Changed Mind
4350,SO0028909,28909,SAF-0012,2021-05-15,14,Shipping Damage
4351,SO0028919,28919,HVA-0017,2021-06-13,10,Damaged
4352,SO0028920,28920,PWR-0007,2021-06-15,8,Wrong Item
4353,SO0028934,28934,HVA-0001,2024-07-16,1,Customer Changed Mind
4354,SO0028936,28936,ELE-0012,2025-07-22,1,Customer Changed Mind
4355,SO0028952,28952,HVA-0026,2021-01-19,2,Wrong Item
4356,SO0028953,28953,ELE-0009,2024-02-19,6,Shipping Damage
4357,SO0028954,28954,FAS-0018,2023-11-10,1,Shipping Damage
4358,SO0028956,28956,ELE-0010,2021-02-18,3,Defective
4359,SO0028965,28965,HVA-0016,2023-07-05,6,Defective
4360,SO0028968,28968,FAS-0004,2025-04-11,18,Defective
4361,SO0028975,28975,FAS-0006,2022-10-22,2,Wrong Item
4362,SO0028985,28985,FAS-0001,2024-08-12,3,Shipping Damage
4363,SO0028997,28997,FAS-0005,2025-08-09,1,Customer Changed Mind
4364,SO0029000,29000,ELE-0003,2026-01-13,5,Customer Changed Mind
4365,SO0029019,29019,ELE-0012,2025-12-01,13,Customer Changed Mind
4366,SO0029025,29025,ELE-0013,2023-01-25,2,Damaged
4367,SO0029031,29031,ELE-0001,2024-07-24,5,Wrong Item
4368,SO0029058,29058,HVA-0023,2024-08-11,4,Defective
4369,SO0029069,29069,HVA-0020,2025-08-10,11,Shipping Damage
4370,SO0029075,29075,SAF-0003,2022-07-11,3,Wrong Item
4371,SO0029080,29080,HVA-0012,2021-06-21,17,Wrong Item
4372,SO0029089,29089,SAF-0003,2021-09-01,4,Damaged
4373,SO0029091,29091,HVA-0009,2025-03-15,12,Defective
4374,SO0029094,29094,PWR-0001,2022-08-17,4,Wrong Item
4375,SO0029100,29100,FAS-0003,2026-01-11,3,Damaged
4376,SO0029109,29109,ELE-0003,2025-07-25,5,Wrong Item
4377,SO0029130,29130,PWR-0014,2025-10-04,7,Wrong Item
4378,SO0029134,29134,ELE-0017,2024-03-24,2,Damaged
4379,SO0029141,29141,HVA-0005,2025-09-02,2,Damaged
4380,SO0029144,29144,SAF-0003,2023-08-26,7,Damaged
4381,SO0029148,29148,HVA-0023,2023-09-13,7,Customer Changed Mind
4382,SO0029156,29156,ELE-0010,2021-03-31,4,Shipping Damage
4383,SO0029160,29160,HVA-0006,2022-04-02,3,Defective
4384,SO0029165,29165,SAF-0010,2022-06-28,3,Defective
4385,SO0029175,29175,HVA-0024,2021-05-24,2,Damaged
4386,SO0029180,29180,ELE-0009,2024-09-27,11,Wrong Item
4387,SO0029185,29185,FAS-0009,2026-01-12,1,Customer Changed Mind
4388,SO0029191,29191,HVA-0018,2021-01-28,5,Defective
4389,SO0029202,29202,HVA-0007,2021-10-08,6,Shipping Damage
4390,SO0029210,29210,HVA-0017,2023-01-04,11,Wrong Item
4391,SO0029214,29214,HVA-0016,2023-07-07,14,Defective
4392,SO0029215,29215,HVA-0009,2023-12-05,8,Defective
4393,SO0029217,29217,ELE-0007,2022-02-02,16,Customer Changed Mind
4394,SO0029218,29218,HVA-0005,2024-11-18,4,Customer Changed Mind
4395,SO0029233,29233,HVA-0004,2025-12-29,1,Damaged
4396,SO0029241,29241,HVA-0020,2026-01-15,1,Wrong Item
4397,SO0029252,29252,HVA-0015,2021-05-15,3,Customer Changed Mind
4398,SO0029260,29260,HVA-0016,2022-05-08,5,Damaged
4399,SO0029268,29268,HVA-0008,2024-10-04,3,Shipping Damage
4400,SO0029271,29271,SAF-0010,2025-01-02,3,Damaged
4401,SO0029276,29276,FAS-0015,2025-07-09,1,Damaged
4402,SO0029278,29278,HVA-0003,2021-08-30,9,Shipping Damage
4403,SO0029293,29293,PWR-0009,2023-11-21,9,Customer Changed Mind
4404,SO0029297,29297,ELE-0011,2022-05-09,1,Shipping Damage
4405,SO0029298,29298,ELE-0006,2024-04-30,4,Wrong Item
4406,SO0029304,29304,HVA-0006,2023-12-03,2,Wrong Item
4407,SO0029304,29304,FAS-0004,2023-12-14,14,Wrong Item
4408,SO0029306,29306,SAF-0008,2024-11-25,6,Shipping Damage
4409,SO0029306,29306,FAS-0007,2024-12-14,1,Customer Changed Mind
4410,SO0029308,29308,SAF-0008,2022-11-04,1,Defective
4411,SO0029312,29312,HVA-0006,2025-04-02,6,Shipping Damage
4412,SO0029314,29314,HVA-0009,2025-02-01,17,Customer Changed Mind
4413,SO0029317,29317,FAS-0015,2021-11-03,15,Customer Changed Mind
4414,SO0029328,29328,HVA-0007,2021-06-18,5,Damaged
4415,SO0029330,29330,FAS-0016,2022-09-27,11,Customer Changed Mind
4416,SO0029331,29331,FAS-0002,2023-10-21,14,Damaged
4417,SO0029333,29333,ELE-0004,2022-08-12,1,Shipping Damage
4418,SO0029334,29334,FAS-0004,2023-12-30,15,Customer Changed Mind
4419,SO0029337,29337,SAF-0011,2023-04-06,9,Wrong Item
4420,SO0029344,29344,ELE-0021,2025-12-23,10,Damaged
4421,SO0029355,29355,PWR-0002,2021-10-09,2,Customer Changed Mind
4422,SO0029367,29367,SAF-0001,2022-11-26,1,Shipping Damage
4423,SO0029369,29369,HVA-0012,2023-09-06,5,Shipping Damage
4424,SO0029382,29382,ELE-0022,2025-12-27,1,Wrong Item
4425,SO0029388,29388,ELE-0013,2023-10-28,9,Wrong Item
4426,SO0029411,29411,HVA-0008,2023-07-02,6,Defective
4427,SO0029423,29423,SAF-0008,2024-04-25,7,Damaged
4428,SO0029438,29438,ELE-0001,2024-03-30,3,Defective
4429,SO0029443,29443,HVA-0025,2024-11-07,9,Defective
4430,SO0029452,29452,ELE-0019,2021-06-19,2,Customer Changed Mind
4431,SO0029455,29455,PWR-0005,2021-09-19,9,Customer Changed Mind
4432,SO0029470,29470,HVA-0025,2021-03-24,6,Shipping Damage
4433,SO0029471,29471,PWR-0002,2021-11-22,18,Wrong Item
4434,SO0029480,29480,ELE-0018,2024-10-22,7,Damaged
4435,SO0029484,29484,ELE-0010,2024-06-09,2,Customer Changed Mind
4436,SO0029485,29485,PWR-0010,2023-10-30,4,Damaged
4437,SO0029501,29501,HVA-0015,2022-02-08,6,Customer Changed Mind
4438,SO0029504,29504,HVA-0007,2022-11-20,17,Customer Changed Mind
4439,SO0029511,29511,PWR-0011,2024-06-03,10,Customer Changed Mind
4440,SO0029517,29517,FAS-0002,2023-10-05,13,Damaged
4441,SO0029522,29522,PWR-0003,2022-09-14,5,Customer Changed Mind
4442,SO0029528,29528,HVA-0010,2024-07-25,18,Wrong Item
4443,SO0029534,29534,HVA-0023,2025-12-14,18,Wrong Item
4444,SO0029535,29535,HVA-0026,2024-03-13,10,Damaged
4445,SO0029549,29549,ELE-0009,2024-08-08,4,Defective
4446,SO0029556,29556,HVA-0028,2023-12-21,7,Defective
4447,SO0029569,29569,FAS-0010,2024-06-03,1,Shipping Damage
4448,SO0029570,29570,HVA-0005,2021-07-02,1,Damaged
4449,SO0029576,29576,ELE-0016,2024-06-30,4,Wrong Item
4450,SO0029577,29577,ELE-0002,2021-07-26,5,Customer Changed Mind
4451,SO0029588,29588,ELE-0013,2021-02-03,17,Customer Changed Mind
4452,SO0029595,29595,HVA-0021,2023-09-12,8,Shipping Damage
4453,SO0029611,29611,ELE-0001,2022-08-21,11,Shipping Damage
4454,SO0029620,29620,HVA-0015,2024-11-18,5,Defective
4455,SO0029623,29623,FAS-0015,2022-03-22,1,Wrong Item
4456,SO0029624,29624,SAF-0017,2023-11-22,11,Defective
4457,SO0029630,29630,PWR-0012,2022-03-09,8,Defective
4458,SO0029640,29640,ELE-0004,2022-07-26,7,Damaged
4459,SO0029650,29650,HVA-0003,2024-05-19,1,Wrong Item
4460,SO0029657,29657,HVA-0001,2023-11-21,7,Shipping Damage
4461,SO0029681,29681,SAF-0002,2023-01-05,10,Wrong Item
4462,SO0029688,29688,ELE-0011,2024-01-21,13,Shipping Damage
4463,SO0029703,29703,ELE-0020,2025-04-01,3,Defective
4464,SO0029705,29705,FAS-0018,2024-12-19,10,Shipping Damage
4465,SO0029710,29710,FAS-0003,2022-01-09,18,Defective
4466,SO0029711,29711,SAF-0012,2022-03-23,11,Customer Changed Mind
4467,SO0029729,29729,PWR-0007,2025-11-28,4,Defective
4468,SO0029740,29740,SAF-0011,2021-04-30,2,Customer Changed Mind
4469,SO0029743,29743,SAF-0001,2023-05-06,11,Customer Changed Mind
4470,SO0029746,29746,ELE-0009,2021-11-07,4,Damaged
4471,SO0029750,29750,ELE-0006,2025-08-26,12,Damaged
4472,SO0029759,29759,ELE-0008,2022-02-04,4,Wrong Item
4473,SO0029759,29759,SAF-0005,2022-02-11,5,Defective
4474,SO0029774,29774,PWR-0008,2022-12-30,2,Shipping Damage
4475,SO0029775,29775,SAF-0003,2021-03-18,7,Defective
4476,SO0029779,29779,HVA-0006,2021-05-10,5,Shipping Damage
4477,SO0029786,29786,FAS-0014,2023-09-04,4,Shipping Damage
4478,SO0029787,29787,ELE-0019,2022-02-15,5,Shipping Damage
4479,SO0029803,29803,HVA-0023,2025-12-04,3,Wrong Item
4480,SO0029806,29806,HVA-0028,2022-07-02,3,Defective
4481,SO0029812,29812,ELE-0019,2024-03-27,1,Shipping Damage
4482,SO0029817,29817,HVA-0008,2025-10-19,2,Wrong Item
4483,SO0029818,29818,ELE-0008,2021-05-14,11,Defective
4484,SO0029821,29821,ELE-0021,2023-07-22,2,Wrong Item
4485,SO0029821,29821,HVA-0005,2023-07-22,1,Customer Changed Mind
4486,SO0029839,29839,SAF-0017,2021-07-21,3,Damaged
4487,SO0029850,29850,FAS-0003,2025-05-27,7,Customer Changed Mind
4488,SO0029851,29851,HVA-0028,2025-12-27,3,Shipping Damage
4489,SO0029879,29879,SAF-0013,2022-06-29,15,Customer Changed Mind
4490,SO0029892,29892,HVA-0020,2023-05-02,3,Wrong Item
4491,SO0029907,29907,ELE-0011,2022-06-15,2,Customer Changed Mind
4492,SO0029912,29912,FAS-0010,2022-07-15,2,Wrong Item
4493,SO0029913,29913,PWR-0004,2024-09-30,2,Customer Changed Mind
4494,SO0029916,29916,ELE-0002,2022-04-01,6,Defective
4495,SO0029935,29935,HVA-0004,2024-03-27,3,Defective
4496,SO0029936,29936,ELE-0013,2025-07-01,3,Shipping Damage
4497,SO0029937,29937,FAS-0006,2022-08-25,2,Defective
4498,SO0029944,29944,SAF-0003,2022-04-14,2,Shipping Damage
4499,SO0029953,29953,PWR-0004,2023-09-03,2,Shipping Damage
4500,SO0029962,29962,FAS-0007,2021-01-23,3,Wrong Item
4501,SO0029968,29968,SAF-0008,2023-08-05,1,Wrong Item
4502,SO0029969,29969,SAF-0005,2024-07-14,11,Damaged
4503,SO0029969,29969,FAS-0008,2024-07-01,3,Damaged
4504,SO0029975,29975,SAF-0006,2025-11-17,9,Shipping Damage
4505,SO0029985,29985,HVA-0010,2023-06-29,7,Shipping Damage
4506,SO0029986,29986,HVA-0003,2023-07-09,20,Wrong Item
4507,SO0029995,29995,FAS-0007,2025-01-16,2,Defective
4508,SO0030022,30022,ELE-0012,2022-09-04,3,Defective
4509,SO0030035,30035,HVA-0016,2025-06-29,14,Damaged
4510,SO0030035,30035,FAS-0011,2025-06-24,1,Wrong Item
4511,SO0030036,30036,PWR-0009,2022-02-13,2,Customer Changed Mind
4512,SO0030037,30037,ELE-0011,2024-07-05,3,Damaged
4513,SO0030042,30042,HVA-0024,2025-09-19,2,Defective
4514,SO0030052,30052,HVA-0005,2024-03-05,8,Defective
4515,SO0030058,30058,FAS-0006,2022-05-25,4,Customer Changed Mind
4516,SO0030066,30066,ELE-0006,2024-12-08,2,Customer Changed Mind
4517,SO0030071,30071,FAS-0016,2022-10-17,2,Shipping Damage
4518,SO0030072,30072,FAS-0014,2024-06-03,1,Defective
4519,SO0030073,30073,HVA-0004,2023-04-25,1,Damaged
4520,SO0030076,30076,ELE-0022,2025-07-05,1,Customer Changed Mind
4521,SO0030076,30076,SAF-0009,2025-07-10,4,Damaged
4522,SO0030078,30078,HVA-0008,2022-04-07,4,Wrong Item
4523,SO0030086,30086,ELE-0008,2024-04-01,4,Wrong Item
4524,SO0030112,30112,SAF-0009,2024-11-04,6,Shipping Damage
4525,SO0030114,30114,FAS-0018,2025-08-20,6,Damaged
4526,SO0030116,30116,SAF-0014,2021-03-09,4,Damaged
4527,SO0030138,30138,HVA-0021,2025-05-23,2,Defective
4528,SO0030150,30150,HVA-0015,2023-08-17,18,Damaged
4529,SO0030154,30154,FAS-0015,2024-05-14,1,Wrong Item
4530,SO0030168,30168,ELE-0011,2023-02-26,1,Wrong Item
4531,SO0030170,30170,ELE-0005,2024-01-27,5,Shipping Damage
4532,SO0030175,30175,PWR-0009,2023-09-23,13,Defective
4533,SO0030175,30175,ELE-0019,2023-10-12,9,Wrong Item
4534,SO0030178,30178,ELE-0010,2023-11-05,3,Shipping Damage
4535,SO0030179,30179,ELE-0011,2025-02-05,17,Shipping Damage
4536,SO0030179,30179,ELE-0018,2025-02-20,8,Customer Changed Mind
4537,SO0030193,30193,FAS-0003,2025-05-24,5,Damaged
4538,SO0030193,30193,PWR-0004,2025-05-12,2,Customer Changed Mind
4539,SO0030193,30193,SAF-0002,2025-05-12,11,Damaged
4540,SO0030199,30199,ELE-0021,2022-01-03,1,Damaged
4541,SO0030203,30203,HVA-0023,2023-11-10,1,Shipping Damage
4542,SO0030213,30213,FAS-0015,2024-10-07,3,Customer Changed Mind
4543,SO0030214,30214,PWR-0009,2023-02-12,5,Defective
4544,SO0030221,30221,ELE-0006,2024-09-10,6,Customer Changed Mind
4545,SO0030227,30227,PWR-0002,2024-05-15,2,Wrong Item
4546,SO0030231,30231,HVA-0018,2026-01-28,6,Defective
4547,SO0030265,30265,ELE-0017,2025-06-22,2,Customer Changed Mind
4548,SO0030273,30273,ELE-0019,2025-11-19,17,Damaged
4549,SO0030275,30275,ELE-0014,2022-01-24,1,Defective
4550,SO0030277,30277,FAS-0011,2024-09-19,1,Shipping Damage
4551,SO0030280,30280,SAF-0013,2026-01-01,11,Customer Changed Mind
4552,SO0030287,30287,SAF-0015,2024-07-13,14,Shipping Damage
4553,SO0030318,30318,ELE-0005,2024-12-10,2,Wrong Item
4554,SO0030320,30320,FAS-0014,2022-05-04,1,Defective
4555,SO0030321,30321,ELE-0008,2024-07-04,6,Defective
4556,SO0030325,30325,HVA-0024,2024-11-26,5,Customer Changed Mind
4557,SO0030328,30328,SAF-0006,2023-12-11,4,Wrong Item
4558,SO0030329,30329,SAF-0014,2025-03-13,4,Defective
4559,SO0030329,30329,FAS-0008,2025-02-18,3,Customer Changed Mind
4560,SO0030331,30331,SAF-0004,2022-05-20,8,Customer Changed Mind
4561,SO0030349,30349,ELE-0020,2022-06-17,9,Customer Changed Mind
4562,SO0030350,30350,SAF-0001,2025-04-11,18,Wrong Item
4563,SO0030350,30350,ELE-0022,2025-04-22,9,Customer Changed Mind
4564,SO0030351,30351,ELE-0017,2024-12-03,5,Shipping Damage
4565,SO0030360,30360,FAS-0001,2024-08-02,5,Customer Changed Mind
4566,SO0030369,30369,FAS-0017,2023-07-11,5,Damaged
4567,SO0030380,30380,ELE-0006,2024-04-15,1,Shipping Damage
4568,SO0030383,30383,ELE-0002,2024-03-27,2,Shipping Damage
4569,SO0030399,30399,ELE-0021,2025-10-15,12,Damaged
4570,SO0030404,30404,SAF-0002,2025-11-07,2,Damaged
4571,SO0030408,30408,HVA-0014,2024-07-09,8,Defective
4572,SO0030409,30409,HVA-0020,2025-02-13,8,Wrong Item
4573,SO0030415,30415,PWR-0012,2024-10-28,2,Wrong Item
4574,SO0030418,30418,HVA-0021,2025-01-23,2,Damaged
4575,SO0030432,30432,PWR-0003,2021-02-25,4,Wrong Item
4576,SO0030433,30433,SAF-0016,2025-03-30,6,Defective
4577,SO0030434,30434,ELE-0021,2022-02-08,4,Customer Changed Mind
4578,SO0030437,30437,HVA-0014,2023-08-29,1,Customer Changed Mind
4579,SO0030442,30442,SAF-0003,2022-03-07,5,Shipping Damage
4580,SO0030447,30447,FAS-0009,2023-11-10,1,Damaged
4581,SO0030449,30449,ELE-0001,2023-03-15,11,Shipping Damage
4582,SO0030450,30450,ELE-0006,2023-03-07,1,Defective
4583,SO0030457,30457,HVA-0016,2021-08-19,12,Wrong Item
4584,SO0030460,30460,SAF-0007,2022-02-01,15,Wrong Item
4585,SO0030472,30472,FAS-0010,2023-09-04,4,Defective
4586,SO0030515,30515,SAF-0016,2025-10-13,4,Shipping Damage
4587,SO0030523,30523,HVA-0020,2025-02-25,10,Shipping Damage
4588,SO0030538,30538,ELE-0010,2023-06-22,1,Wrong Item
4589,SO0030546,30546,HVA-0004,2024-07-16,3,Customer Changed Mind
4590,SO0030563,30563,FAS-0005,2025-05-05,1,Shipping Damage
4591,SO0030567,30567,FAS-0003,2022-07-06,2,Shipping Damage
4592,SO0030568,30568,FAS-0015,2024-10-29,2,Damaged
4593,SO0030581,30581,PWR-0009,2025-06-17,16,Shipping Damage
4594,SO0030582,30582,ELE-0002,2022-03-11,2,Damaged
4595,SO0030612,30612,ELE-0017,2021-10-07,7,Defective
4596,SO0030616,30616,PWR-0006,2021-07-25,6,Shipping Damage
4597,SO0030630,30630,SAF-0008,2024-11-20,5,Defective
4598,SO0030642,30642,PWR-0005,2024-08-07,7,Shipping Damage
4599,SO0030648,30648,ELE-0007,2023-07-27,6,Defective
4600,SO0030649,30649,HVA-0012,2022-01-27,15,Customer Changed Mind
4601,SO0030664,30664,HVA-0009,2021-11-24,5,Damaged
4602,SO0030670,30670,PWR-0002,2021-03-17,8,Damaged
4603,SO0030682,30682,ELE-0023,2022-03-31,7,Damaged
4604,SO0030694,30694,SAF-0006,2023-05-16,8,Customer Changed Mind
4605,SO0030695,30695,HVA-0018,2022-12-03,7,Defective
4606,SO0030703,30703,ELE-0006,2025-07-02,13,Wrong Item
4607,SO0030703,30703,HVA-0027,2025-07-12,6,Customer Changed Mind
4608,SO0030705,30705,ELE-0021,2024-04-22,9,Damaged
4609,SO0030707,30707,HVA-0004,2025-07-12,15,Shipping Damage
4610,SO0030717,30717,FAS-0004,2023-08-30,2,Defective
4611,SO0030724,30724,FAS-0017,2022-12-04,5,Wrong Item
4612,SO0030733,30733,FAS-0003,2023-12-24,16,Wrong Item
4613,SO0030740,30740,ELE-0013,2022-05-03,18,Defective
4614,SO0030741,30741,FAS-0001,2025-07-24,10,Defective
4615,SO0030741,30741,HVA-0013,2025-07-23,7,Wrong Item
4616,SO0030746,30746,PWR-0014,2022-05-17,4,Defective
4617,SO0030752,30752,FAS-0008,2024-12-05,1,Shipping Damage
4618,SO0030771,30771,ELE-0004,2021-10-01,5,Defective
4619,SO0030775,30775,FAS-0002,2022-01-06,1,Customer Changed Mind
4620,SO0030776,30776,SAF-0012,2023-05-29,7,Defective
4621,SO0030781,30781,FAS-0018,2022-02-10,5,Shipping Damage
4622,SO0030782,30782,FAS-0001,2024-09-21,3,Customer Changed Mind
4623,SO0030784,30784,FAS-0006,2025-05-20,3,Defective
4624,SO0030788,30788,HVA-0026,2021-12-20,3,Defective
4625,SO0030800,30800,FAS-0010,2021-04-22,3,Shipping Damage
4626,SO0030803,30803,SAF-0004,2025-02-27,8,Wrong Item
4627,SO0030805,30805,PWR-0005,2022-07-06,3,Shipping Damage
4628,SO0030819,30819,ELE-0014,2023-05-16,2,Shipping Damage
4629,SO0030825,30825,PWR-0010,2023-01-27,4,Defective
4630,SO0030827,30827,FAS-0015,2025-03-29,1,Defective
4631,SO0030840,30840,FAS-0010,2025-08-28,1,Shipping Damage
4632,SO0030841,30841,HVA-0019,2024-06-26,9,Defective
4633,SO0030845,30845,FAS-0012,2021-09-12,8,Shipping Damage
4634,SO0030858,30858,SAF-0011,2022-04-25,4,Shipping Damage
4635,SO0030865,30865,PWR-0008,2024-09-24,9,Customer Changed Mind
4636,SO0030865,30865,FAS-0012,2024-09-30,2,Wrong Item
4637,SO0030869,30869,PWR-0014,2021-06-19,6,Shipping Damage
4638,SO0030878,30878,HVA-0007,2021-11-02,3,Wrong Item
4639,SO0030887,30887,ELE-0014,2022-11-26,2,Customer Changed Mind
4640,SO0030900,30900,SAF-0016,2024-01-02,11,Defective
4641,SO0030903,30903,SAF-0004,2024-05-26,3,Defective
4642,SO0030918,30918,ELE-0023,2023-12-13,3,Damaged
4643,SO0030922,30922,FAS-0015,2021-02-23,13,Customer Changed Mind
4644,SO0030932,30932,FAS-0009,2021-07-20,1,Wrong Item
4645,SO0030940,30940,FAS-0008,2025-01-21,5,Defective
4646,SO0030944,30944,PWR-0004,2024-04-26,15,Wrong Item
4647,SO0030946,30946,SAF-0017,2021-03-24,14,Defective
4648,SO0030955,30955,SAF-0013,2023-07-22,3,Shipping Damage
4649,SO0030959,30959,ELE-0010,2024-05-02,5,Defective
4650,SO0030966,30966,ELE-0004,2021-01-29,15,Damaged
4651,SO0030979,30979,SAF-0014,2022-02-10,5,Defective
4652,SO0030984,30984,SAF-0008,2024-09-13,2,Defective
4653,SO0030991,30991,ELE-0010,2022-03-20,1,Defective
4654,SO0031004,31004,HVA-0024,2022-12-30,3,Shipping Damage
4655,SO0031017,31017,SAF-0017,2023-04-01,7,Wrong Item
4656,SO0031025,31025,HVA-0021,2021-09-03,7,Shipping Damage
4657,SO0031025,31025,SAF-0014,2021-09-13,3,Wrong Item
4658,SO0031034,31034,SAF-0005,2021-06-17,1,Damaged
4659,SO0031036,31036,HVA-0007,2025-11-19,15,Defective
4660,SO0031038,31038,SAF-0010,2024-05-22,3,Shipping Damage
4661,SO0031049,31049,ELE-0007,2021-09-11,1,Defective
4662,SO0031066,31066,HVA-0001,2025-09-09,4,Damaged
4663,SO0031078,31078,SAF-0013,2021-06-28,7,Defective
4664,SO0031083,31083,ELE-0010,2024-11-09,2,Wrong Item
4665,SO0031085,31085,PWR-0007,2021-11-24,8,Defective
4666,SO0031087,31087,PWR-0012,2022-12-26,4,Wrong Item
4667,SO0031104,31104,ELE-0020,2021-11-09,4,Defective
4668,SO0031109,31109,ELE-0020,2025-04-15,9,Customer Changed Mind
4669,SO0031118,31118,HVA-0023,2025-07-24,1,Shipping Damage
4670,SO0031119,31119,SAF-0010,2022-12-05,8,Customer Changed Mind
4671,SO0031120,31120,SAF-0007,2024-01-03,6,Shipping Damage
4672,SO0031121,31121,ELE-0022,2025-05-17,15,Defective
4673,SO0031121,31121,HVA-0023,2025-05-24,5,Damaged
4674,SO0031129,31129,SAF-0014,2025-08-05,17,Customer Changed Mind
4675,SO0031131,31131,ELE-0021,2022-10-15,1,Wrong Item
4676,SO0031132,31132,HVA-0025,2024-05-10,12,Defective
4677,SO0031171,31171,PWR-0012,2023-06-29,10,Customer Changed Mind
4678,SO0031185,31185,SAF-0003,2025-06-14,14,Shipping Damage
4679,SO0031185,31185,HVA-0020,2025-06-15,1,Defective
4680,SO0031193,31193,FAS-0002,2022-01-18,14,Shipping Damage
4681,SO0031194,31194,ELE-0022,2022-07-31,14,Defective
4682,SO0031209,31209,ELE-0015,2024-04-01,5,Customer Changed Mind
4683,SO0031221,31221,FAS-0010,2025-03-21,1,Damaged
4684,SO0031231,31231,HVA-0018,2022-09-06,2,Damaged
4685,SO0031241,31241,SAF-0005,2021-11-19,4,Shipping Damage
4686,SO0031257,31257,SAF-0017,2021-03-03,2,Shipping Damage
4687,SO0031261,31261,SAF-0005,2024-01-08,3,Shipping Damage
4688,SO0031262,31262,PWR-0009,2023-09-28,2,Shipping Damage
4689,SO0031276,31276,ELE-0015,2023-09-09,5,Customer Changed Mind
4690,SO0031278,31278,ELE-0001,2024-06-08,5,Shipping Damage
4691,SO0031297,31297,FAS-0001,2022-03-04,8,Customer Changed Mind
4692,SO0031301,31301,HVA-0008,2021-10-16,14,Wrong Item
4693,SO0031302,31302,SAF-0013,2023-09-19,10,Shipping Damage
4694,SO0031302,31302,FAS-0016,2023-09-23,7,Wrong Item
4695,SO0031303,31303,SAF-0011,2021-02-25,9,Shipping Damage
4696,SO0031305,31305,HVA-0001,2024-07-08,2,Damaged
4697,SO0031316,31316,PWR-0009,2022-01-08,9,Damaged
4698,SO0031322,31322,SAF-0006,2024-05-25,6,Wrong Item
4699,SO0031326,31326,HVA-0022,2025-02-19,18,Damaged
4700,SO0031330,31330,SAF-0014,2025-06-07,4,Wrong Item
4701,SO0031333,31333,FAS-0009,2023-08-07,4,Shipping Damage
4702,SO0031343,31343,HVA-0028,2021-06-08,4,Wrong Item
4703,SO0031346,31346,HVA-0005,2023-10-20,10,Wrong Item
4704,SO0031347,31347,HVA-0008,2025-09-18,5,Customer Changed Mind
4705,SO0031350,31350,HVA-0009,2022-07-18,9,Shipping Damage
4706,SO0031350,31350,HVA-0007,2022-08-04,3,Shipping Damage
4707,SO0031370,31370,HVA-0005,2021-07-30,2,Wrong Item
4708,SO0031370,31370,ELE-0014,2021-08-06,17,Damaged
4709,SO0031372,31372,HVA-0022,2025-05-06,7,Damaged
4710,SO0031380,31380,ELE-0002,2025-07-02,1,Wrong Item
4711,SO0031381,31381,ELE-0008,2021-06-08,1,Wrong Item
4712,SO0031385,31385,ELE-0003,2022-09-11,1,Defective
4713,SO0031387,31387,PWR-0011,2022-01-02,9,Shipping Damage
4714,SO0031400,31400,HVA-0002,2025-11-11,10,Customer Changed Mind
4715,SO0031406,31406,FAS-0004,2025-04-13,6,Customer Changed Mind
4716,SO0031408,31408,HVA-0003,2023-03-12,6,Wrong Item
4717,SO0031410,31410,SAF-0009,2023-06-03,1,Damaged
4718,SO0031419,31419,HVA-0027,2022-06-28,6,Customer Changed Mind
4719,SO0031424,31424,HVA-0027,2021-03-05,1,Damaged
4720,SO0031437,31437,ELE-0006,2023-01-05,14,Damaged
4721,SO0031440,31440,PWR-0013,2021-03-13,12,Defective
4722,SO0031453,31453,SAF-0012,2025-10-19,7,Defective
4723,SO0031471,31471,FAS-0007,2024-02-19,11,Wrong Item
4724,SO0031472,31472,ELE-0020,2022-04-27,2,Wrong Item
4725,SO0031476,31476,FAS-0012,2022-06-10,1,Damaged
4726,SO0031482,31482,HVA-0015,2021-04-03,4,Damaged
4727,SO0031484,31484,HVA-0007,2024-10-18,3,Damaged
4728,SO0031489,31489,FAS-0008,2021-04-01,5,Shipping Damage
4729,SO0031501,31501,FAS-0010,2023-10-25,11,Damaged
4730,SO0031511,31511,PWR-0006,2024-11-23,5,Damaged
4731,SO0031527,31527,HVA-0017,2022-02-27,4,Customer Changed Mind
4732,SO0031531,31531,ELE-0005,2022-07-22,8,Wrong Item
4733,SO0031539,31539,SAF-0003,2025-10-24,2,Customer Changed Mind
4734,SO0031545,31545,HVA-0009,2023-07-28,1,Defective
4735,SO0031546,31546,SAF-0005,2022-01-12,8,Wrong Item
4736,SO0031546,31546,HVA-0015,2022-02-05,1,Damaged
4737,SO0031546,31546,ELE-0015,2022-01-17,3,Customer Changed Mind
4738,SO0031546,31546,HVA-0006,2022-01-26,9,Shipping Damage
4739,SO0031557,31557,SAF-0002,2023-03-25,3,Customer Changed Mind
4740,SO0031561,31561,HVA-0009,2021-08-03,3,Shipping Damage
4741,SO0031566,31566,ELE-0016,2025-04-25,2,Shipping Damage
4742,SO0031572,31572,HVA-0023,2023-02-03,10,Customer Changed Mind
4743,SO0031576,31576,HVA-0007,2021-09-03,5,Defective
4744,SO0031586,31586,ELE-0010,2023-10-29,1,Customer Changed Mind
4745,SO0031594,31594,SAF-0005,2025-02-01,13,Customer Changed Mind
4746,SO0031597,31597,PWR-0009,2023-09-11,9,Wrong Item
4747,SO0031603,31603,FAS-0002,2024-09-12,5,Defective
4748,SO0031618,31618,FAS-0018,2022-07-07,1,Customer Changed Mind
4749,SO0031620,31620,ELE-0003,2022-12-04,7,Shipping Damage
4750,SO0031622,31622,SAF-0007,2023-07-17,7,Customer Changed Mind
4751,SO0031628,31628,ELE-0012,2023-12-03,7,Defective
4752,SO0031628,31628,SAF-0013,2023-12-11,8,Customer Changed Mind
4753,SO0031638,31638,ELE-0017,2021-11-09,3,Shipping Damage
4754,SO0031639,31639,FAS-0017,2025-08-10,7,Damaged
4755,SO0031640,31640,SAF-0013,2023-08-14,2,Wrong Item
4756,SO0031642,31642,ELE-0007,2023-09-11,6,Wrong Item
4757,SO0031649,31649,FAS-0009,2022-04-30,1,Defective
4758,SO0031651,31651,HVA-0004,2021-09-20,12,Wrong Item
4759,SO0031676,31676,FAS-0013,2021-08-11,7,Defective
4760,SO0031694,31694,SAF-0002,2024-12-10,4,Customer Changed Mind
4761,SO0031695,31695,SAF-0011,2022-02-20,1,Shipping Damage
4762,SO0031696,31696,HVA-0017,2025-03-19,4,Defective
4763,SO0031700,31700,ELE-0005,2023-07-26,15,Shipping Damage
4764,SO0031706,31706,FAS-0008,2023-07-07,4,Shipping Damage
4765,SO0031709,31709,HVA-0024,2023-11-02,18,Wrong Item
4766,SO0031710,31710,HVA-0006,2023-02-20,7,Shipping Damage
4767,SO0031722,31722,SAF-0011,2022-01-06,8,Shipping Damage
4768,SO0031724,31724,HVA-0012,2024-12-26,2,Customer Changed Mind
4769,SO0031725,31725,FAS-0010,2023-03-11,2,Damaged
4770,SO0031726,31726,SAF-0013,2022-08-10,10,Damaged
4771,SO0031738,31738,SAF-0005,2024-12-07,4,Customer Changed Mind
4772,SO0031753,31753,HVA-0001,2022-01-04,9,Damaged
4773,SO0031754,31754,HVA-0012,2023-07-06,4,Wrong Item
4774,SO0031779,31779,PWR-0009,2023-04-17,6,Defective
4775,SO0031781,31781,FAS-0016,2022-05-28,1,Defective
4776,SO0031781,31781,FAS-0012,2022-06-10,8,Shipping Damage
4777,SO0031783,31783,ELE-0023,2024-10-04,8,Damaged
4778,SO0031806,31806,SAF-0015,2024-09-25,8,Wrong Item
4779,SO0031808,31808,SAF-0012,2023-02-28,1,Defective
4780,SO0031811,31811,SAF-0006,2024-04-11,18,Shipping Damage
4781,SO0031817,31817,SAF-0015,2025-11-24,4,Defective
4782,SO0031819,31819,FAS-0015,2023-08-11,2,Customer Changed Mind
4783,SO0031826,31826,HVA-0021,2025-09-26,4,Shipping Damage
4784,SO0031828,31828,FAS-0015,2024-02-17,8,Shipping Damage
4785,SO0031833,31833,HVA-0022,2021-06-17,13,Wrong Item
4786,SO0031840,31840,FAS-0013,2026-01-14,14,Shipping Damage
4787,SO0031846,31846,FAS-0004,2022-06-10,3,Wrong Item
4788,SO0031875,31875,SAF-0005,2021-10-04,6,Shipping Damage
4789,SO0031881,31881,ELE-0022,2022-11-29,4,Customer Changed Mind
4790,SO0031887,31887,HVA-0005,2025-05-28,7,Customer Changed Mind
4791,SO0031888,31888,FAS-0008,2022-06-25,14,Customer Changed Mind
4792,SO0031888,31888,SAF-0012,2022-06-07,8,Shipping Damage
4793,SO0031894,31894,ELE-0006,2024-05-20,2,Customer Changed Mind
4794,SO0031898,31898,SAF-0014,2022-05-25,14,Shipping Damage
4795,SO0031911,31911,FAS-0002,2025-08-21,4,Customer Changed Mind
4796,SO0031913,31913,ELE-0020,2024-03-16,2,Defective
4797,SO0031916,31916,PWR-0012,2021-02-22,1,Defective
4798,SO0031928,31928,HVA-0020,2024-01-09,1,Shipping Damage
4799,SO0031933,31933,HVA-0011,2021-11-25,6,Damaged
4800,SO0031934,31934,PWR-0010,2024-04-05,8,Damaged
4801,SO0031943,31943,HVA-0001,2024-05-16,1,Wrong Item
4802,SO0031953,31953,HVA-0020,2022-08-05,8,Damaged
4803,SO0031954,31954,HVA-0026,2024-09-10,3,Customer Changed Mind
4804,SO0031957,31957,HVA-0021,2023-12-18,4,Damaged
4805,SO0031962,31962,PWR-0005,2024-08-04,3,Customer Changed Mind
4806,SO0031987,31987,FAS-0010,2021-09-29,1,Shipping Damage
4807,SO0031992,31992,PWR-0009,2024-02-07,2,Customer Changed Mind
4808,SO0031993,31993,FAS-0011,2023-02-05,9,Defective
4809,SO0031997,31997,HVA-0002,2024-03-07,10,Damaged
4810,SO0031999,31999,HVA-0005,2024-12-14,16,Wrong Item
4811,SO0032013,32013,SAF-0017,2024-01-15,1,Shipping Damage
4812,SO0032014,32014,ELE-0018,2024-12-15,6,Customer Changed Mind
4813,SO0032025,32025,SAF-0014,2023-07-14,5,Damaged
4814,SO0032032,32032,HVA-0001,2021-05-31,1,Damaged
4815,SO0032061,32061,FAS-0009,2024-12-03,1,Defective
4816,SO0032089,32089,ELE-0016,2022-06-05,15,Damaged
4817,SO0032090,32090,HVA-0012,2024-09-09,9,Shipping Damage
4818,SO0032092,32092,HVA-0026,2025-06-09,2,Defective
4819,SO0032111,32111,SAF-0011,2024-07-23,2,Wrong Item
4820,SO0032115,32115,HVA-0014,2022-01-28,8,Wrong Item
4821,SO0032116,32116,HVA-0026,2024-06-17,1,Wrong Item
4822,SO0032120,32120,PWR-0010,2022-09-29,7,Shipping Damage
4823,SO0032128,32128,FAS-0016,2023-09-15,2,Customer Changed Mind
4824,SO0032132,32132,FAS-0011,2022-12-10,3,Wrong Item
4825,SO0032139,32139,FAS-0011,2022-09-13,1,Customer Changed Mind
4826,SO0032141,32141,PWR-0014,2021-03-13,2,Customer Changed Mind
4827,SO0032145,32145,FAS-0002,2021-09-12,5,Wrong Item
4828,SO0032153,32153,HVA-0008,2025-08-13,13,Wrong Item
4829,SO0032154,32154,PWR-0010,2023-11-30,1,Customer Changed Mind
4830,SO0032169,32169,SAF-0007,2021-05-09,6,Wrong Item
4831,SO0032171,32171,ELE-0007,2021-08-29,7,Defective
4832,SO0032185,32185,PWR-0006,2021-08-31,1,Damaged
4833,SO0032189,32189,FAS-0004,2023-08-22,5,Defective
4834,SO0032208,32208,PWR-0012,2025-08-29,4,Shipping Damage
4835,SO0032208,32208,HVA-0022,2025-08-30,6,Wrong Item
4836,SO0032219,32219,ELE-0006,2021-03-05,2,Damaged
4837,SO0032228,32228,ELE-0011,2023-11-19,3,Shipping Damage
4838,SO0032239,32239,HVA-0002,2021-02-01,5,Shipping Damage
4839,SO0032246,32246,FAS-0012,2025-10-30,3,Defective
4840,SO0032255,32255,FAS-0016,2021-03-25,1,Customer Changed Mind
4841,SO0032256,32256,ELE-0013,2022-12-13,2,Wrong Item
4842,SO0032259,32259,ELE-0022,2026-01-02,3,Defective
4843,SO0032261,32261,ELE-0023,2021-07-07,7,Wrong Item
4844,SO0032267,32267,ELE-0009,2023-02-03,3,Shipping Damage
4845,SO0032280,32280,HVA-0005,2021-02-12,15,Customer Changed Mind
4846,SO0032283,32283,HVA-0013,2024-04-17,4,Damaged
4847,SO0032308,32308,FAS-0016,2021-07-14,1,Defective
4848,SO0032312,32312,SAF-0016,2024-08-24,1,Defective
4849,SO0032313,32313,HVA-0001,2021-03-14,1,Damaged
4850,SO0032319,32319,FAS-0017,2022-05-20,4,Shipping Damage
4851,SO0032328,32328,ELE-0003,2021-10-31,1,Customer Changed Mind
4852,SO0032341,32341,PWR-0007,2021-03-24,2,Defective
4853,SO0032345,32345,SAF-0004,2021-09-01,2,Wrong Item
4854,SO0032347,32347,HVA-0022,2025-08-14,3,Customer Changed Mind
4855,SO0032352,32352,SAF-0002,2021-10-05,1,Customer Changed Mind
4856,SO0032358,32358,PWR-0005,2025-01-19,1,Wrong Item
4857,SO0032374,32374,SAF-0011,2022-12-10,14,Customer Changed Mind
4858,SO0032375,32375,SAF-0006,2026-01-22,9,Customer Changed Mind
4859,SO0032377,32377,ELE-0016,2025-05-20,1,Defective
4860,SO0032386,32386,HVA-0020,2022-12-05,6,Defective
4861,SO0032393,32393,ELE-0023,2025-04-07,4,Damaged
4862,SO0032395,32395,HVA-0021,2024-04-09,18,Customer Changed Mind
4863,SO0032399,32399,FAS-0012,2023-10-22,7,Defective
4864,SO0032409,32409,SAF-0008,2025-01-01,4,Damaged
4865,SO0032421,32421,ELE-0012,2025-08-26,8,Damaged
4866,SO0032423,32423,SAF-0004,2025-12-19,4,Defective
4867,SO0032423,32423,PWR-0003,2025-12-25,3,Shipping Damage
4868,SO0032430,32430,FAS-0002,2024-06-22,1,Wrong Item
4869,SO0032443,32443,HVA-0007,2025-03-20,5,Damaged
4870,SO0032460,32460,HVA-0023,2022-11-07,11,Wrong Item
4871,SO0032461,32461,ELE-0011,2022-11-08,7,Damaged
4872,SO0032465,32465,FAS-0015,2021-12-27,6,Damaged
4873,SO0032468,32468,FAS-0004,2021-07-10,4,Shipping Damage
4874,SO0032482,32482,HVA-0004,2022-11-27,1,Damaged
4875,SO0032508,32508,HVA-0015,2025-11-26,2,Damaged
4876,SO0032519,32519,PWR-0001,2022-06-20,6,Damaged
4877,SO0032542,32542,FAS-0001,2024-10-02,4,Wrong Item
4878,SO0032553,32553,FAS-0002,2024-06-23,2,Wrong Item
4879,SO0032553,32553,FAS-0001,2024-07-13,11,Shipping Damage
4880,SO0032562,32562,ELE-0008,2023-11-30,4,Damaged
4881,SO0032571,32571,HVA-0028,2025-12-22,7,Defective
4882,SO0032575,32575,HVA-0004,2023-08-26,5,Shipping Damage
4883,SO0032587,32587,ELE-0006,2025-05-17,6,Shipping Damage
4884,SO0032591,32591,HVA-0021,2024-11-20,11,Defective
4885,SO0032597,32597,ELE-0012,2025-07-30,2,Customer Changed Mind
4886,SO0032614,32614,HVA-0025,2022-09-08,15,Defective
4887,SO0032616,32616,HVA-0003,2023-05-01,9,Defective
4888,SO0032629,32629,ELE-0001,2022-09-07,1,Damaged
4889,SO0032643,32643,PWR-0012,2022-12-17,6,Damaged
4890,SO0032646,32646,FAS-0008,2023-12-29,1,Defective
4891,SO0032646,32646,ELE-0023,2023-12-13,13,Damaged
4892,SO0032658,32658,PWR-0002,2021-03-13,6,Customer Changed Mind
4893,SO0032659,32659,HVA-0022,2022-03-31,1,Defective
4894,SO0032659,32659,ELE-0015,2022-04-11,4,Wrong Item
4895,SO0032662,32662,HVA-0012,2023-09-29,15,Damaged
4896,SO0032676,32676,HVA-0007,2021-04-07,3,Shipping Damage
4897,SO0032677,32677,HVA-0001,2024-10-08,8,Customer Changed Mind
4898,SO0032702,32702,ELE-0001,2025-05-20,1,Wrong Item
4899,SO0032703,32703,HVA-0026,2021-10-05,11,Shipping Damage
4900,SO0032707,32707,HVA-0007,2024-05-07,8,Damaged
4901,SO0032716,32716,FAS-0001,2025-06-10,4,Defective
4902,SO0032728,32728,ELE-0018,2022-02-21,6,Wrong Item
4903,SO0032730,32730,ELE-0005,2022-04-10,3,Customer Changed Mind
4904,SO0032734,32734,ELE-0012,2022-02-06,7,Damaged
4905,SO0032739,32739,SAF-0005,2022-07-21,1,Shipping Damage
4906,SO0032747,32747,ELE-0022,2024-07-30,9,Shipping Damage
4907,SO0032751,32751,HVA-0027,2025-04-16,11,Wrong Item
4908,SO0032754,32754,FAS-0010,2025-05-22,1,Shipping Damage
4909,SO0032762,32762,HVA-0006,2025-05-25,16,Customer Changed Mind
4910,SO0032764,32764,ELE-0010,2025-06-04,1,Shipping Damage
4911,SO0032771,32771,SAF-0005,2025-05-12,13,Customer Changed Mind
4912,SO0032781,32781,HVA-0018,2021-04-03,3,Defective
4913,SO0032783,32783,FAS-0013,2023-03-23,3,Defective
4914,SO0032786,32786,FAS-0011,2025-12-15,5,Wrong Item
4915,SO0032788,32788,HVA-0007,2025-09-26,1,Shipping Damage
4916,SO0032793,32793,ELE-0004,2021-10-10,2,Wrong Item
4917,SO0032798,32798,FAS-0001,2021-12-14,3,Customer Changed Mind
4918,SO0032799,32799,ELE-0021,2023-03-09,1,Shipping Damage
4919,SO0032817,32817,SAF-0001,2023-10-27,1,Shipping Damage
4920,SO0032827,32827,PWR-0014,2021-09-01,2,Customer Changed Mind
4921,SO0032831,32831,ELE-0023,2021-07-08,2,Customer Changed Mind
4922,SO0032838,32838,FAS-0014,2021-03-22,10,Wrong Item
4923,SO0032846,32846,HVA-0006,2021-06-17,10,Wrong Item
4924,SO0032846,32846,PWR-0004,2021-06-25,14,Damaged
4925,SO0032860,32860,SAF-0014,2025-08-27,14,Shipping Damage
4926,SO0032861,32861,SAF-0003,2023-04-19,2,Customer Changed Mind
4927,SO0032863,32863,HVA-0025,2024-06-06,9,Wrong Item
4928,SO0032864,32864,HVA-0021,2023-02-13,14,Wrong Item
4929,SO0032886,32886,FAS-0013,2023-07-12,5,Defective
4930,SO0032900,32900,HVA-0005,2023-10-16,7,Wrong Item
4931,SO0032910,32910,FAS-0008,2022-07-25,3,Defective
4932,SO0032917,32917,ELE-0011,2025-12-04,3,Customer Changed Mind
4933,SO0032922,32922,FAS-0009,2022-10-09,1,Shipping Damage
4934,SO0032944,32944,ELE-0001,2022-04-08,1,Wrong Item
4935,SO0032946,32946,PWR-0006,2025-02-05,5,Shipping Damage
4936,SO0032954,32954,PWR-0008,2021-03-14,4,Shipping Damage
4937,SO0032957,32957,SAF-0004,2024-08-29,5,Damaged
4938,SO0032963,32963,HVA-0013,2023-03-26,10,Customer Changed Mind
4939,SO0032979,32979,HVA-0022,2024-08-25,1,Shipping Damage
4940,SO0032985,32985,HVA-0002,2023-10-17,11,Defective
4941,SO0032994,32994,ELE-0008,2022-03-19,1,Customer Changed Mind
4942,SO0033001,33001,HVA-0018,2023-06-17,1,Damaged
4943,SO0033011,33011,SAF-0008,2023-02-22,12,Wrong Item
4944,SO0033013,33013,ELE-0013,2021-06-06,11,Wrong Item
4945,SO0033013,33013,HVA-0014,2021-05-29,5,Customer Changed Mind
4946,SO0033021,33021,ELE-0007,2022-04-18,3,Damaged
4947,SO0033026,33026,ELE-0001,2022-07-18,7,Defective
4948,SO0033028,33028,HVA-0022,2023-11-30,5,Damaged
4949,SO0033029,33029,ELE-0011,2025-09-07,1,Wrong Item
4950,SO0033036,33036,HVA-0017,2024-05-15,7,Wrong Item
4951,SO0033040,33040,ELE-0011,2024-12-03,3,Shipping Damage
4952,SO0033045,33045,SAF-0006,2024-10-11,9,Wrong Item
4953,SO0033049,33049,FAS-0011,2021-10-25,4,Customer Changed Mind
4954,SO0033050,33050,ELE-0010,2023-01-13,2,Defective
4955,SO0033053,33053,ELE-0018,2021-10-14,10,Damaged
4956,SO0033056,33056,PWR-0009,2023-07-06,13,Defective
4957,SO0033059,33059,FAS-0017,2024-11-12,8,Defective
4958,SO0033060,33060,SAF-0005,2022-09-16,7,Defective
4959,SO0033070,33070,HVA-0017,2024-01-03,1,Defective
4960,SO0033073,33073,ELE-0001,2023-03-13,3,Wrong Item
4961,SO0033082,33082,FAS-0014,2025-09-15,5,Damaged
4962,SO0033084,33084,FAS-0017,2025-09-16,3,Defective
4963,SO0033097,33097,ELE-0012,2025-01-02,1,Defective
4964,SO0033129,33129,PWR-0001,2021-04-15,1,Wrong Item
4965,SO0033138,33138,FAS-0008,2021-04-26,1,Wrong Item
4966,SO0033140,33140,FAS-0007,2022-03-26,8,Defective
4967,SO0033141,33141,ELE-0011,2021-09-08,2,Wrong Item
4968,SO0033147,33147,FAS-0007,2023-08-26,1,Wrong Item
4969,SO0033148,33148,HVA-0008,2025-02-16,1,Shipping Damage
4970,SO0033166,33166,SAF-0003,2024-04-10,2,Defective
4971,SO0033173,33173,SAF-0009,2023-09-21,2,Damaged
4972,SO0033179,33179,ELE-0005,2025-01-29,2,Damaged
4973,SO0033185,33185,HVA-0018,2023-02-22,1,Defective
4974,SO0033185,33185,SAF-0001,2023-02-25,1,Customer Changed Mind
4975,SO0033198,33198,PWR-0009,2021-03-22,2,Shipping Damage
4976,SO0033210,33210,SAF-0004,2023-01-19,5,Damaged
4977,SO0033214,33214,FAS-0007,2021-12-17,7,Defective
4978,SO0033228,33228,SAF-0014,2021-05-04,13,Defective
4979,SO0033242,33242,HVA-0013,2024-11-24,6,Shipping Damage
4980,SO0033245,33245,FAS-0005,2023-05-31,6,Shipping Damage
4981,SO0033269,33269,SAF-0009,2025-06-12,2,Defective
4982,SO0033274,33274,SAF-0004,2023-02-18,11,Shipping Damage
4983,SO0033275,33275,PWR-0011,2023-09-20,5,Defective
4984,SO0033295,33295,FAS-0015,2024-12-26,7,Damaged
4985,SO0033317,33317,SAF-0003,2021-05-23,6,Customer Changed Mind
4986,SO0033319,33319,PWR-0004,2023-11-04,9,Wrong Item
4987,SO0033320,33320,ELE-0022,2021-10-27,1,Damaged
4988,SO0033332,33332,ELE-0020,2022-07-07,8,Wrong Item
4989,SO0033334,33334,SAF-0008,2022-10-21,8,Shipping Damage
4990,SO0033353,33353,HVA-0012,2024-07-11,2,Customer Changed Mind
4991,SO0033362,33362,SAF-0002,2024-04-01,9,Defective
4992,SO0033371,33371,HVA-0003,2024-03-30,5,Shipping Damage
4993,SO0033387,33387,PWR-0005,2023-08-04,11,Damaged
4994,SO0033390,33390,HVA-0020,2023-01-12,9,Wrong Item
4995,SO0033392,33392,FAS-0002,2025-11-09,16,Wrong Item
4996,SO0033401,33401,HVA-0015,2023-03-19,8,Customer Changed Mind
4997,SO0033412,33412,FAS-0001,2025-11-05,9,Damaged
4998,SO0033412,33412,HVA-0012,2025-10-31,8,Defective
4999,SO0033415,33415,HVA-0027,2022-11-09,3,Customer Changed Mind
5000,SO0033432,33432,ELE-0016,2023-08-25,5,Customer Changed Mind
5001,SO0033451,33451,ELE-0013,2021-12-16,4,Damaged
5002,SO0033451,33451,HVA-0019,2021-12-18,5,Customer Changed Mind
5003,SO0033455,33455,PWR-0006,2023-01-23,4,Customer Changed Mind
5004,SO0033460,33460,SAF-0012,2021-12-03,3,Customer Changed Mind
5005,SO0033462,33462,FAS-0003,2023-07-06,4,Customer Changed Mind
5006,SO0033465,33465,FAS-0018,2023-07-15,9,Damaged
5007,SO0033474,33474,PWR-0006,2023-06-08,11,Shipping Damage
5008,SO0033478,33478,FAS-0002,2024-06-10,9,Defective
5009,SO0033480,33480,ELE-0006,2024-01-04,10,Damaged
5010,SO0033486,33486,ELE-0005,2021-01-31,3,Damaged
5011,SO0033488,33488,PWR-0002,2022-01-20,3,Shipping Damage
5012,SO0033493,33493,FAS-0018,2023-01-07,6,Damaged
5013,SO0033495,33495,HVA-0018,2023-04-10,3,Customer Changed Mind
5014,SO0033496,33496,SAF-0010,2024-09-05,9,Defective
5015,SO0033501,33501,ELE-0013,2021-03-16,2,Shipping Damage
5016,SO0033504,33504,PWR-0006,2023-02-23,2,Customer Changed Mind
5017,SO0033516,33516,ELE-0016,2024-11-29,5,Shipping Damage
5018,SO0033538,33538,ELE-0015,2022-06-01,1,Shipping Damage
5019,SO0033551,33551,PWR-0014,2021-04-18,8,Wrong Item
5020,SO0033551,33551,ELE-0010,2021-04-19,2,Damaged
5021,SO0033554,33554,ELE-0011,2025-08-20,2,Damaged
5022,SO0033558,33558,HVA-0005,2023-08-06,1,Customer Changed Mind
5023,SO0033560,33560,PWR-0007,2022-12-10,1,Wrong Item
5024,SO0033561,33561,PWR-0004,2021-02-23,15,Wrong Item
5025,SO0033589,33589,HVA-0013,2025-10-29,2,Defective
5026,SO0033596,33596,SAF-0003,2024-03-11,5,Customer Changed Mind
5027,SO0033629,33629,SAF-0012,2021-03-09,5,Shipping Damage
5028,SO0033645,33645,HVA-0002,2022-01-30,1,Defective
5029,SO0033666,33666,SAF-0004,2025-02-10,5,Wrong Item
5030,SO0033669,33669,PWR-0013,2023-09-18,2,Damaged
5031,SO0033669,33669,FAS-0010,2023-09-19,1,Damaged
5032,SO0033674,33674,HVA-0006,2024-06-15,4,Customer Changed Mind
5033,SO0033683,33683,HVA-0009,2024-07-06,4,Damaged
5034,SO0033684,33684,HVA-0004,2023-09-26,2,Damaged
5035,SO0033689,33689,PWR-0012,2023-12-31,9,Damaged
5036,SO0033690,33690,FAS-0004,2022-11-13,1,Shipping Damage
5037,SO0033691,33691,SAF-0001,2025-04-25,15,Customer Changed Mind
5038,SO0033693,33693,HVA-0027,2021-11-25,1,Wrong Item
5039,SO0033711,33711,ELE-0006,2025-11-16,6,Damaged
5040,SO0033717,33717,HVA-0028,2024-05-31,12,Damaged
5041,SO0033719,33719,ELE-0015,2024-07-12,6,Customer Changed Mind
5042,SO0033722,33722,FAS-0018,2022-04-10,8,Wrong Item
5043,SO0033727,33727,HVA-0014,2023-05-16,9,Shipping Damage
5044,SO0033731,33731,ELE-0022,2025-08-23,8,Damaged
5045,SO0033734,33734,ELE-0019,2024-09-19,11,Customer Changed Mind
5046,SO0033738,33738,FAS-0001,2025-01-04,5,Defective
5047,SO0033745,33745,SAF-0003,2021-02-10,6,Defective
5048,SO0033749,33749,HVA-0024,2024-07-28,1,Defective
5049,SO0033754,33754,ELE-0001,2023-03-05,10,Customer Changed Mind
5050,SO0033758,33758,ELE-0020,2022-09-13,1,Customer Changed Mind
5051,SO0033773,33773,HVA-0025,2025-10-04,1,Shipping Damage
5052,SO0033776,33776,ELE-0019,2022-12-25,3,Defective
5053,SO0033783,33783,ELE-0012,2026-01-16,6,Wrong Item
5054,SO0033792,33792,ELE-0009,2025-12-14,8,Wrong Item
5055,SO0033799,33799,ELE-0007,2023-07-05,6,Shipping Damage
5056,SO0033802,33802,HVA-0017,2021-10-21,2,Shipping Damage
5057,SO0033812,33812,HVA-0015,2021-04-06,16,Damaged
5058,SO0033823,33823,SAF-0002,2023-11-24,2,Wrong Item
5059,SO0033837,33837,ELE-0016,2023-03-30,9,Wrong Item
5060,SO0033844,33844,FAS-0003,2025-08-04,8,Defective
5061,SO0033850,33850,ELE-0004,2024-12-11,1,Customer Changed Mind
5062,SO0033852,33852,FAS-0016,2023-10-11,5,Customer Changed Mind
5063,SO0033854,33854,FAS-0003,2021-10-07,3,Customer Changed Mind
5064,SO0033867,33867,HVA-0005,2022-05-29,1,Shipping Damage
5065,SO0033884,33884,HVA-0016,2023-09-05,6,Wrong Item
5066,SO0033885,33885,ELE-0023,2025-08-16,2,Wrong Item
5067,SO0033887,33887,ELE-0018,2022-10-18,8,Defective
5068,SO0033916,33916,PWR-0013,2025-04-03,5,Defective
5069,SO0033917,33917,ELE-0015,2024-02-15,2,Wrong Item
5070,SO0033919,33919,ELE-0001,2022-07-24,4,Shipping Damage
5071,SO0033921,33921,SAF-0015,2022-11-27,1,Customer Changed Mind
5072,SO0033936,33936,ELE-0013,2021-03-23,6,Wrong Item
5073,SO0033945,33945,FAS-0009,2023-08-28,7,Customer Changed Mind
5074,SO0033951,33951,FAS-0002,2025-04-12,13,Wrong Item
5075,SO0033959,33959,PWR-0001,2024-12-13,3,Defective
5076,SO0033968,33968,PWR-0011,2023-05-01,10,Defective
5077,SO0033970,33970,SAF-0015,2023-05-12,3,Shipping Damage
5078,SO0033975,33975,HVA-0007,2026-01-14,1,Customer Changed Mind
5079,SO0033985,33985,SAF-0014,2025-03-28,5,Defective
5080,SO0033995,33995,ELE-0001,2022-01-08,1,Customer Changed Mind
5081,SO0034001,34001,SAF-0004,2025-05-14,8,Shipping Damage
5082,SO0034003,34003,HVA-0002,2024-02-06,4,Wrong Item
5083,SO0034008,34008,ELE-0015,2025-09-29,2,Damaged
5084,SO0034022,34022,HVA-0026,2021-11-25,5,Shipping Damage
5085,SO0034028,34028,SAF-0005,2023-07-14,4,Shipping Damage
5086,SO0034049,34049,PWR-0009,2022-11-10,3,Defective
5087,SO0034052,34052,SAF-0003,2021-06-02,13,Wrong Item
5088,SO0034061,34061,FAS-0012,2024-08-26,8,Damaged
5089,SO0034067,34067,HVA-0012,2024-04-12,2,Customer Changed Mind
5090,SO0034070,34070,PWR-0006,2023-07-19,1,Wrong Item
5091,SO0034072,34072,ELE-0011,2023-09-29,3,Defective
5092,SO0034083,34083,SAF-0014,2024-08-12,1,Shipping Damage
5093,SO0034083,34083,FAS-0002,2024-08-12,9,Damaged
5094,SO0034083,34083,HVA-0017,2024-08-16,11,Customer Changed Mind
5095,SO0034090,34090,ELE-0007,2022-08-05,5,Defective
5096,SO0034096,34096,HVA-0021,2025-03-13,8,Defective
5097,SO0034106,34106,ELE-0012,2021-05-16,12,Customer Changed Mind
5098,SO0034125,34125,ELE-0023,2021-11-11,1,Customer Changed Mind
5099,SO0034140,34140,SAF-0016,2022-07-13,8,Shipping Damage
5100,SO0034142,34142,PWR-0010,2025-11-19,3,Customer Changed Mind
5101,SO0034143,34143,SAF-0013,2022-02-10,4,Defective
5102,SO0034165,34165,SAF-0012,2021-08-13,1,Damaged
5103,SO0034172,34172,PWR-0006,2022-04-12,4,Customer Changed Mind
5104,SO0034173,34173,PWR-0006,2025-03-15,2,Damaged
5105,SO0034184,34184,PWR-0012,2021-09-23,2,Defective
5106,SO0034185,34185,ELE-0011,2024-06-29,2,Customer Changed Mind
5107,SO0034186,34186,ELE-0020,2024-01-02,9,Defective
5108,SO0034190,34190,ELE-0017,2022-10-13,4,Wrong Item
5109,SO0034191,34191,ELE-0013,2021-06-02,8,Shipping Damage
5110,SO0034193,34193,HVA-0010,2025-09-02,6,Wrong Item
5111,SO0034198,34198,HVA-0017,2025-12-31,12,Defective
5112,SO0034202,34202,ELE-0018,2024-10-02,2,Defective
5113,SO0034204,34204,HVA-0001,2023-08-02,8,Damaged
5114,SO0034206,34206,ELE-0019,2022-09-12,1,Wrong Item
5115,SO0034208,34208,HVA-0020,2023-07-30,2,Damaged
5116,SO0034234,34234,FAS-0004,2024-06-09,4,Defective
5117,SO0034261,34261,PWR-0010,2023-09-26,15,Wrong Item
5118,SO0034261,34261,FAS-0001,2023-09-25,6,Defective
5119,SO0034267,34267,FAS-0008,2025-09-20,2,Defective
5120,SO0034267,34267,HVA-0018,2025-09-29,11,Damaged
5121,SO0034269,34269,PWR-0003,2021-08-12,11,Wrong Item
5122,SO0034288,34288,ELE-0005,2023-10-18,3,Wrong Item
5123,SO0034289,34289,ELE-0012,2022-04-17,19,Customer Changed Mind
5124,SO0034290,34290,HVA-0014,2022-03-30,7,Customer Changed Mind
5125,SO0034290,34290,HVA-0023,2022-04-07,2,Defective
5126,SO0034299,34299,SAF-0010,2023-02-16,8,Wrong Item
5127,SO0034304,34304,FAS-0008,2021-10-06,8,Wrong Item
5128,SO0034313,34313,SAF-0011,2022-09-28,3,Shipping Damage
5129,SO0034315,34315,FAS-0011,2024-04-22,12,Wrong Item
5130,SO0034324,34324,SAF-0011,2025-02-06,6,Damaged
5131,SO0034329,34329,ELE-0012,2023-04-17,8,Damaged
5132,SO0034332,34332,ELE-0012,2025-06-10,8,Customer Changed Mind
5133,SO0034342,34342,SAF-0003,2022-11-12,1,Customer Changed Mind
5134,SO0034350,34350,PWR-0002,2025-09-06,5,Damaged
5135,SO0034352,34352,FAS-0007,2025-05-08,7,Defective
5136,SO0034352,34352,PWR-0010,2025-05-12,2,Customer Changed Mind
5137,SO0034364,34364,ELE-0013,2024-12-04,2,Wrong Item
5138,SO0034381,34381,FAS-0016,2023-06-30,4,Damaged
5139,SO0034393,34393,ELE-0010,2025-10-28,1,Defective
5140,SO0034395,34395,ELE-0022,2026-01-02,15,Customer Changed Mind
5141,SO0034400,34400,HVA-0012,2023-04-12,1,Defective
5142,SO0034420,34420,FAS-0006,2024-12-30,11,Wrong Item
5143,SO0034423,34423,PWR-0004,2021-03-22,8,Wrong Item
5144,SO0034436,34436,SAF-0017,2022-11-12,1,Wrong Item
5145,SO0034440,34440,HVA-0020,2025-11-12,3,Shipping Damage
5146,SO0034449,34449,HVA-0021,2022-08-24,16,Shipping Damage
5147,SO0034459,34459,HVA-0003,2023-01-25,10,Damaged
5148,SO0034466,34466,PWR-0008,2021-03-10,2,Damaged
5149,SO0034473,34473,ELE-0011,2022-08-27,1,Damaged
5150,SO0034477,34477,PWR-0006,2024-12-10,2,Wrong Item
5151,SO0034478,34478,ELE-0001,2022-08-19,8,Wrong Item
5152,SO0034485,34485,SAF-0005,2022-03-08,1,Defective
5153,SO0034500,34500,SAF-0003,2023-04-26,3,Damaged
5154,SO0034508,34508,ELE-0006,2021-08-17,4,Defective
5155,SO0034531,34531,ELE-0017,2022-06-24,2,Wrong Item
5156,SO0034538,34538,PWR-0014,2025-09-27,2,Customer Changed Mind
5157,SO0034538,34538,FAS-0016,2025-09-16,1,Wrong Item
5158,SO0034543,34543,HVA-0015,2025-08-30,6,Damaged
5159,SO0034547,34547,PWR-0008,2025-02-18,1,Customer Changed Mind
5160,SO0034552,34552,HVA-0014,2023-12-26,17,Damaged
5161,SO0034553,34553,FAS-0011,2021-11-20,12,Defective
5162,SO0034554,34554,HVA-0012,2021-05-03,5,Shipping Damage
5163,SO0034567,34567,PWR-0006,2024-09-01,1,Wrong Item
5164,SO0034571,34571,HVA-0007,2023-02-07,3,Shipping Damage
5165,SO0034572,34572,PWR-0010,2024-04-30,8,Defective
5166,SO0034578,34578,HVA-0026,2021-09-06,1,Defective
5167,SO0034592,34592,SAF-0015,2025-05-24,2,Wrong Item
5168,SO0034594,34594,ELE-0019,2025-08-03,4,Customer Changed Mind
5169,SO0034595,34595,HVA-0002,2021-05-06,8,Customer Changed Mind
5170,SO0034600,34600,PWR-0011,2023-12-25,5,Customer Changed Mind
5171,SO0034601,34601,HVA-0007,2023-09-15,3,Defective
5172,SO0034608,34608,FAS-0002,2023-08-28,4,Shipping Damage
5173,SO0034628,34628,FAS-0012,2022-02-21,3,Damaged
5174,SO0034632,34632,ELE-0018,2022-01-20,7,Wrong Item
5175,SO0034636,34636,FAS-0017,2022-12-07,3,Shipping Damage
5176,SO0034654,34654,ELE-0010,2022-04-04,4,Customer Changed Mind
5177,SO0034656,34656,FAS-0007,2022-05-21,13,Damaged
5178,SO0034656,34656,HVA-0024,2022-06-01,14,Customer Changed Mind
5179,SO0034659,34659,SAF-0017,2022-07-21,6,Customer Changed Mind
5180,SO0034667,34667,HVA-0005,2025-06-22,12,Customer Changed Mind
5181,SO0034670,34670,HVA-0004,2022-01-13,2,Shipping Damage
5182,SO0034681,34681,SAF-0017,2021-01-21,3,Damaged
5183,SO0034689,34689,HVA-0012,2024-05-06,11,Shipping Damage
5184,SO0034690,34690,ELE-0004,2022-10-26,3,Customer Changed Mind
5185,SO0034709,34709,SAF-0015,2021-04-24,7,Customer Changed Mind
5186,SO0034713,34713,ELE-0023,2025-02-08,16,Defective
5187,SO0034727,34727,HVA-0023,2022-06-29,3,Defective
5188,SO0034729,34729,ELE-0013,2024-12-13,1,Defective
5189,SO0034730,34730,HVA-0013,2025-09-16,2,Shipping Damage
5190,SO0034731,34731,SAF-0011,2024-12-22,5,Customer Changed Mind
5191,SO0034739,34739,PWR-0013,2025-08-10,7,Shipping Damage
5192,SO0034752,34752,PWR-0012,2025-12-27,9,Shipping Damage
5193,SO0034753,34753,PWR-0009,2023-11-04,1,Shipping Damage
5194,SO0034755,34755,SAF-0013,2021-12-31,2,Defective
5195,SO0034755,34755,PWR-0006,2021-12-31,10,Wrong Item
5196,SO0034766,34766,ELE-0012,2023-11-28,1,Wrong Item
5197,SO0034771,34771,HVA-0027,2025-12-08,1,Customer Changed Mind
5198,SO0034773,34773,FAS-0002,2023-07-15,9,Wrong Item
5199,SO0034776,34776,ELE-0002,2023-10-26,6,Damaged
5200,SO0034779,34779,SAF-0008,2022-04-15,10,Wrong Item
5201,SO0034799,34799,PWR-0001,2024-04-10,16,Defective
5202,SO0034802,34802,HVA-0004,2021-09-16,1,Wrong Item
5203,SO0034805,34805,SAF-0017,2025-02-24,4,Customer Changed Mind
5204,SO0034814,34814,FAS-0017,2024-12-13,1,Shipping Damage
5205,SO0034815,34815,ELE-0017,2022-04-28,10,Defective
5206,SO0034817,34817,FAS-0015,2021-12-27,1,Damaged
5207,SO0034817,34817,HVA-0004,2021-12-23,12,Wrong Item
5208,SO0034821,34821,HVA-0023,2026-01-02,1,Defective
5209,SO0034825,34825,HVA-0020,2024-06-29,19,Wrong Item
5210,SO0034827,34827,HVA-0019,2025-01-09,19,Wrong Item
5211,SO0034830,34830,HVA-0027,2021-02-06,3,Shipping Damage
5212,SO0034836,34836,HVA-0023,2024-06-09,9,Wrong Item
5213,SO0034854,34854,FAS-0013,2023-08-20,8,Defective
5214,SO0034859,34859,ELE-0020,2022-05-30,14,Damaged
5215,SO0034861,34861,HVA-0011,2023-01-13,4,Wrong Item
5216,SO0034863,34863,SAF-0001,2025-02-28,1,Wrong Item
5217,SO0034866,34866,ELE-0010,2024-09-28,2,Shipping Damage
5218,SO0034878,34878,SAF-0002,2025-05-11,10,Wrong Item
5219,SO0034881,34881,ELE-0008,2023-02-25,1,Defective
5220,SO0034883,34883,SAF-0015,2025-01-02,7,Shipping Damage
5221,SO0034884,34884,FAS-0003,2024-12-09,2,Customer Changed Mind
5222,SO0034888,34888,PWR-0009,2021-12-01,17,Customer Changed Mind
5223,SO0034894,34894,PWR-0014,2024-04-15,1,Shipping Damage
5224,SO0034901,34901,HVA-0004,2024-05-01,7,Damaged
5225,SO0034903,34903,HVA-0004,2022-07-15,2,Defective
5226,SO0034932,34932,HVA-0028,2022-05-21,7,Defective
5227,SO0034941,34941,HVA-0020,2026-01-13,6,Defective
5228,SO0034941,34941,HVA-0004,2026-01-11,3,Wrong Item
5229,SO0034947,34947,SAF-0004,2023-05-09,4,Damaged
5230,SO0034952,34952,ELE-0011,2022-12-08,12,Wrong Item
5231,SO0034959,34959,SAF-0010,2022-03-23,1,Damaged
5232,SO0034970,34970,PWR-0003,2025-12-01,1,Defective
5233,SO0034972,34972,SAF-0008,2022-03-09,3,Shipping Damage
5234,SO0034974,34974,ELE-0013,2022-02-07,15,Shipping Damage
5235,SO0034980,34980,FAS-0014,2022-06-04,12,Defective
5236,SO0034985,34985,FAS-0001,2022-12-06,3,Damaged
5237,SO0034991,34991,PWR-0011,2025-06-29,6,Damaged
5238,SO0034996,34996,PWR-0002,2022-05-15,10,Shipping Damage
5239,SO0034999,34999,SAF-0005,2023-09-03,8,Shipping Damage
5240,SO0035004,35004,SAF-0011,2024-10-29,10,Damaged
5241,SO0035016,35016,HVA-0004,2025-09-18,3,Defective
5242,SO0035016,35016,FAS-0012,2025-09-27,2,Damaged
5243,SO0035030,35030,ELE-0006,2024-11-22,1,Damaged
5244,SO0035037,35037,SAF-0007,2024-11-24,3,Defective
5245,SO0035038,35038,HVA-0027,2022-11-17,1,Defective
5246,SO0035039,35039,SAF-0010,2022-09-14,5,Shipping Damage
5247,SO0035039,35039,HVA-0004,2022-09-10,6,Wrong Item
5248,SO0035044,35044,HVA-0007,2023-01-11,3,Defective
5249,SO0035044,35044,HVA-0018,2023-01-29,2,Customer Changed Mind
5250,SO0035047,35047,HVA-0010,2021-07-14,4,Shipping Damage
5251,SO0035056,35056,HVA-0026,2023-08-31,8,Wrong Item
5252,SO0035066,35066,ELE-0021,2024-06-21,1,Damaged
5253,SO0035070,35070,ELE-0005,2022-10-13,3,Defective
5254,SO0035072,35072,PWR-0008,2024-10-27,5,Shipping Damage
5255,SO0035085,35085,SAF-0013,2022-09-08,8,Customer Changed Mind
5256,SO0035099,35099,ELE-0004,2022-08-09,10,Customer Changed Mind
5257,SO0035099,35099,FAS-0015,2022-08-03,6,Shipping Damage
5258,SO0035105,35105,FAS-0012,2025-03-02,1,Damaged
5259,SO0035107,35107,HVA-0006,2025-09-26,5,Damaged
5260,SO0035111,35111,ELE-0010,2023-08-14,2,Wrong Item
5261,SO0035115,35115,FAS-0018,2025-07-01,11,Damaged
5262,SO0035128,35128,ELE-0012,2022-11-27,3,Customer Changed Mind
5263,SO0035128,35128,SAF-0011,2022-12-03,6,Shipping Damage
5264,SO0035155,35155,PWR-0012,2024-01-17,3,Customer Changed Mind
5265,SO0035155,35155,SAF-0004,2024-01-23,9,Customer Changed Mind
5266,SO0035161,35161,SAF-0005,2022-07-13,1,Defective
5267,SO0035208,35208,HVA-0026,2025-06-19,10,Shipping Damage
5268,SO0035215,35215,SAF-0014,2023-04-28,4,Wrong Item
5269,SO0035217,35217,HVA-0010,2023-09-13,1,Wrong Item
5270,SO0035219,35219,SAF-0017,2025-01-18,5,Customer Changed Mind
5271,SO0035221,35221,ELE-0023,2022-08-07,2,Defective
5272,SO0035266,35266,HVA-0009,2023-02-28,9,Shipping Damage
5273,SO0035269,35269,PWR-0011,2023-03-30,1,Damaged
5274,SO0035288,35288,SAF-0003,2021-11-10,1,Customer Changed Mind
5275,SO0035298,35298,SAF-0013,2021-05-09,1,Defective
5276,SO0035303,35303,FAS-0005,2025-04-09,1,Wrong Item
5277,SO0035304,35304,FAS-0015,2023-11-25,6,Damaged
5278,SO0035306,35306,FAS-0009,2023-09-04,7,Customer Changed Mind
5279,SO0035306,35306,SAF-0014,2023-09-16,1,Shipping Damage
5280,SO0035310,35310,HVA-0018,2025-07-14,10,Customer Changed Mind
5281,SO0035310,35310,FAS-0014,2025-07-09,8,Wrong Item
5282,SO0035311,35311,PWR-0004,2021-08-29,11,Defective
5283,SO0035329,35329,FAS-0016,2023-07-28,1,Damaged
5284,SO0035330,35330,FAS-0003,2023-11-01,4,Wrong Item
5285,SO0035332,35332,ELE-0013,2021-05-22,2,Customer Changed Mind
5286,SO0035340,35340,ELE-0013,2023-10-30,3,Shipping Damage
5287,SO0035341,35341,ELE-0018,2023-11-05,4,Shipping Damage
5288,SO0035344,35344,ELE-0016,2022-06-26,1,Wrong Item
5289,SO0035353,35353,ELE-0022,2024-09-28,6,Customer Changed Mind
5290,SO0035355,35355,ELE-0019,2022-04-12,4,Wrong Item
5291,SO0035365,35365,ELE-0022,2024-06-08,5,Defective
5292,SO0035367,35367,SAF-0016,2024-05-15,2,Wrong Item
5293,SO0035373,35373,FAS-0014,2022-07-02,1,Defective
5294,SO0035382,35382,SAF-0015,2025-08-06,6,Customer Changed Mind
5295,SO0035387,35387,FAS-0013,2024-01-29,5,Customer Changed Mind
5296,SO0035390,35390,ELE-0007,2026-01-07,2,Customer Changed Mind
5297,SO0035393,35393,HVA-0019,2026-01-01,17,Shipping Damage
5298,SO0035400,35400,ELE-0011,2023-02-20,12,Defective
5299,SO0035402,35402,ELE-0022,2024-07-03,11,Damaged
5300,SO0035403,35403,PWR-0007,2024-05-15,1,Damaged
5301,SO0035405,35405,ELE-0023,2024-11-10,6,Wrong Item
5302,SO0035412,35412,PWR-0002,2025-02-26,1,Customer Changed Mind
5303,SO0035417,35417,FAS-0003,2021-04-03,8,Customer Changed Mind
5304,SO0035418,35418,PWR-0001,2024-08-22,1,Defective
5305,SO0035420,35420,HVA-0016,2022-03-24,1,Defective
5306,SO0035421,35421,ELE-0008,2023-02-27,1,Shipping Damage
5307,SO0035421,35421,SAF-0011,2023-02-25,7,Customer Changed Mind
5308,SO0035447,35447,SAF-0010,2023-05-18,7,Damaged
5309,SO0035452,35452,FAS-0003,2023-12-25,12,Defective
5310,SO0035465,35465,PWR-0013,2024-02-18,9,Defective
5311,SO0035472,35472,ELE-0023,2021-10-19,14,Damaged
5312,SO0035481,35481,FAS-0017,2025-10-05,3,Customer Changed Mind
5313,SO0035481,35481,FAS-0006,2025-09-27,6,Shipping Damage
5314,SO0035482,35482,HVA-0001,2022-01-03,4,Damaged
5315,SO0035492,35492,FAS-0002,2024-06-12,11,Defective
5316,SO0035498,35498,PWR-0003,2024-05-14,7,Wrong Item
5317,SO0035515,35515,HVA-0021,2021-03-30,11,Wrong Item
5318,SO0035522,35522,PWR-0006,2023-07-30,1,Defective
5319,SO0035532,35532,ELE-0013,2023-07-11,10,Damaged
5320,SO0035546,35546,PWR-0003,2024-05-06,3,Wrong Item
5321,SO0035555,35555,SAF-0002,2022-05-11,5,Customer Changed Mind
5322,SO0035557,35557,ELE-0004,2024-11-06,2,Defective
5323,SO0035561,35561,ELE-0001,2022-10-14,2,Customer Changed Mind
5324,SO0035562,35562,SAF-0017,2024-10-03,2,Damaged
5325,SO0035569,35569,SAF-0003,2025-09-25,6,Customer Changed Mind
5326,SO0035573,35573,PWR-0004,2023-11-24,1,Damaged
5327,SO0035587,35587,HVA-0019,2024-12-07,2,Damaged
5328,SO0035589,35589,ELE-0013,2022-10-08,8,Wrong Item
5329,SO0035591,35591,SAF-0014,2022-02-28,3,Shipping Damage
5330,SO0035601,35601,PWR-0001,2025-09-29,2,Wrong Item
5331,SO0035604,35604,SAF-0014,2024-12-17,1,Damaged
5332,SO0035613,35613,ELE-0001,2022-05-26,10,Customer Changed Mind
5333,SO0035614,35614,HVA-0027,2025-08-16,7,Wrong Item
5334,SO0035619,35619,FAS-0001,2021-02-17,1,Damaged
5335,SO0035637,35637,SAF-0017,2025-08-02,19,Shipping Damage
5336,SO0035653,35653,FAS-0016,2021-07-18,5,Defective
5337,SO0035657,35657,HVA-0017,2024-05-27,3,Wrong Item
5338,SO0035663,35663,SAF-0005,2023-10-24,10,Shipping Damage
5339,SO0035698,35698,SAF-0013,2024-07-18,14,Shipping Damage
5340,SO0035702,35702,ELE-0006,2024-02-08,1,Customer Changed Mind
5341,SO0035708,35708,FAS-0014,2024-04-21,2,Wrong Item
5342,SO0035709,35709,FAS-0006,2024-10-28,6,Wrong Item
5343,SO0035713,35713,ELE-0018,2025-06-08,6,Damaged
5344,SO0035714,35714,HVA-0028,2024-01-22,3,Wrong Item
5345,SO0035721,35721,HVA-0022,2023-04-29,8,Defective
5346,SO0035729,35729,FAS-0011,2023-06-22,2,Shipping Damage
5347,SO0035730,35730,HVA-0015,2024-05-01,10,Wrong Item
5348,SO0035733,35733,FAS-0018,2024-05-16,5,Damaged
5349,SO0035739,35739,ELE-0015,2021-04-29,9,Shipping Damage
5350,SO0035746,35746,PWR-0012,2025-10-05,4,Shipping Damage
5351,SO0035747,35747,SAF-0015,2022-01-28,3,Shipping Damage
5352,SO0035748,35748,FAS-0001,2022-01-01,2,Customer Changed Mind
5353,SO0035750,35750,HVA-0021,2025-04-24,1,Customer Changed Mind
5354,SO0035754,35754,FAS-0015,2024-05-16,1,Wrong Item
5355,SO0035758,35758,ELE-0010,2025-01-08,5,Damaged
5356,SO0035771,35771,ELE-0019,2025-01-12,11,Defective
5357,SO0035780,35780,FAS-0007,2024-12-08,7,Customer Changed Mind
5358,SO0035786,35786,HVA-0002,2024-04-25,10,Defective
5359,SO0035788,35788,HVA-0014,2023-08-22,5,Damaged
5360,SO0035790,35790,HVA-0002,2023-09-15,11,Customer Changed Mind
5361,SO0035827,35827,HVA-0003,2022-05-20,6,Shipping Damage
5362,SO0035828,35828,FAS-0008,2025-12-27,4,Wrong Item
5363,SO0035849,35849,ELE-0002,2021-05-06,2,Damaged
5364,SO0035852,35852,PWR-0004,2022-01-06,8,Customer Changed Mind
5365,SO0035856,35856,ELE-0002,2025-08-13,7,Damaged
5366,SO0035863,35863,ELE-0014,2025-09-04,9,Shipping Damage
5367,SO0035865,35865,PWR-0008,2025-03-11,4,Defective
5368,SO0035872,35872,HVA-0008,2021-03-21,2,Shipping Damage
5369,SO0035875,35875,ELE-0017,2022-09-03,5,Wrong Item
5370,SO0035878,35878,HVA-0004,2025-03-22,16,Customer Changed Mind
5371,SO0035884,35884,HVA-0019,2021-02-13,3,Customer Changed Mind
5372,SO0035885,35885,ELE-0021,2022-06-12,3,Customer Changed Mind
5373,SO0035886,35886,HVA-0008,2022-07-08,1,Customer Changed Mind
5374,SO0035890,35890,HVA-0013,2022-07-19,1,Shipping Damage
5375,SO0035890,35890,SAF-0014,2022-07-07,6,Damaged
5376,SO0035890,35890,HVA-0001,2022-07-18,1,Damaged
5377,SO0035892,35892,FAS-0017,2022-04-19,1,Shipping Damage
5378,SO0035893,35893,PWR-0014,2025-02-07,3,Damaged
5379,SO0035897,35897,HVA-0021,2023-12-29,6,Wrong Item
5380,SO0035902,35902,HVA-0002,2025-11-24,4,Shipping Damage
5381,SO0035908,35908,ELE-0007,2025-11-29,14,Wrong Item
5382,SO0035910,35910,ELE-0003,2025-04-14,10,Shipping Damage
5383,SO0035915,35915,FAS-0001,2021-08-22,9,Damaged
5384,SO0035918,35918,SAF-0010,2022-01-24,5,Defective
5385,SO0035920,35920,SAF-0001,2021-07-29,6,Wrong Item
5386,SO0035921,35921,SAF-0012,2025-07-04,3,Customer Changed Mind
5387,SO0035923,35923,FAS-0012,2022-07-20,5,Customer Changed Mind
5388,SO0035926,35926,ELE-0015,2023-01-14,9,Customer Changed Mind
5389,SO0035929,35929,PWR-0010,2021-06-30,1,Customer Changed Mind
5390,SO0035931,35931,HVA-0012,2024-06-01,3,Defective
5391,SO0035935,35935,SAF-0001,2022-10-11,17,Defective
5392,SO0035941,35941,HVA-0012,2022-07-27,8,Shipping Damage
5393,SO0035952,35952,ELE-0019,2022-12-01,1,Damaged
5394,SO0035955,35955,PWR-0001,2024-03-25,7,Shipping Damage
5395,SO0035957,35957,SAF-0009,2025-07-12,8,Shipping Damage
5396,SO0035962,35962,FAS-0016,2025-08-20,7,Shipping Damage
5397,SO0035968,35968,HVA-0019,2021-12-28,3,Damaged
5398,SO0035969,35969,SAF-0017,2023-03-19,2,Customer Changed Mind
5399,SO0035974,35974,HVA-0011,2023-07-26,8,Customer Changed Mind
5400,SO0036002,36002,PWR-0013,2025-04-05,4,Defective
5401,SO0036011,36011,ELE-0019,2021-04-02,3,Damaged
5402,SO0036014,36014,SAF-0002,2022-01-11,2,Customer Changed Mind
5403,SO0036018,36018,PWR-0011,2025-07-05,5,Wrong Item
5404,SO0036019,36019,PWR-0007,2024-05-17,1,Damaged
5405,SO0036021,36021,HVA-0014,2023-06-16,6,Defective
5406,SO0036026,36026,HVA-0025,2024-03-21,6,Shipping Damage
5407,SO0036032,36032,ELE-0008,2024-10-12,9,Shipping Damage
5408,SO0036039,36039,PWR-0006,2021-03-17,5,Defective
5409,SO0036047,36047,SAF-0014,2021-06-05,1,Customer Changed Mind
5410,SO0036048,36048,HVA-0015,2023-08-19,8,Shipping Damage
5411,SO0036061,36061,PWR-0001,2022-12-02,9,Shipping Damage
5412,SO0036067,36067,HVA-0012,2024-04-17,11,Wrong Item
5413,SO0036069,36069,ELE-0004,2021-09-08,7,Shipping Damage
5414,SO0036072,36072,ELE-0005,2024-08-05,7,Shipping Damage
5415,SO0036072,36072,SAF-0011,2024-08-28,11,Damaged
5416,SO0036083,36083,SAF-0008,2021-04-18,9,Customer Changed Mind
5417,SO0036086,36086,HVA-0007,2021-04-17,4,Customer Changed Mind
5418,SO0036090,36090,FAS-0011,2022-03-24,10,Wrong Item
5419,SO0036099,36099,FAS-0005,2024-01-17,13,Shipping Damage
5420,SO0036104,36104,ELE-0005,2021-09-30,2,Wrong Item
5421,SO0036115,36115,HVA-0004,2024-01-13,15,Wrong Item
5422,SO0036123,36123,PWR-0007,2025-06-14,1,Customer Changed Mind
5423,SO0036130,36130,PWR-0013,2024-05-28,3,Shipping Damage
5424,SO0036135,36135,ELE-0009,2023-01-25,1,Damaged
5425,SO0036144,36144,FAS-0010,2024-01-01,2,Shipping Damage
5426,SO0036149,36149,FAS-0012,2025-06-10,1,Damaged
5427,SO0036152,36152,ELE-0019,2024-07-23,3,Damaged
5428,SO0036153,36153,HVA-0012,2021-10-12,8,Defective
5429,SO0036154,36154,HVA-0015,2023-09-05,2,Wrong Item
5430,SO0036156,36156,ELE-0017,2024-12-14,5,Defective
5431,SO0036160,36160,PWR-0001,2025-07-01,7,Defective
5432,SO0036162,36162,HVA-0007,2024-02-24,4,Damaged
5433,SO0036170,36170,ELE-0017,2023-11-23,7,Shipping Damage
5434,SO0036171,36171,ELE-0021,2022-05-07,14,Shipping Damage
5435,SO0036175,36175,ELE-0002,2021-12-10,3,Customer Changed Mind
5436,SO0036184,36184,ELE-0012,2025-03-05,8,Damaged
5437,SO0036186,36186,ELE-0015,2023-08-05,1,Defective
5438,SO0036190,36190,HVA-0002,2021-03-31,1,Customer Changed Mind
5439,SO0036192,36192,HVA-0017,2023-10-03,6,Shipping Damage
5440,SO0036193,36193,ELE-0018,2022-06-03,18,Wrong Item
5441,SO0036205,36205,FAS-0011,2024-08-04,9,Wrong Item
5442,SO0036225,36225,ELE-0020,2021-07-25,7,Wrong Item
5443,SO0036226,36226,PWR-0008,2025-04-06,2,Damaged
5444,SO0036228,36228,HVA-0008,2021-05-09,1,Wrong Item
5445,SO0036230,36230,SAF-0004,2022-05-26,3,Damaged
5446,SO0036231,36231,HVA-0028,2024-09-26,3,Customer Changed Mind
5447,SO0036233,36233,ELE-0001,2021-11-20,3,Wrong Item
5448,SO0036234,36234,ELE-0014,2021-11-12,5,Shipping Damage
5449,SO0036237,36237,HVA-0007,2025-03-24,2,Damaged
5450,SO0036238,36238,FAS-0001,2024-09-02,4,Defective
5451,SO0036260,36260,ELE-0010,2023-01-29,6,Shipping Damage
5452,SO0036262,36262,HVA-0012,2023-11-24,4,Wrong Item
5453,SO0036270,36270,ELE-0003,2023-06-13,1,Defective
5454,SO0036274,36274,SAF-0015,2022-03-04,12,Shipping Damage
5455,SO0036277,36277,FAS-0001,2023-08-19,3,Shipping Damage
5456,SO0036282,36282,ELE-0018,2023-03-13,17,Wrong Item
5457,SO0036293,36293,SAF-0017,2022-02-02,1,Damaged
5458,SO0036294,36294,FAS-0012,2025-11-10,1,Wrong Item
5459,SO0036295,36295,HVA-0017,2021-08-25,4,Defective
5460,SO0036300,36300,FAS-0015,2022-04-28,3,Shipping Damage
5461,SO0036302,36302,HVA-0021,2022-03-21,2,Customer Changed Mind
5462,SO0036326,36326,PWR-0007,2023-01-02,8,Defective
5463,SO0036329,36329,HVA-0005,2023-09-15,5,Wrong Item
5464,SO0036338,36338,HVA-0001,2021-04-29,3,Defective
5465,SO0036344,36344,HVA-0011,2021-02-07,5,Damaged
5466,SO0036344,36344,HVA-0022,2021-02-03,4,Damaged
5467,SO0036346,36346,SAF-0010,2021-03-16,18,Shipping Damage
5468,SO0036347,36347,SAF-0005,2025-03-10,2,Damaged
5469,SO0036351,36351,SAF-0003,2024-06-23,6,Customer Changed Mind
5470,SO0036352,36352,PWR-0012,2025-03-03,2,Damaged
5471,SO0036364,36364,FAS-0004,2024-06-13,1,Damaged
5472,SO0036367,36367,HVA-0014,2021-04-01,1,Wrong Item
5473,SO0036370,36370,HVA-0022,2022-09-25,14,Defective
5474,SO0036372,36372,HVA-0023,2024-03-01,12,Customer Changed Mind
5475,SO0036377,36377,FAS-0002,2021-12-13,7,Defective
5476,SO0036390,36390,HVA-0018,2023-02-10,9,Customer Changed Mind
5477,SO0036395,36395,HVA-0017,2024-09-10,2,Defective
5478,SO0036399,36399,ELE-0008,2021-11-09,1,Wrong Item
5479,SO0036401,36401,FAS-0011,2022-03-12,9,Customer Changed Mind
5480,SO0036409,36409,HVA-0021,2022-03-26,4,Customer Changed Mind
5481,SO0036409,36409,PWR-0001,2022-04-12,1,Defective
5482,SO0036410,36410,PWR-0013,2021-12-03,2,Defective
5483,SO0036413,36413,SAF-0001,2025-07-30,14,Wrong Item
5484,SO0036413,36413,SAF-0003,2025-07-30,6,Damaged
5485,SO0036425,36425,SAF-0003,2024-03-01,6,Damaged
5486,SO0036431,36431,HVA-0020,2021-09-16,11,Customer Changed Mind
5487,SO0036435,36435,ELE-0014,2023-02-09,3,Customer Changed Mind
5488,SO0036440,36440,HVA-0003,2023-04-04,2,Shipping Damage
5489,SO0036443,36443,ELE-0007,2022-03-24,5,Damaged
5490,SO0036446,36446,FAS-0014,2021-03-31,2,Shipping Damage
5491,SO0036448,36448,FAS-0015,2022-08-15,8,Wrong Item
5492,SO0036452,36452,PWR-0005,2025-07-14,3,Shipping Damage
5493,SO0036459,36459,SAF-0010,2025-06-17,6,Defective
5494,SO0036476,36476,FAS-0009,2025-02-07,5,Damaged
5495,SO0036482,36482,SAF-0008,2021-04-27,18,Damaged
5496,SO0036489,36489,HVA-0007,2022-02-11,6,Customer Changed Mind
5497,SO0036496,36496,SAF-0017,2024-10-15,1,Shipping Damage
5498,SO0036497,36497,ELE-0007,2022-07-23,6,Damaged
5499,SO0036504,36504,PWR-0003,2023-02-04,8,Shipping Damage
5500,SO0036505,36505,ELE-0008,2025-07-14,2,Customer Changed Mind
5501,SO0036514,36514,ELE-0017,2021-11-01,2,Damaged
5502,SO0036525,36525,HVA-0019,2022-08-15,12,Wrong Item
5503,SO0036529,36529,PWR-0003,2022-06-14,8,Wrong Item
5504,SO0036531,36531,SAF-0009,2023-08-07,9,Wrong Item
5505,SO0036535,36535,FAS-0006,2024-01-05,5,Shipping Damage
5506,SO0036541,36541,HVA-0026,2024-03-10,2,Damaged
5507,SO0036542,36542,FAS-0018,2022-09-17,2,Wrong Item
5508,SO0036543,36543,FAS-0003,2022-12-02,14,Shipping Damage
5509,SO0036544,36544,SAF-0003,2021-02-02,1,Customer Changed Mind
5510,SO0036551,36551,ELE-0014,2024-08-18,20,Customer Changed Mind
5511,SO0036561,36561,SAF-0001,2022-09-24,13,Wrong Item
5512,SO0036566,36566,ELE-0022,2024-03-26,6,Damaged
5513,SO0036575,36575,HVA-0023,2025-01-20,3,Shipping Damage
5514,SO0036579,36579,ELE-0006,2024-12-11,5,Defective
5515,SO0036581,36581,HVA-0010,2021-05-17,6,Damaged
5516,SO0036590,36590,PWR-0006,2023-08-11,2,Customer Changed Mind
5517,SO0036601,36601,FAS-0002,2025-02-22,4,Shipping Damage
5518,SO0036604,36604,FAS-0009,2024-10-25,1,Wrong Item
5519,SO0036617,36617,FAS-0013,2022-04-19,3,Wrong Item
5520,SO0036621,36621,HVA-0022,2025-04-26,14,Shipping Damage
5521,SO0036642,36642,HVA-0024,2026-01-08,2,Defective
5522,SO0036651,36651,ELE-0004,2022-12-15,1,Defective
5523,SO0036653,36653,HVA-0008,2024-06-08,8,Defective
5524,SO0036657,36657,FAS-0007,2023-08-18,1,Damaged
5525,SO0036661,36661,PWR-0013,2022-05-19,1,Customer Changed Mind
5526,SO0036666,36666,FAS-0014,2023-01-08,2,Wrong Item
5527,SO0036684,36684,HVA-0017,2022-02-07,4,Defective
5528,SO0036690,36690,SAF-0009,2023-06-18,11,Damaged
5529,SO0036691,36691,SAF-0013,2025-01-06,2,Shipping Damage
5530,SO0036709,36709,SAF-0017,2025-06-09,4,Customer Changed Mind
5531,SO0036721,36721,FAS-0010,2025-02-27,1,Defective
5532,SO0036723,36723,FAS-0005,2022-06-10,1,Customer Changed Mind
5533,SO0036741,36741,PWR-0002,2025-02-01,17,Shipping Damage
5534,SO0036746,36746,ELE-0016,2022-07-20,3,Wrong Item
5535,SO0036750,36750,HVA-0009,2023-04-25,13,Shipping Damage
5536,SO0036754,36754,ELE-0019,2021-11-22,1,Shipping Damage
5537,SO0036762,36762,FAS-0005,2024-12-16,11,Damaged
5538,SO0036766,36766,HVA-0018,2021-03-07,3,Wrong Item
5539,SO0036772,36772,SAF-0011,2023-12-16,2,Defective
5540,SO0036780,36780,HVA-0020,2024-09-24,2,Shipping Damage
5541,SO0036781,36781,FAS-0014,2022-01-25,4,Damaged
5542,SO0036781,36781,SAF-0004,2022-01-16,5,Damaged
5543,SO0036782,36782,HVA-0009,2024-08-07,2,Customer Changed Mind
5544,SO0036784,36784,HVA-0012,2025-12-27,9,Wrong Item
5545,SO0036791,36791,ELE-0015,2023-05-15,1,Defective
5546,SO0036800,36800,FAS-0008,2022-02-18,15,Defective
5547,SO0036816,36816,FAS-0014,2022-03-24,2,Defective
5548,SO0036827,36827,SAF-0001,2024-04-21,7,Customer Changed Mind
5549,SO0036828,36828,HVA-0005,2021-10-25,4,Defective
5550,SO0036832,36832,SAF-0016,2023-11-12,1,Customer Changed Mind
5551,SO0036838,36838,SAF-0014,2023-06-24,6,Shipping Damage
5552,SO0036846,36846,PWR-0002,2022-12-26,6,Shipping Damage
5553,SO0036853,36853,HVA-0005,2022-07-29,6,Damaged
5554,SO0036854,36854,HVA-0024,2024-12-13,3,Defective
5555,SO0036857,36857,FAS-0015,2024-06-08,3,Defective
5556,SO0036860,36860,ELE-0020,2023-08-29,1,Damaged
5557,SO0036868,36868,ELE-0012,2021-02-07,6,Shipping Damage
5558,SO0036882,36882,ELE-0004,2025-09-24,5,Customer Changed Mind
5559,SO0036883,36883,HVA-0013,2025-04-14,8,Wrong Item
5560,SO0036898,36898,PWR-0013,2023-03-16,1,Defective
5561,SO0036909,36909,FAS-0007,2023-10-11,10,Shipping Damage
5562,SO0036919,36919,FAS-0009,2022-02-26,9,Damaged
5563,SO0036922,36922,SAF-0017,2025-12-16,11,Shipping Damage
5564,SO0036933,36933,HVA-0015,2025-07-16,4,Shipping Damage
5565,SO0036950,36950,FAS-0008,2024-03-20,3,Shipping Damage
5566,SO0036953,36953,ELE-0013,2022-04-01,2,Customer Changed Mind
5567,SO0037005,37005,SAF-0003,2022-03-29,2,Damaged
5568,SO0037012,37012,HVA-0006,2023-08-10,5,Wrong Item
5569,SO0037025,37025,PWR-0005,2023-06-30,12,Wrong Item
5570,SO0037027,37027,HVA-0012,2025-10-22,6,Wrong Item
5571,SO0037029,37029,HVA-0025,2022-11-14,4,Damaged
5572,SO0037040,37040,HVA-0014,2023-09-17,8,Defective
5573,SO0037048,37048,SAF-0012,2023-04-25,2,Customer Changed Mind
5574,SO0037058,37058,FAS-0014,2025-08-02,1,Defective
5575,SO0037061,37061,HVA-0010,2025-06-12,8,Shipping Damage
5576,SO0037064,37064,FAS-0012,2023-07-15,3,Damaged
5577,SO0037065,37065,SAF-0004,2021-11-01,3,Shipping Damage
5578,SO0037069,37069,ELE-0001,2024-09-09,4,Wrong Item
5579,SO0037071,37071,FAS-0008,2023-05-07,5,Defective
5580,SO0037073,37073,FAS-0010,2024-09-20,5,Customer Changed Mind
5581,SO0037077,37077,PWR-0013,2024-03-31,5,Wrong Item
5582,SO0037079,37079,FAS-0017,2024-06-04,6,Wrong Item
5583,SO0037081,37081,ELE-0015,2022-09-11,7,Damaged
5584,SO0037089,37089,ELE-0007,2024-10-12,1,Defective
5585,SO0037100,37100,ELE-0021,2023-06-24,1,Shipping Damage
5586,SO0037101,37101,ELE-0020,2024-06-10,5,Customer Changed Mind
5587,SO0037103,37103,SAF-0014,2022-02-03,4,Wrong Item
5588,SO0037104,37104,ELE-0020,2022-09-23,7,Shipping Damage
5589,SO0037109,37109,ELE-0016,2023-06-13,8,Wrong Item
5590,SO0037126,37126,ELE-0007,2023-06-02,2,Customer Changed Mind
5591,SO0037133,37133,ELE-0017,2024-05-24,4,Defective
5592,SO0037138,37138,HVA-0024,2023-12-25,2,Damaged
5593,SO0037150,37150,SAF-0005,2021-07-20,1,Defective
5594,SO0037159,37159,HVA-0028,2023-08-27,8,Wrong Item
5595,SO0037160,37160,HVA-0002,2025-12-03,3,Customer Changed Mind
5596,SO0037178,37178,SAF-0012,2025-12-01,9,Damaged
5597,SO0037184,37184,HVA-0027,2022-04-09,3,Shipping Damage
5598,SO0037191,37191,HVA-0018,2021-07-06,1,Customer Changed Mind
5599,SO0037197,37197,ELE-0005,2025-12-10,1,Shipping Damage
5600,SO0037201,37201,HVA-0025,2025-09-25,1,Defective
5601,SO0037203,37203,SAF-0005,2024-12-07,7,Defective
5602,SO0037207,37207,ELE-0001,2021-08-23,8,Damaged
5603,SO0037209,37209,HVA-0015,2021-07-26,1,Defective
5604,SO0037216,37216,HVA-0010,2024-12-28,1,Customer Changed Mind
5605,SO0037217,37217,HVA-0024,2025-06-30,9,Defective
5606,SO0037219,37219,FAS-0002,2024-04-19,3,Customer Changed Mind
5607,SO0037222,37222,ELE-0010,2025-11-12,15,Customer Changed Mind
5608,SO0037224,37224,FAS-0010,2025-11-06,17,Damaged
5609,SO0037227,37227,HVA-0014,2024-07-13,5,Wrong Item
5610,SO0037235,37235,SAF-0011,2024-10-12,8,Defective
5611,SO0037244,37244,HVA-0024,2025-01-02,7,Damaged
5612,SO0037251,37251,HVA-0009,2025-04-14,6,Customer Changed Mind
5613,SO0037262,37262,ELE-0019,2023-07-08,5,Wrong Item
5614,SO0037262,37262,FAS-0018,2023-07-02,9,Defective
5615,SO0037263,37263,SAF-0008,2022-04-12,2,Defective
5616,SO0037278,37278,HVA-0020,2026-01-04,8,Shipping Damage
5617,SO0037296,37296,PWR-0009,2023-11-01,1,Damaged
5618,SO0037298,37298,SAF-0013,2025-06-30,3,Defective
5619,SO0037301,37301,PWR-0003,2023-09-23,13,Wrong Item
5620,SO0037306,37306,SAF-0007,2023-09-19,13,Customer Changed Mind
5621,SO0037320,37320,FAS-0012,2025-06-30,8,Damaged
5622,SO0037326,37326,FAS-0001,2025-12-21,4,Wrong Item
5623,SO0037330,37330,SAF-0005,2022-06-02,1,Damaged
5624,SO0037349,37349,HVA-0020,2024-03-28,6,Shipping Damage
5625,SO0037368,37368,SAF-0015,2022-04-23,10,Damaged
5626,SO0037375,37375,ELE-0018,2021-05-25,2,Shipping Damage
5627,SO0037383,37383,SAF-0016,2021-03-20,2,Wrong Item
5628,SO0037393,37393,SAF-0004,2023-08-05,4,Shipping Damage
5629,SO0037405,37405,HVA-0020,2021-04-10,6,Damaged
5630,SO0037408,37408,ELE-0023,2024-02-08,1,Customer Changed Mind
5631,SO0037420,37420,ELE-0019,2022-03-09,10,Defective
5632,SO0037420,37420,ELE-0010,2022-02-13,2,Defective
5633,SO0037430,37430,PWR-0001,2025-12-21,1,Customer Changed Mind
5634,SO0037435,37435,FAS-0008,2022-12-14,6,Wrong Item
5635,SO0037437,37437,HVA-0024,2024-05-18,12,Shipping Damage
5636,SO0037443,37443,HVA-0023,2023-01-24,8,Defective
5637,SO0037447,37447,ELE-0016,2025-08-12,2,Wrong Item
5638,SO0037447,37447,ELE-0022,2025-08-09,1,Shipping Damage
5639,SO0037447,37447,HVA-0017,2025-08-24,3,Wrong Item
5640,SO0037449,37449,HVA-0024,2023-04-14,8,Customer Changed Mind
5641,SO0037461,37461,HVA-0027,2022-04-09,6,Defective
5642,SO0037476,37476,FAS-0011,2025-09-14,3,Shipping Damage
5643,SO0037477,37477,FAS-0015,2024-09-28,4,Shipping Damage
5644,SO0037486,37486,SAF-0013,2023-04-28,7,Damaged
5645,SO0037491,37491,ELE-0020,2022-12-10,7,Wrong Item
5646,SO0037499,37499,HVA-0007,2022-01-04,12,Customer Changed Mind
5647,SO0037501,37501,HVA-0014,2022-03-17,3,Wrong Item
5648,SO0037506,37506,FAS-0013,2021-05-20,4,Defective
5649,SO0037517,37517,ELE-0005,2024-12-14,1,Customer Changed Mind
5650,SO0037530,37530,SAF-0016,2025-10-15,5,Defective
5651,SO0037546,37546,SAF-0010,2021-06-19,9,Wrong Item
5652,SO0037555,37555,PWR-0011,2022-08-25,5,Wrong Item
5653,SO0037556,37556,HVA-0004,2023-05-02,19,Defective
5654,SO0037558,37558,ELE-0004,2022-12-06,5,Damaged
5655,SO0037562,37562,ELE-0015,2024-07-23,1,Damaged
5656,SO0037570,37570,HVA-0019,2021-10-17,1,Wrong Item
5657,SO0037574,37574,HVA-0007,2022-01-10,2,Customer Changed Mind
5658,SO0037575,37575,FAS-0010,2024-09-17,4,Defective
5659,SO0037575,37575,SAF-0008,2024-08-23,1,Customer Changed Mind
5660,SO0037588,37588,ELE-0015,2022-11-24,3,Damaged
5661,SO0037603,37603,PWR-0008,2021-11-24,2,Defective
5662,SO0037612,37612,HVA-0017,2024-01-17,10,Customer Changed Mind
5663,SO0037632,37632,SAF-0005,2022-11-22,8,Customer Changed Mind
5664,SO0037636,37636,ELE-0016,2023-10-20,10,Shipping Damage
5665,SO0037640,37640,FAS-0016,2025-11-19,17,Damaged
5666,SO0037641,37641,ELE-0017,2023-04-27,3,Wrong Item
5667,SO0037647,37647,HVA-0011,2021-07-28,15,Customer Changed Mind
5668,SO0037648,37648,ELE-0010,2021-07-05,5,Defective
5669,SO0037655,37655,HVA-0025,2025-01-14,3,Damaged
5670,SO0037657,37657,SAF-0003,2021-12-30,5,Damaged
5671,SO0037660,37660,ELE-0008,2024-12-29,1,Damaged
5672,SO0037669,37669,SAF-0011,2023-06-22,6,Shipping Damage
5673,SO0037670,37670,PWR-0005,2025-08-17,8,Wrong Item
5674,SO0037672,37672,ELE-0001,2025-10-16,4,Defective
5675,SO0037672,37672,HVA-0028,2025-10-09,3,Wrong Item
5676,SO0037677,37677,SAF-0010,2025-03-28,5,Wrong Item
5677,SO0037681,37681,PWR-0012,2021-06-09,4,Wrong Item
5678,SO0037716,37716,HVA-0026,2024-10-21,6,Damaged
5679,SO0037724,37724,HVA-0022,2021-09-23,4,Damaged
5680,SO0037735,37735,SAF-0013,2021-06-30,7,Damaged
5681,SO0037742,37742,PWR-0001,2021-08-30,5,Wrong Item
5682,SO0037743,37743,ELE-0009,2024-06-11,1,Customer Changed Mind
5683,SO0037748,37748,HVA-0006,2024-05-31,4,Defective
5684,SO0037753,37753,ELE-0014,2024-08-08,8,Wrong Item
5685,SO0037754,37754,HVA-0015,2021-08-13,12,Shipping Damage
5686,SO0037754,37754,ELE-0017,2021-08-28,2,Damaged
5687,SO0037763,37763,PWR-0008,2025-01-06,9,Customer Changed Mind
5688,SO0037766,37766,FAS-0017,2022-03-07,1,Shipping Damage
5689,SO0037766,37766,SAF-0001,2022-02-22,5,Damaged
5690,SO0037769,37769,PWR-0007,2025-11-29,16,Shipping Damage
5691,SO0037769,37769,HVA-0002,2025-11-20,8,Defective
5692,SO0037783,37783,ELE-0002,2024-04-28,6,Shipping Damage
5693,SO0037794,37794,FAS-0009,2025-11-04,3,Defective
5694,SO0037795,37795,SAF-0002,2025-10-07,11,Defective
5695,SO0037795,37795,HVA-0001,2025-10-13,7,Shipping Damage
5696,SO0037795,37795,HVA-0020,2025-10-16,3,Wrong Item
5697,SO0037797,37797,ELE-0009,2025-02-18,4,Defective
5698,SO0037815,37815,PWR-0003,2025-03-25,3,Defective
5699,SO0037817,37817,ELE-0020,2023-07-03,7,Damaged
5700,SO0037819,37819,PWR-0004,2023-09-22,3,Customer Changed Mind
5701,SO0037820,37820,HVA-0014,2021-11-04,1,Wrong Item
5702,SO0037824,37824,ELE-0022,2024-10-13,2,Wrong Item
5703,SO0037842,37842,SAF-0009,2021-09-02,6,Wrong Item
5704,SO0037843,37843,FAS-0015,2025-06-14,10,Damaged
5705,SO0037846,37846,SAF-0011,2022-05-12,11,Customer Changed Mind
5706,SO0037848,37848,PWR-0007,2025-09-27,1,Damaged
5707,SO0037848,37848,PWR-0004,2025-09-18,2,Customer Changed Mind
5708,SO0037849,37849,SAF-0003,2023-04-03,10,Wrong Item
5709,SO0037866,37866,ELE-0001,2022-05-12,15,Wrong Item
5710,SO0037872,37872,SAF-0008,2025-02-22,1,Wrong Item
5711,SO0037873,37873,SAF-0004,2024-05-11,1,Customer Changed Mind
5712,SO0037878,37878,ELE-0004,2023-02-12,8,Defective
5713,SO0037889,37889,SAF-0001,2024-03-28,3,Customer Changed Mind
5714,SO0037890,37890,FAS-0012,2023-07-22,18,Damaged
5715,SO0037912,37912,HVA-0009,2022-08-21,14,Shipping Damage
5716,SO0037914,37914,SAF-0006,2022-02-22,6,Customer Changed Mind
5717,SO0037915,37915,ELE-0023,2022-05-01,1,Defective
5718,SO0037930,37930,FAS-0002,2021-06-22,5,Defective
5719,SO0037942,37942,ELE-0010,2023-01-24,10,Customer Changed Mind
5720,SO0037954,37954,HVA-0009,2024-07-25,7,Wrong Item
5721,SO0037962,37962,ELE-0010,2021-10-19,2,Wrong Item
5722,SO0037971,37971,ELE-0008,2022-10-29,3,Wrong Item
5723,SO0037978,37978,HVA-0009,2023-04-25,2,Wrong Item
5724,SO0037979,37979,HVA-0027,2021-09-03,6,Shipping Damage
5725,SO0037982,37982,FAS-0015,2023-03-20,15,Wrong Item
5726,SO0037982,37982,HVA-0018,2023-03-16,1,Defective
5727,SO0037989,37989,SAF-0014,2024-11-01,4,Shipping Damage
5728,SO0037990,37990,ELE-0008,2023-09-18,6,Damaged
5729,SO0038013,38013,SAF-0011,2024-03-16,7,Shipping Damage
5730,SO0038014,38014,SAF-0008,2025-09-20,7,Wrong Item
5731,SO0038024,38024,HVA-0025,2024-11-18,3,Customer Changed Mind
5732,SO0038033,38033,PWR-0001,2021-08-07,1,Defective
5733,SO0038033,38033,SAF-0003,2021-08-04,2,Damaged
5734,SO0038043,38043,ELE-0022,2023-12-19,2,Shipping Damage
5735,SO0038054,38054,HVA-0014,2025-10-08,9,Shipping Damage
5736,SO0038054,38054,PWR-0013,2025-09-17,8,Defective
5737,SO0038055,38055,HVA-0014,2022-01-09,1,Wrong Item
5738,SO0038056,38056,FAS-0012,2022-06-29,17,Customer Changed Mind
5739,SO0038066,38066,PWR-0012,2025-07-31,7,Customer Changed Mind
5740,SO0038070,38070,SAF-0007,2024-12-18,6,Damaged
5741,SO0038071,38071,ELE-0014,2024-11-25,9,Shipping Damage
5742,SO0038072,38072,PWR-0007,2025-05-13,1,Damaged
5743,SO0038074,38074,HVA-0007,2022-07-15,1,Wrong Item
5744,SO0038081,38081,ELE-0009,2022-08-26,1,Defective
5745,SO0038087,38087,FAS-0007,2025-03-21,11,Defective
5746,SO0038093,38093,ELE-0003,2022-08-07,4,Customer Changed Mind
5747,SO0038116,38116,SAF-0001,2024-09-28,2,Shipping Damage
5748,SO0038120,38120,PWR-0009,2024-04-17,16,Shipping Damage
5749,SO0038127,38127,HVA-0015,2023-11-14,5,Shipping Damage
5750,SO0038140,38140,FAS-0006,2022-09-10,5,Customer Changed Mind
5751,SO0038143,38143,HVA-0019,2023-01-01,1,Wrong Item
5752,SO0038150,38150,SAF-0010,2025-07-05,11,Damaged
5753,SO0038150,38150,ELE-0014,2025-07-07,2,Defective
5754,SO0038153,38153,PWR-0009,2023-09-29,11,Damaged
5755,SO0038166,38166,SAF-0006,2023-05-28,1,Wrong Item
5756,SO0038173,38173,PWR-0001,2023-07-15,3,Damaged
5757,SO0038182,38182,PWR-0012,2025-07-29,3,Shipping Damage
5758,SO0038191,38191,ELE-0006,2022-11-15,6,Customer Changed Mind
5759,SO0038195,38195,HVA-0018,2023-01-29,4,Defective
5760,SO0038199,38199,HVA-0023,2023-09-18,3,Customer Changed Mind
5761,SO0038200,38200,FAS-0001,2024-04-26,1,Defective
5762,SO0038203,38203,HVA-0010,2023-08-21,15,Wrong Item
5763,SO0038204,38204,FAS-0010,2021-09-27,3,Wrong Item
5764,SO0038207,38207,HVA-0007,2025-08-06,1,Defective
5765,SO0038235,38235,PWR-0003,2025-01-20,5,Shipping Damage
5766,SO0038239,38239,HVA-0015,2022-12-05,18,Wrong Item
5767,SO0038245,38245,FAS-0005,2022-06-12,2,Defective
5768,SO0038248,38248,PWR-0014,2021-01-21,3,Defective
5769,SO0038249,38249,FAS-0017,2021-09-04,3,Customer Changed Mind
5770,SO0038250,38250,HVA-0015,2025-04-09,4,Wrong Item
5771,SO0038251,38251,HVA-0006,2023-08-13,2,Wrong Item
5772,SO0038252,38252,HVA-0008,2023-09-20,2,Wrong Item
5773,SO0038255,38255,HVA-0019,2024-04-09,7,Shipping Damage
5774,SO0038256,38256,SAF-0009,2021-07-04,1,Shipping Damage
5775,SO0038257,38257,HVA-0009,2026-01-15,2,Wrong Item
5776,SO0038258,38258,ELE-0018,2024-04-07,1,Damaged
5777,SO0038270,38270,ELE-0021,2022-01-24,4,Wrong Item
5778,SO0038277,38277,FAS-0007,2025-07-06,6,Damaged
5779,SO0038278,38278,FAS-0005,2023-04-02,7,Wrong Item
5780,SO0038282,38282,ELE-0002,2021-12-27,1,Shipping Damage
5781,SO0038283,38283,HVA-0006,2022-06-06,3,Damaged
5782,SO0038327,38327,PWR-0001,2024-04-09,7,Customer Changed Mind
5783,SO0038334,38334,HVA-0026,2021-04-03,13,Shipping Damage
5784,SO0038337,38337,PWR-0004,2024-08-29,8,Shipping Damage
5785,SO0038345,38345,SAF-0015,2024-07-19,12,Wrong Item
5786,SO0038349,38349,ELE-0005,2024-04-02,15,Damaged
5787,SO0038351,38351,ELE-0005,2021-09-18,10,Damaged
5788,SO0038356,38356,HVA-0025,2023-02-21,2,Damaged
5789,SO0038358,38358,SAF-0012,2022-07-12,1,Defective
5790,SO0038359,38359,SAF-0001,2025-11-20,4,Damaged
5791,SO0038361,38361,PWR-0001,2022-03-05,2,Wrong Item
5792,SO0038362,38362,HVA-0010,2022-07-13,2,Customer Changed Mind
5793,SO0038370,38370,FAS-0015,2025-02-15,1,Wrong Item
5794,SO0038388,38388,FAS-0010,2022-01-14,9,Shipping Damage
5795,SO0038396,38396,HVA-0016,2024-03-11,9,Customer Changed Mind
5796,SO0038416,38416,FAS-0005,2022-04-04,8,Wrong Item
5797,SO0038417,38417,FAS-0004,2023-02-27,1,Defective
5798,SO0038421,38421,PWR-0012,2021-09-26,4,Damaged
5799,SO0038423,38423,HVA-0010,2021-04-27,2,Shipping Damage
5800,SO0038426,38426,HVA-0009,2025-03-26,3,Wrong Item
5801,SO0038427,38427,HVA-0022,2022-05-01,2,Shipping Damage
5802,SO0038430,38430,ELE-0013,2025-09-26,2,Shipping Damage
5803,SO0038440,38440,SAF-0011,2022-06-05,1,Customer Changed Mind
5804,SO0038450,38450,ELE-0022,2024-09-11,4,Wrong Item
5805,SO0038458,38458,HVA-0026,2021-07-31,18,Wrong Item
5806,SO0038462,38462,FAS-0008,2021-09-04,2,Customer Changed Mind
5807,SO0038469,38469,FAS-0003,2023-04-17,1,Shipping Damage
5808,SO0038483,38483,SAF-0017,2024-06-22,10,Customer Changed Mind
5809,SO0038487,38487,HVA-0011,2025-03-11,1,Customer Changed Mind
5810,SO0038501,38501,SAF-0015,2022-02-13,10,Customer Changed Mind
5811,SO0038504,38504,PWR-0013,2023-05-16,2,Shipping Damage
5812,SO0038504,38504,FAS-0004,2023-05-25,10,Damaged
5813,SO0038505,38505,ELE-0017,2024-04-06,6,Damaged
5814,SO0038508,38508,PWR-0001,2024-01-01,4,Shipping Damage
5815,SO0038518,38518,ELE-0004,2023-06-24,2,Shipping Damage
5816,SO0038518,38518,SAF-0016,2023-07-10,13,Defective
5817,SO0038520,38520,HVA-0024,2023-07-13,1,Damaged
5818,SO0038524,38524,ELE-0009,2021-09-17,1,Shipping Damage
5819,SO0038531,38531,ELE-0011,2023-03-13,1,Customer Changed Mind
5820,SO0038539,38539,FAS-0017,2021-11-24,5,Customer Changed Mind
5821,SO0038563,38563,PWR-0005,2021-09-18,3,Shipping Damage
5822,SO0038563,38563,HVA-0019,2021-09-18,14,Shipping Damage
5823,SO0038577,38577,HVA-0001,2022-10-07,1,Defective
5824,SO0038580,38580,PWR-0009,2024-06-27,2,Customer Changed Mind
5825,SO0038589,38589,HVA-0009,2025-04-05,11,Shipping Damage
5826,SO0038596,38596,ELE-0012,2022-02-12,1,Shipping Damage
5827,SO0038625,38625,SAF-0013,2021-03-17,18,Shipping Damage
5828,SO0038628,38628,SAF-0006,2024-03-19,15,Customer Changed Mind
5829,SO0038628,38628,FAS-0017,2024-02-28,3,Customer Changed Mind
5830,SO0038640,38640,SAF-0014,2022-04-24,11,Customer Changed Mind
5831,SO0038649,38649,SAF-0006,2024-02-27,4,Shipping Damage
5832,SO0038652,38652,SAF-0010,2023-12-15,9,Customer Changed Mind
5833,SO0038659,38659,FAS-0007,2021-05-17,7,Wrong Item
5834,SO0038679,38679,ELE-0016,2023-01-21,16,Defective
5835,SO0038681,38681,HVA-0028,2023-09-07,1,Customer Changed Mind
5836,SO0038689,38689,ELE-0002,2024-11-22,10,Shipping Damage
5837,SO0038694,38694,HVA-0005,2024-07-31,4,Customer Changed Mind
5838,SO0038701,38701,ELE-0010,2023-03-10,7,Defective
5839,SO0038716,38716,SAF-0013,2025-09-17,6,Customer Changed Mind
5840,SO0038724,38724,SAF-0014,2024-04-12,10,Shipping Damage
5841,SO0038725,38725,HVA-0009,2024-05-19,7,Wrong Item
5842,SO0038728,38728,FAS-0016,2021-03-11,7,Customer Changed Mind
5843,SO0038734,38734,FAS-0007,2023-03-20,1,Shipping Damage
5844,SO0038750,38750,FAS-0007,2021-04-23,1,Defective
5845,SO0038768,38768,HVA-0005,2024-09-23,1,Shipping Damage
5846,SO0038785,38785,HVA-0011,2025-01-02,10,Customer Changed Mind
5847,SO0038793,38793,SAF-0014,2024-03-29,1,Wrong Item
5848,SO0038795,38795,SAF-0013,2023-12-23,2,Damaged
5849,SO0038797,38797,FAS-0016,2021-12-10,2,Customer Changed Mind
5850,SO0038799,38799,HVA-0021,2021-12-07,13,Wrong Item
5851,SO0038800,38800,ELE-0015,2025-10-04,3,Wrong Item
5852,SO0038801,38801,SAF-0013,2021-05-14,4,Damaged
5853,SO0038804,38804,PWR-0010,2023-09-07,11,Customer Changed Mind
5854,SO0038804,38804,HVA-0019,2023-08-26,2,Customer Changed Mind
5855,SO0038812,38812,HVA-0005,2025-04-26,3,Customer Changed Mind
5856,SO0038818,38818,HVA-0028,2023-01-28,3,Damaged
5857,SO0038831,38831,FAS-0013,2025-08-20,1,Customer Changed Mind
5858,SO0038834,38834,SAF-0016,2025-12-28,7,Customer Changed Mind
5859,SO0038848,38848,SAF-0001,2024-06-28,6,Wrong Item
5860,SO0038849,38849,FAS-0004,2023-04-10,4,Shipping Damage
5861,SO0038854,38854,ELE-0006,2021-11-20,3,Shipping Damage
5862,SO0038857,38857,HVA-0005,2023-05-05,13,Damaged
5863,SO0038860,38860,HVA-0019,2021-02-06,13,Damaged
5864,SO0038861,38861,PWR-0014,2022-08-11,2,Defective
5865,SO0038862,38862,SAF-0008,2022-04-11,2,Damaged
5866,SO0038868,38868,PWR-0007,2023-05-12,4,Shipping Damage
5867,SO0038875,38875,HVA-0019,2021-05-31,6,Customer Changed Mind
5868,SO0038877,38877,FAS-0001,2022-09-09,12,Shipping Damage
5869,SO0038890,38890,ELE-0006,2023-11-26,1,Customer Changed Mind
5870,SO0038892,38892,SAF-0009,2023-01-07,2,Customer Changed Mind
5871,SO0038892,38892,ELE-0020,2023-01-11,15,Shipping Damage
5872,SO0038902,38902,FAS-0018,2021-11-13,7,Customer Changed Mind
5873,SO0038908,38908,FAS-0012,2025-09-10,9,Customer Changed Mind
5874,SO0038914,38914,ELE-0015,2025-03-18,11,Customer Changed Mind
5875,SO0038925,38925,PWR-0008,2021-07-25,6,Damaged
5876,SO0038927,38927,FAS-0004,2024-01-01,5,Shipping Damage
5877,SO0038933,38933,HVA-0015,2022-04-19,11,Wrong Item
5878,SO0038936,38936,FAS-0018,2024-04-07,9,Damaged
5879,SO0038939,38939,HVA-0017,2025-08-16,16,Defective
5880,SO0038953,38953,FAS-0009,2024-07-28,3,Customer Changed Mind
5881,SO0038960,38960,ELE-0023,2021-01-30,1,Defective
5882,SO0038968,38968,ELE-0023,2022-02-23,8,Damaged
5883,SO0038972,38972,ELE-0023,2021-02-28,6,Customer Changed Mind
5884,SO0038977,38977,FAS-0014,2021-11-05,3,Customer Changed Mind
5885,SO0038982,38982,HVA-0015,2024-10-26,5,Damaged
5886,SO0038982,38982,ELE-0021,2024-11-08,3,Customer Changed Mind
5887,SO0038983,38983,SAF-0001,2021-02-09,6,Damaged
5888,SO0038991,38991,PWR-0002,2023-07-14,4,Defective
5889,SO0038995,38995,FAS-0012,2025-08-01,10,Shipping Damage
5890,SO0038996,38996,FAS-0010,2021-05-25,1,Damaged
5891,SO0039008,39008,FAS-0013,2024-05-08,7,Defective
5892,SO0039014,39014,HVA-0019,2023-01-05,5,Defective
5893,SO0039016,39016,HVA-0013,2021-11-26,11,Damaged
5894,SO0039027,39027,HVA-0017,2025-01-13,10,Shipping Damage
5895,SO0039040,39040,SAF-0010,2023-09-22,5,Shipping Damage
5896,SO0039052,39052,HVA-0020,2022-12-04,3,Shipping Damage
5897,SO0039058,39058,FAS-0008,2024-01-25,2,Wrong Item
5898,SO0039062,39062,ELE-0017,2026-01-10,7,Defective
5899,SO0039063,39063,HVA-0013,2025-02-08,2,Damaged
5900,SO0039064,39064,FAS-0013,2025-08-02,14,Defective
5901,SO0039075,39075,HVA-0004,2021-04-21,1,Shipping Damage
5902,SO0039088,39088,SAF-0015,2024-01-26,3,Customer Changed Mind
5903,SO0039103,39103,PWR-0006,2022-02-02,10,Damaged
5904,SO0039106,39106,HVA-0010,2021-11-02,13,Damaged
5905,SO0039117,39117,FAS-0002,2021-01-26,6,Wrong Item
5906,SO0039129,39129,FAS-0016,2022-04-08,11,Customer Changed Mind
5907,SO0039138,39138,ELE-0011,2025-02-21,1,Shipping Damage
5908,SO0039142,39142,ELE-0016,2021-02-27,14,Shipping Damage
5909,SO0039157,39157,SAF-0008,2024-02-14,1,Shipping Damage
5910,SO0039164,39164,PWR-0004,2023-06-13,17,Defective
5911,SO0039182,39182,HVA-0015,2023-11-07,2,Wrong Item
5912,SO0039190,39190,ELE-0004,2025-10-30,1,Wrong Item
5913,SO0039195,39195,FAS-0006,2025-01-15,3,Customer Changed Mind
5914,SO0039201,39201,SAF-0010,2021-11-18,4,Shipping Damage
5915,SO0039209,39209,ELE-0002,2024-02-17,2,Defective
5916,SO0039215,39215,ELE-0004,2024-07-11,19,Damaged
5917,SO0039216,39216,SAF-0007,2023-10-06,3,Shipping Damage
5918,SO0039224,39224,SAF-0008,2024-04-18,1,Shipping Damage
5919,SO0039233,39233,HVA-0026,2021-10-24,6,Wrong Item
5920,SO0039238,39238,PWR-0007,2021-04-12,3,Wrong Item
5921,SO0039241,39241,SAF-0011,2023-08-26,1,Shipping Damage
5922,SO0039242,39242,HVA-0012,2023-08-17,9,Customer Changed Mind
5923,SO0039249,39249,ELE-0023,2021-09-06,12,Customer Changed Mind
5924,SO0039252,39252,SAF-0008,2025-01-14,8,Shipping Damage
5925,SO0039267,39267,PWR-0003,2021-12-28,2,Defective
5926,SO0039270,39270,FAS-0009,2022-07-25,2,Customer Changed Mind
5927,SO0039273,39273,SAF-0003,2025-02-27,1,Customer Changed Mind
5928,SO0039290,39290,HVA-0002,2022-06-15,13,Wrong Item
5929,SO0039291,39291,HVA-0025,2021-08-13,1,Defective
5930,SO0039314,39314,PWR-0014,2022-12-25,3,Wrong Item
5931,SO0039323,39323,SAF-0012,2021-07-19,5,Wrong Item
5932,SO0039337,39337,HVA-0010,2025-03-30,4,Damaged
5933,SO0039346,39346,ELE-0023,2025-11-01,2,Damaged
5934,SO0039348,39348,SAF-0001,2024-07-25,2,Wrong Item
5935,SO0039350,39350,FAS-0007,2025-04-29,6,Wrong Item
5936,SO0039350,39350,SAF-0001,2025-04-29,2,Wrong Item
5937,SO0039352,39352,HVA-0019,2021-08-31,1,Customer Changed Mind
5938,SO0039363,39363,HVA-0011,2023-01-17,1,Customer Changed Mind
5939,SO0039368,39368,PWR-0010,2023-08-28,11,Wrong Item
5940,SO0039370,39370,SAF-0003,2021-10-29,6,Wrong Item
5941,SO0039372,39372,ELE-0003,2022-02-24,6,Customer Changed Mind
5942,SO0039381,39381,HVA-0023,2024-12-08,5,Customer Changed Mind
5943,SO0039400,39400,FAS-0010,2023-06-30,3,Shipping Damage
5944,SO0039416,39416,ELE-0001,2025-02-12,12,Customer Changed Mind
5945,SO0039444,39444,FAS-0012,2022-09-23,14,Defective
5946,SO0039453,39453,ELE-0009,2021-11-20,15,Wrong Item
5947,SO0039456,39456,HVA-0016,2023-05-23,14,Damaged
5948,SO0039470,39470,PWR-0006,2025-11-06,4,Wrong Item
5949,SO0039484,39484,SAF-0007,2022-09-06,3,Shipping Damage
5950,SO0039488,39488,ELE-0020,2024-10-22,1,Customer Changed Mind
5951,SO0039489,39489,HVA-0006,2025-04-26,11,Customer Changed Mind
5952,SO0039503,39503,PWR-0013,2024-09-10,15,Damaged
5953,SO0039517,39517,HVA-0020,2025-04-18,9,Shipping Damage
5954,SO0039519,39519,HVA-0025,2021-06-02,7,Defective
5955,SO0039521,39521,SAF-0009,2021-07-25,3,Shipping Damage
5956,SO0039529,39529,HVA-0025,2024-08-15,10,Defective
5957,SO0039534,39534,FAS-0017,2025-01-01,7,Defective
5958,SO0039539,39539,ELE-0021,2024-01-21,16,Damaged
5959,SO0039553,39553,HVA-0016,2025-09-15,7,Wrong Item
5960,SO0039568,39568,PWR-0006,2023-05-03,2,Customer Changed Mind
5961,SO0039568,39568,HVA-0024,2023-04-29,5,Defective
5962,SO0039583,39583,HVA-0003,2024-09-15,1,Shipping Damage
5963,SO0039588,39588,ELE-0016,2021-04-07,3,Customer Changed Mind
5964,SO0039598,39598,SAF-0002,2024-02-25,5,Wrong Item
5965,SO0039610,39610,SAF-0004,2021-05-31,7,Wrong Item
5966,SO0039614,39614,FAS-0008,2023-06-05,19,Defective
5967,SO0039621,39621,HVA-0014,2025-08-26,4,Defective
5968,SO0039624,39624,HVA-0026,2025-11-28,2,Defective
5969,SO0039629,39629,ELE-0022,2021-05-26,5,Damaged
5970,SO0039629,39629,HVA-0009,2021-06-09,11,Defective
5971,SO0039632,39632,SAF-0012,2024-07-20,3,Customer Changed Mind
5972,SO0039637,39637,ELE-0002,2024-09-09,6,Customer Changed Mind
5973,SO0039640,39640,FAS-0004,2023-10-12,10,Shipping Damage
5974,SO0039641,39641,FAS-0018,2022-12-27,4,Damaged
5975,SO0039645,39645,SAF-0015,2022-07-03,8,Wrong Item
5976,SO0039663,39663,PWR-0008,2022-04-20,16,Customer Changed Mind
5977,SO0039668,39668,HVA-0028,2024-10-25,1,Wrong Item
5978,SO0039676,39676,ELE-0021,2023-12-12,2,Shipping Damage
5979,SO0039677,39677,FAS-0001,2022-09-09,7,Customer Changed Mind
5980,SO0039679,39679,PWR-0002,2025-09-06,6,Wrong Item
5981,SO0039681,39681,PWR-0010,2021-12-06,7,Customer Changed Mind
5982,SO0039683,39683,HVA-0019,2024-07-23,9,Damaged
5983,SO0039688,39688,SAF-0007,2023-05-19,5,Shipping Damage
5984,SO0039694,39694,FAS-0017,2021-07-16,8,Defective
5985,SO0039716,39716,HVA-0020,2023-02-05,7,Defective
5986,SO0039722,39722,PWR-0006,2025-02-17,4,Wrong Item
5987,SO0039728,39728,FAS-0018,2024-04-23,4,Damaged
5988,SO0039739,39739,PWR-0002,2025-11-20,1,Damaged
5989,SO0039756,39756,PWR-0007,2022-06-09,4,Wrong Item
5990,SO0039757,39757,PWR-0011,2025-01-20,13,Damaged
5991,SO0039759,39759,HVA-0018,2021-12-19,6,Wrong Item
5992,SO0039766,39766,HVA-0017,2022-04-28,9,Shipping Damage
5993,SO0039767,39767,HVA-0025,2021-08-12,2,Shipping Damage
5994,SO0039780,39780,FAS-0002,2023-11-23,2,Customer Changed Mind
5995,SO0039793,39793,HVA-0017,2025-10-16,7,Defective
5996,SO0039795,39795,FAS-0003,2024-08-05,4,Customer Changed Mind
5997,SO0039810,39810,HVA-0008,2024-02-28,3,Damaged
5998,SO0039811,39811,FAS-0005,2022-05-21,4,Defective
5999,SO0039815,39815,SAF-0016,2022-05-20,13,Defective
6000,SO0039821,39821,HVA-0004,2024-06-04,3,Damaged
6001,SO0039849,39849,FAS-0007,2025-10-05,3,Defective
6002,SO0039858,39858,FAS-0006,2022-12-26,6,Customer Changed Mind
6003,SO0039861,39861,FAS-0007,2024-03-29,2,Wrong Item
6004,SO0039863,39863,FAS-0018,2021-04-27,1,Shipping Damage
6005,SO0039868,39868,ELE-0017,2023-04-29,14,Customer Changed Mind
6006,SO0039879,39879,SAF-0010,2025-12-07,7,Customer Changed Mind
6007,SO0039883,39883,FAS-0009,2023-11-17,4,Customer Changed Mind
6008,SO0039911,39911,SAF-0017,2023-04-16,2,Defective
6009,SO0039914,39914,HVA-0007,2025-03-14,9,Defective
6010,SO0039916,39916,HVA-0010,2024-12-13,16,Wrong Item
6011,SO0039917,39917,ELE-0005,2022-08-07,17,Shipping Damage
6012,SO0039923,39923,ELE-0009,2023-09-20,3,Customer Changed Mind
6013,SO0039931,39931,FAS-0014,2025-05-21,8,Defective
6014,SO0039936,39936,ELE-0010,2022-01-05,14,Defective
6015,SO0039937,39937,HVA-0017,2022-05-21,3,Damaged
6016,SO0039937,39937,HVA-0010,2022-05-22,9,Shipping Damage
6017,SO0039939,39939,FAS-0017,2024-03-14,3,Damaged
6018,SO0039940,39940,SAF-0010,2021-09-02,16,Wrong Item
6019,SO0039942,39942,ELE-0018,2023-07-08,3,Wrong Item
6020,SO0039942,39942,ELE-0004,2023-07-02,9,Customer Changed Mind
6021,SO0039953,39953,HVA-0022,2021-10-01,10,Defective
6022,SO0039956,39956,HVA-0019,2021-12-18,2,Shipping Damage
6023,SO0039957,39957,PWR-0011,2023-03-11,18,Damaged
6024,SO0039959,39959,PWR-0012,2024-07-05,10,Damaged
6025,SO0039963,39963,SAF-0016,2023-07-13,12,Customer Changed Mind
6026,SO0039964,39964,HVA-0019,2022-06-28,2,Wrong Item
6027,SO0039974,39974,PWR-0005,2022-12-06,7,Wrong Item
6028,SO0039990,39990,HVA-0006,2025-04-08,5,Wrong Item
6029,SO0039991,39991,ELE-0011,2023-06-21,7,Damaged
6030,SO0039993,39993,PWR-0009,2025-08-08,5,Customer Changed Mind
6031,SO0040009,40009,HVA-0004,2023-08-26,12,Defective
6032,SO0040029,40029,HVA-0017,2025-02-12,4,Wrong Item
6033,SO0040031,40031,FAS-0006,2022-12-28,6,Damaged
6034,SO0040037,40037,ELE-0021,2023-02-23,1,Wrong Item
6035,SO0040038,40038,FAS-0008,2023-05-26,1,Shipping Damage
6036,SO0040050,40050,SAF-0005,2022-06-07,2,Shipping Damage
6037,SO0040059,40059,FAS-0001,2025-04-14,8,Shipping Damage
6038,SO0040074,40074,FAS-0009,2021-03-22,1,Shipping Damage
6039,SO0040085,40085,ELE-0021,2022-12-02,12,Wrong Item
6040,SO0040091,40091,FAS-0006,2022-09-29,1,Wrong Item
6041,SO0040096,40096,PWR-0010,2025-06-19,2,Wrong Item
6042,SO0040101,40101,SAF-0005,2024-01-31,9,Shipping Damage
6043,SO0040103,40103,PWR-0009,2024-01-06,1,Wrong Item
6044,SO0040104,40104,HVA-0004,2021-06-08,2,Shipping Damage
6045,SO0040134,40134,ELE-0015,2023-09-15,11,Shipping Damage
6046,SO0040136,40136,FAS-0011,2022-10-28,5,Wrong Item
6047,SO0040148,40148,FAS-0001,2022-09-26,2,Wrong Item
6048,SO0040150,40150,FAS-0011,2021-11-23,6,Customer Changed Mind
6049,SO0040153,40153,SAF-0010,2023-09-04,4,Shipping Damage
6050,SO0040161,40161,SAF-0010,2024-12-10,9,Customer Changed Mind
6051,SO0040161,40161,SAF-0012,2024-11-29,3,Damaged
6052,SO0040163,40163,PWR-0004,2024-12-20,1,Customer Changed Mind
6053,SO0040178,40178,HVA-0024,2025-04-30,14,Damaged
6054,SO0040183,40183,ELE-0012,2025-07-24,1,Defective
6055,SO0040197,40197,SAF-0011,2023-11-18,7,Customer Changed Mind
6056,SO0040199,40199,ELE-0004,2022-01-07,2,Wrong Item
6057,SO0040213,40213,ELE-0007,2022-04-16,14,Damaged
6058,SO0040220,40220,SAF-0012,2021-07-10,4,Shipping Damage
6059,SO0040225,40225,ELE-0007,2025-08-26,1,Shipping Damage
6060,SO0040230,40230,ELE-0018,2024-12-20,8,Damaged
6061,SO0040264,40264,HVA-0024,2024-02-18,11,Wrong Item
6062,SO0040272,40272,FAS-0006,2025-11-20,1,Shipping Damage
6063,SO0040281,40281,ELE-0003,2022-06-09,7,Wrong Item
6064,SO0040297,40297,ELE-0021,2024-02-25,12,Wrong Item
6065,SO0040310,40310,HVA-0020,2022-11-13,7,Wrong Item
6066,SO0040316,40316,FAS-0001,2023-06-11,4,Shipping Damage
6067,SO0040324,40324,ELE-0004,2022-11-14,3,Damaged
6068,SO0040332,40332,ELE-0004,2022-01-17,6,Defective
6069,SO0040336,40336,FAS-0012,2025-04-20,6,Customer Changed Mind
6070,SO0040337,40337,HVA-0009,2024-01-18,6,Damaged
6071,SO0040341,40341,ELE-0008,2021-04-23,12,Wrong Item
6072,SO0040351,40351,HVA-0020,2021-05-30,10,Defective
6073,SO0040353,40353,SAF-0001,2025-10-05,8,Shipping Damage
6074,SO0040370,40370,SAF-0015,2021-10-21,5,Customer Changed Mind
6075,SO0040386,40386,PWR-0004,2021-08-24,4,Shipping Damage
6076,SO0040426,40426,FAS-0017,2022-12-05,8,Shipping Damage
6077,SO0040436,40436,HVA-0008,2022-08-06,10,Wrong Item
6078,SO0040437,40437,FAS-0010,2023-10-24,3,Wrong Item
6079,SO0040438,40438,ELE-0022,2023-02-10,1,Defective
6080,SO0040438,40438,PWR-0001,2023-02-14,4,Defective
6081,SO0040440,40440,SAF-0012,2023-06-19,12,Customer Changed Mind
6082,SO0040440,40440,HVA-0017,2023-06-08,11,Damaged
6083,SO0040441,40441,PWR-0002,2025-04-04,9,Defective
6084,SO0040452,40452,SAF-0009,2022-11-18,3,Defective
6085,SO0040458,40458,PWR-0012,2023-10-18,3,Shipping Damage
6086,SO0040466,40466,HVA-0013,2022-10-30,7,Damaged
6087,SO0040468,40468,ELE-0001,2024-12-21,18,Defective
6088,SO0040469,40469,ELE-0018,2021-12-01,1,Shipping Damage
6089,SO0040488,40488,ELE-0017,2022-08-13,13,Wrong Item
6090,SO0040493,40493,ELE-0011,2024-11-04,1,Damaged
6091,SO0040495,40495,FAS-0003,2024-09-03,4,Defective
6092,SO0040499,40499,PWR-0012,2025-07-31,3,Shipping Damage
6093,SO0040510,40510,HVA-0004,2024-09-29,2,Customer Changed Mind
6094,SO0040518,40518,FAS-0005,2022-09-05,4,Wrong Item
6095,SO0040519,40519,SAF-0001,2024-08-05,2,Customer Changed Mind
6096,SO0040521,40521,HVA-0009,2022-07-14,7,Customer Changed Mind
6097,SO0040526,40526,HVA-0007,2024-03-11,6,Wrong Item
6098,SO0040531,40531,PWR-0012,2021-10-31,10,Customer Changed Mind
6099,SO0040541,40541,ELE-0009,2021-11-17,9,Damaged
6100,SO0040542,40542,SAF-0009,2022-08-25,8,Wrong Item
6101,SO0040548,40548,HVA-0016,2021-04-09,2,Damaged
6102,SO0040551,40551,FAS-0009,2025-04-09,2,Wrong Item
6103,SO0040553,40553,PWR-0002,2024-06-11,8,Shipping Damage
6104,SO0040563,40563,HVA-0023,2023-09-17,4,Wrong Item
6105,SO0040563,40563,FAS-0004,2023-09-03,7,Shipping Damage
6106,SO0040568,40568,HVA-0009,2022-04-19,11,Defective
6107,SO0040574,40574,ELE-0004,2025-10-05,7,Defective
6108,SO0040578,40578,HVA-0021,2021-04-18,3,Damaged
6109,SO0040581,40581,ELE-0016,2022-08-31,3,Shipping Damage
6110,SO0040586,40586,FAS-0001,2021-05-12,5,Defective
6111,SO0040590,40590,HVA-0006,2025-10-06,7,Damaged
6112,SO0040600,40600,HVA-0009,2023-05-16,1,Wrong Item
6113,SO0040621,40621,ELE-0009,2025-12-03,4,Damaged
6114,SO0040627,40627,HVA-0010,2022-03-16,1,Shipping Damage
6115,SO0040628,40628,PWR-0004,2024-03-08,16,Shipping Damage
6116,SO0040630,40630,ELE-0008,2023-03-06,2,Customer Changed Mind
6117,SO0040637,40637,ELE-0010,2022-08-04,13,Customer Changed Mind
6118,SO0040639,40639,FAS-0013,2023-09-21,2,Wrong Item
6119,SO0040640,40640,ELE-0020,2022-04-23,8,Defective
6120,SO0040644,40644,HVA-0010,2024-07-23,4,Defective
6121,SO0040646,40646,SAF-0012,2022-08-05,1,Wrong Item
6122,SO0040650,40650,HVA-0014,2025-11-24,1,Shipping Damage
6123,SO0040664,40664,HVA-0017,2021-03-15,16,Shipping Damage
6124,SO0040668,40668,ELE-0013,2025-11-01,3,Defective
6125,SO0040670,40670,ELE-0022,2026-01-03,8,Damaged
6126,SO0040672,40672,HVA-0011,2024-02-23,8,Customer Changed Mind
6127,SO0040686,40686,PWR-0007,2021-08-26,1,Wrong Item
6128,SO0040688,40688,FAS-0008,2023-03-05,4,Customer Changed Mind
6129,SO0040692,40692,FAS-0004,2024-12-27,7,Wrong Item
6130,SO0040699,40699,PWR-0002,2024-07-15,3,Shipping Damage
6131,SO0040700,40700,PWR-0008,2022-08-27,3,Shipping Damage
6132,SO0040703,40703,ELE-0002,2023-10-14,16,Customer Changed Mind
6133,SO0040707,40707,HVA-0016,2025-04-02,4,Defective
6134,SO0040717,40717,ELE-0004,2021-02-14,9,Shipping Damage
6135,SO0040720,40720,SAF-0006,2025-06-05,6,Damaged
6136,SO0040722,40722,PWR-0012,2021-06-29,8,Damaged
6137,SO0040774,40774,SAF-0003,2023-10-02,1,Defective
6138,SO0040782,40782,SAF-0013,2022-10-17,1,Defective
6139,SO0040783,40783,SAF-0001,2022-12-02,2,Damaged
6140,SO0040792,40792,ELE-0009,2025-06-14,7,Damaged
6141,SO0040793,40793,FAS-0007,2023-12-11,2,Shipping Damage
6142,SO0040805,40805,HVA-0008,2025-12-17,1,Damaged
6143,SO0040810,40810,PWR-0002,2021-03-28,4,Damaged
6144,SO0040810,40810,PWR-0001,2021-03-13,7,Shipping Damage
6145,SO0040814,40814,HVA-0010,2023-09-18,11,Wrong Item
6146,SO0040835,40835,FAS-0008,2023-10-22,12,Defective
6147,SO0040849,40849,HVA-0009,2021-12-04,7,Shipping Damage
6148,SO0040849,40849,ELE-0016,2021-12-16,2,Shipping Damage
6149,SO0040856,40856,HVA-0007,2025-07-11,16,Shipping Damage
6150,SO0040857,40857,FAS-0006,2022-01-03,1,Defective
6151,SO0040864,40864,FAS-0014,2023-05-24,10,Shipping Damage
6152,SO0040867,40867,HVA-0021,2022-08-19,4,Defective
6153,SO0040872,40872,FAS-0009,2023-07-12,8,Wrong Item
6154,SO0040876,40876,ELE-0016,2021-10-24,1,Shipping Damage
6155,SO0040887,40887,ELE-0001,2023-01-18,8,Wrong Item
6156,SO0040891,40891,FAS-0002,2025-08-16,7,Shipping Damage
6157,SO0040897,40897,FAS-0013,2022-05-30,7,Customer Changed Mind
6158,SO0040900,40900,HVA-0006,2024-01-30,1,Customer Changed Mind
6159,SO0040904,40904,HVA-0008,2023-04-12,7,Defective
6160,SO0040908,40908,HVA-0012,2021-02-05,4,Shipping Damage
6161,SO0040912,40912,HVA-0027,2023-12-05,11,Customer Changed Mind
6162,SO0040920,40920,HVA-0012,2022-03-15,8,Shipping Damage
6163,SO0040921,40921,SAF-0016,2023-04-09,14,Defective
6164,SO0040922,40922,SAF-0004,2022-07-25,9,Wrong Item
6165,SO0040923,40923,ELE-0002,2025-05-11,3,Defective
6166,SO0040926,40926,HVA-0026,2024-12-29,9,Damaged
6167,SO0040931,40931,HVA-0013,2022-02-10,4,Customer Changed Mind
6168,SO0040937,40937,HVA-0012,2024-10-07,6,Damaged
6169,SO0040943,40943,HVA-0016,2022-04-13,11,Defective
6170,SO0040946,40946,SAF-0010,2022-08-11,16,Defective
6171,SO0040956,40956,ELE-0013,2022-05-15,13,Shipping Damage
6172,SO0040958,40958,PWR-0009,2024-11-12,15,Damaged
6173,SO0040965,40965,HVA-0019,2025-12-25,1,Defective
6174,SO0040968,40968,FAS-0011,2025-11-22,1,Wrong Item
6175,SO0040971,40971,ELE-0012,2025-01-30,12,Customer Changed Mind
6176,SO0040973,40973,FAS-0002,2025-06-15,6,Customer Changed Mind
6177,SO0040979,40979,HVA-0016,2022-05-22,5,Wrong Item
6178,SO0040980,40980,SAF-0005,2023-02-25,1,Damaged
6179,SO0040981,40981,PWR-0002,2023-12-08,2,Wrong Item
6180,SO0040982,40982,PWR-0007,2021-10-23,1,Shipping Damage
6181,SO0040986,40986,SAF-0002,2023-07-26,8,Defective
6182,SO0040992,40992,FAS-0010,2022-01-31,5,Wrong Item
6183,SO0041003,41003,SAF-0009,2023-04-09,5,Damaged
6184,SO0041007,41007,HVA-0009,2024-11-19,3,Wrong Item
6185,SO0041011,41011,FAS-0004,2025-01-17,3,Customer Changed Mind
6186,SO0041011,41011,FAS-0005,2025-01-22,11,Wrong Item
6187,SO0041015,41015,SAF-0013,2021-04-09,2,Damaged
6188,SO0041017,41017,PWR-0001,2025-03-25,10,Defective
6189,SO0041030,41030,SAF-0008,2024-01-17,17,Customer Changed Mind
6190,SO0041032,41032,FAS-0001,2022-06-18,2,Wrong Item
6191,SO0041033,41033,FAS-0008,2021-12-25,4,Shipping Damage
6192,SO0041044,41044,FAS-0008,2021-10-31,3,Customer Changed Mind
6193,SO0041048,41048,PWR-0003,2024-06-15,11,Shipping Damage
6194,SO0041055,41055,PWR-0013,2021-03-03,5,Damaged
6195,SO0041061,41061,HVA-0028,2021-11-06,4,Wrong Item
6196,SO0041067,41067,ELE-0015,2024-04-04,1,Damaged
6197,SO0041069,41069,ELE-0004,2021-03-02,17,Damaged
6198,SO0041084,41084,HVA-0006,2021-10-19,16,Damaged
6199,SO0041091,41091,FAS-0011,2021-09-02,2,Customer Changed Mind
6200,SO0041091,41091,FAS-0002,2021-09-03,13,Customer Changed Mind
6201,SO0041094,41094,SAF-0002,2022-06-18,1,Shipping Damage
6202,SO0041107,41107,ELE-0021,2022-08-29,1,Wrong Item
6203,SO0041121,41121,SAF-0011,2023-02-24,3,Wrong Item
6204,SO0041123,41123,HVA-0006,2022-10-15,14,Defective
6205,SO0041123,41123,ELE-0016,2022-10-16,14,Defective
6206,SO0041142,41142,SAF-0002,2025-11-13,18,Defective
6207,SO0041146,41146,ELE-0010,2025-01-09,1,Damaged
6208,SO0041153,41153,HVA-0020,2024-10-21,3,Damaged
6209,SO0041155,41155,ELE-0018,2025-09-10,5,Damaged
6210,SO0041155,41155,ELE-0023,2025-09-22,3,Customer Changed Mind
6211,SO0041156,41156,HVA-0025,2025-08-08,10,Shipping Damage
6212,SO0041169,41169,FAS-0006,2022-07-03,6,Shipping Damage
6213,SO0041180,41180,PWR-0008,2024-04-17,6,Wrong Item
6214,SO0041182,41182,SAF-0005,2023-06-15,8,Customer Changed Mind
6215,SO0041186,41186,PWR-0010,2024-07-26,2,Wrong Item
6216,SO0041193,41193,PWR-0006,2023-12-09,6,Wrong Item
6217,SO0041194,41194,FAS-0011,2021-05-31,1,Damaged
6218,SO0041206,41206,SAF-0008,2022-10-03,4,Customer Changed Mind
6219,SO0041206,41206,HVA-0021,2022-10-06,2,Shipping Damage
6220,SO0041207,41207,FAS-0007,2021-03-05,9,Shipping Damage
6221,SO0041208,41208,PWR-0005,2021-11-06,1,Wrong Item
6222,SO0041218,41218,HVA-0017,2021-02-04,1,Damaged
6223,SO0041221,41221,PWR-0004,2024-05-30,11,Wrong Item
6224,SO0041230,41230,HVA-0025,2023-01-10,11,Wrong Item
6225,SO0041233,41233,SAF-0004,2023-07-06,3,Wrong Item
6226,SO0041234,41234,ELE-0023,2024-01-17,4,Wrong Item
6227,SO0041240,41240,SAF-0013,2024-09-27,18,Customer Changed Mind
6228,SO0041252,41252,ELE-0007,2023-01-10,3,Customer Changed Mind
6229,SO0041252,41252,ELE-0015,2023-01-09,1,Shipping Damage
6230,SO0041252,41252,FAS-0010,2023-01-24,10,Shipping Damage
6231,SO0041255,41255,ELE-0020,2021-11-06,3,Shipping Damage
6232,SO0041258,41258,PWR-0005,2023-03-25,4,Customer Changed Mind
6233,SO0041263,41263,SAF-0011,2023-02-05,7,Shipping Damage
6234,SO0041282,41282,HVA-0005,2022-09-03,1,Wrong Item
6235,SO0041285,41285,SAF-0017,2022-07-02,4,Damaged
6236,SO0041295,41295,FAS-0016,2023-04-12,5,Damaged
6237,SO0041302,41302,ELE-0003,2025-11-20,1,Customer Changed Mind
6238,SO0041302,41302,SAF-0002,2025-11-12,13,Defective
6239,SO0041307,41307,HVA-0005,2024-09-01,3,Defective
6240,SO0041309,41309,PWR-0009,2023-08-28,17,Damaged
6241,SO0041311,41311,ELE-0017,2022-03-29,3,Damaged
6242,SO0041316,41316,PWR-0001,2022-11-06,4,Customer Changed Mind
6243,SO0041318,41318,HVA-0010,2024-08-24,4,Damaged
6244,SO0041325,41325,FAS-0003,2023-05-13,4,Customer Changed Mind
6245,SO0041326,41326,PWR-0010,2023-02-28,3,Damaged
6246,SO0041327,41327,HVA-0016,2024-10-01,3,Wrong Item
6247,SO0041330,41330,HVA-0003,2024-01-17,13,Damaged
6248,SO0041331,41331,PWR-0005,2025-12-31,10,Customer Changed Mind
6249,SO0041333,41333,FAS-0010,2022-12-19,18,Wrong Item
6250,SO0041334,41334,HVA-0018,2023-09-12,1,Wrong Item
6251,SO0041337,41337,HVA-0018,2022-08-26,1,Defective
6252,SO0041340,41340,HVA-0017,2025-01-06,7,Shipping Damage
6253,SO0041350,41350,FAS-0006,2022-06-26,3,Customer Changed Mind
6254,SO0041358,41358,FAS-0017,2025-08-20,2,Customer Changed Mind
6255,SO0041369,41369,SAF-0006,2025-07-17,2,Shipping Damage
6256,SO0041374,41374,PWR-0006,2023-02-03,1,Defective
6257,SO0041375,41375,PWR-0008,2025-08-27,8,Damaged
6258,SO0041382,41382,ELE-0008,2025-11-27,17,Customer Changed Mind
6259,SO0041406,41406,FAS-0012,2023-01-04,7,Damaged
6260,SO0041425,41425,ELE-0011,2023-09-12,11,Wrong Item
6261,SO0041436,41436,FAS-0006,2022-08-29,6,Shipping Damage
6262,SO0041436,41436,ELE-0012,2022-08-21,14,Wrong Item
6263,SO0041436,41436,HVA-0017,2022-09-06,3,Damaged
6264,SO0041451,41451,HVA-0025,2023-05-25,8,Shipping Damage
6265,SO0041455,41455,PWR-0002,2023-04-21,2,Shipping Damage
6266,SO0041458,41458,ELE-0002,2021-12-04,19,Customer Changed Mind
6267,SO0041461,41461,PWR-0004,2024-07-03,4,Wrong Item
6268,SO0041474,41474,ELE-0012,2025-07-02,8,Damaged
6269,SO0041485,41485,ELE-0020,2022-07-15,4,Customer Changed Mind
6270,SO0041503,41503,PWR-0013,2022-12-21,2,Wrong Item
6271,SO0041516,41516,HVA-0002,2022-05-30,2,Damaged
6272,SO0041517,41517,FAS-0006,2022-10-29,1,Customer Changed Mind
6273,SO0041520,41520,ELE-0013,2021-04-09,3,Defective
6274,SO0041526,41526,SAF-0011,2023-07-18,5,Customer Changed Mind
6275,SO0041528,41528,HVA-0001,2022-07-18,3,Damaged
6276,SO0041533,41533,ELE-0018,2024-09-02,1,Defective
6277,SO0041541,41541,FAS-0017,2021-04-15,2,Damaged
6278,SO0041557,41557,PWR-0004,2025-03-20,8,Damaged
6279,SO0041567,41567,HVA-0007,2024-12-08,1,Customer Changed Mind
6280,SO0041577,41577,FAS-0001,2021-10-21,10,Defective
6281,SO0041594,41594,FAS-0010,2024-09-07,3,Damaged
6282,SO0041604,41604,PWR-0008,2023-01-19,12,Defective
6283,SO0041627,41627,HVA-0014,2024-01-24,2,Defective
6284,SO0041630,41630,ELE-0003,2022-02-04,12,Damaged
6285,SO0041632,41632,PWR-0001,2022-04-08,13,Customer Changed Mind
6286,SO0041632,41632,HVA-0002,2022-04-04,2,Customer Changed Mind
6287,SO0041637,41637,FAS-0002,2025-03-21,17,Defective
6288,SO0041639,41639,PWR-0003,2022-08-13,4,Shipping Damage
6289,SO0041642,41642,HVA-0026,2024-01-20,6,Damaged
6290,SO0041645,41645,HVA-0008,2024-01-28,1,Customer Changed Mind
6291,SO0041655,41655,ELE-0022,2023-04-06,5,Shipping Damage
6292,SO0041673,41673,HVA-0026,2021-07-02,6,Customer Changed Mind
6293,SO0041675,41675,FAS-0018,2025-07-01,4,Defective
6294,SO0041684,41684,ELE-0002,2025-01-11,1,Customer Changed Mind
6295,SO0041695,41695,ELE-0016,2025-08-29,1,Wrong Item
6296,SO0041703,41703,ELE-0012,2025-09-02,3,Damaged
6297,SO0041716,41716,PWR-0002,2023-03-22,9,Shipping Damage
6298,SO0041722,41722,SAF-0003,2021-09-22,9,Wrong Item
6299,SO0041724,41724,PWR-0002,2026-01-23,16,Wrong Item
6300,SO0041729,41729,SAF-0003,2025-01-11,13,Customer Changed Mind
6301,SO0041736,41736,HVA-0010,2023-06-21,3,Damaged
6302,SO0041737,41737,HVA-0002,2024-08-29,9,Customer Changed Mind
6303,SO0041742,41742,ELE-0020,2023-07-13,4,Defective
6304,SO0041748,41748,HVA-0007,2025-06-22,15,Shipping Damage
6305,SO0041751,41751,HVA-0023,2025-04-09,7,Shipping Damage
6306,SO0041764,41764,HVA-0026,2024-09-30,12,Defective
6307,SO0041770,41770,SAF-0004,2025-03-27,13,Defective
6308,SO0041773,41773,ELE-0016,2025-04-02,2,Customer Changed Mind
6309,SO0041777,41777,ELE-0007,2025-04-07,6,Wrong Item
6310,SO0041779,41779,HVA-0004,2024-12-22,5,Shipping Damage
6311,SO0041786,41786,ELE-0023,2024-01-30,11,Damaged
6312,SO0041793,41793,SAF-0017,2022-11-20,1,Shipping Damage
6313,SO0041796,41796,PWR-0007,2022-11-24,5,Defective
6314,SO0041801,41801,HVA-0021,2021-09-16,2,Damaged
6315,SO0041802,41802,PWR-0007,2021-02-26,6,Shipping Damage
6316,SO0041809,41809,FAS-0010,2024-02-14,3,Wrong Item
6317,SO0041810,41810,PWR-0007,2024-06-01,6,Wrong Item
6318,SO0041811,41811,ELE-0015,2022-09-02,4,Wrong Item
6319,SO0041814,41814,ELE-0016,2021-01-20,8,Customer Changed Mind
6320,SO0041816,41816,SAF-0011,2024-07-28,1,Shipping Damage
6321,SO0041821,41821,HVA-0019,2021-03-27,2,Damaged
6322,SO0041834,41834,FAS-0002,2023-12-08,2,Shipping Damage
6323,SO0041838,41838,HVA-0003,2022-07-05,3,Customer Changed Mind
6324,SO0041842,41842,SAF-0004,2023-01-31,2,Customer Changed Mind
6325,SO0041842,41842,FAS-0003,2023-01-26,20,Damaged
6326,SO0041845,41845,ELE-0009,2025-05-26,1,Defective
6327,SO0041847,41847,HVA-0006,2025-11-07,2,Customer Changed Mind
6328,SO0041851,41851,ELE-0013,2021-04-15,4,Damaged
6329,SO0041854,41854,FAS-0017,2022-06-18,1,Shipping Damage
6330,SO0041860,41860,PWR-0002,2021-06-13,8,Shipping Damage
6331,SO0041860,41860,SAF-0005,2021-06-05,2,Wrong Item
6332,SO0041865,41865,HVA-0005,2023-08-22,2,Defective
6333,SO0041869,41869,HVA-0002,2024-05-03,3,Wrong Item
6334,SO0041871,41871,ELE-0009,2023-03-20,9,Shipping Damage
6335,SO0041872,41872,FAS-0008,2025-08-30,1,Wrong Item
6336,SO0041882,41882,ELE-0010,2025-09-02,7,Damaged
6337,SO0041885,41885,SAF-0013,2025-08-03,5,Defective
6338,SO0041905,41905,FAS-0006,2021-05-21,13,Damaged
6339,SO0041916,41916,HVA-0002,2025-04-17,12,Shipping Damage
6340,SO0041921,41921,SAF-0006,2023-05-25,13,Wrong Item
6341,SO0041922,41922,HVA-0011,2024-11-12,2,Damaged
6342,SO0041923,41923,HVA-0023,2024-07-07,2,Customer Changed Mind
6343,SO0041932,41932,HVA-0008,2023-04-14,8,Customer Changed Mind
6344,SO0041934,41934,SAF-0002,2023-04-10,4,Defective
6345,SO0041935,41935,HVA-0025,2021-02-09,7,Wrong Item
6346,SO0041944,41944,SAF-0002,2023-04-20,13,Wrong Item
6347,SO0041949,41949,FAS-0011,2021-02-01,2,Damaged
6348,SO0041953,41953,HVA-0018,2023-06-30,9,Shipping Damage
6349,SO0041966,41966,FAS-0009,2022-10-08,3,Customer Changed Mind
6350,SO0041978,41978,SAF-0016,2021-09-09,3,Defective
6351,SO0041978,41978,HVA-0003,2021-08-30,1,Defective
6352,SO0041983,41983,HVA-0019,2024-01-17,6,Shipping Damage
6353,SO0041997,41997,PWR-0013,2025-02-09,2,Shipping Damage
6354,SO0042004,42004,HVA-0021,2026-01-08,16,Defective
6355,SO0042017,42017,HVA-0025,2022-06-28,9,Customer Changed Mind
6356,SO0042018,42018,HVA-0026,2025-06-28,4,Shipping Damage
6357,SO0042019,42019,PWR-0006,2024-03-25,4,Wrong Item
6358,SO0042031,42031,ELE-0018,2022-05-19,1,Shipping Damage
6359,SO0042040,42040,HVA-0028,2022-06-07,10,Wrong Item
6360,SO0042042,42042,HVA-0026,2024-05-02,2,Wrong Item
6361,SO0042045,42045,HVA-0021,2025-03-02,5,Defective
6362,SO0042052,42052,SAF-0001,2023-04-28,3,Defective
6363,SO0042053,42053,HVA-0010,2023-11-02,13,Shipping Damage
6364,SO0042066,42066,FAS-0018,2023-05-08,5,Shipping Damage
6365,SO0042072,42072,SAF-0006,2025-03-27,1,Damaged
6366,SO0042074,42074,ELE-0012,2021-03-03,1,Damaged
6367,SO0042077,42077,FAS-0002,2025-04-28,7,Damaged
6368,SO0042080,42080,SAF-0002,2025-05-26,4,Wrong Item
6369,SO0042082,42082,FAS-0009,2023-09-06,5,Wrong Item
6370,SO0042089,42089,PWR-0007,2023-02-07,2,Customer Changed Mind
6371,SO0042094,42094,HVA-0012,2022-02-09,4,Wrong Item
6372,SO0042098,42098,ELE-0005,2025-05-13,2,Shipping Damage
6373,SO0042115,42115,HVA-0001,2025-10-07,12,Customer Changed Mind
6374,SO0042123,42123,ELE-0016,2023-07-28,12,Shipping Damage
6375,SO0042133,42133,ELE-0020,2025-03-01,8,Damaged
6376,SO0042144,42144,PWR-0005,2021-12-02,3,Damaged
6377,SO0042144,42144,SAF-0004,2021-12-11,9,Customer Changed Mind
6378,SO0042146,42146,HVA-0001,2021-11-03,14,Customer Changed Mind
6379,SO0042148,42148,SAF-0003,2023-10-06,10,Wrong Item
6380,SO0042152,42152,HVA-0027,2022-09-26,4,Shipping Damage
6381,SO0042158,42158,HVA-0011,2022-12-08,4,Defective
6382,SO0042164,42164,SAF-0012,2024-10-09,8,Defective
6383,SO0042164,42164,PWR-0003,2024-10-24,9,Shipping Damage
6384,SO0042171,42171,ELE-0011,2023-04-23,4,Wrong Item
6385,SO0042180,42180,HVA-0014,2025-08-05,4,Damaged
6386,SO0042181,42181,HVA-0001,2024-02-09,1,Customer Changed Mind
6387,SO0042184,42184,FAS-0017,2021-02-28,7,Defective
6388,SO0042189,42189,ELE-0015,2025-10-28,1,Defective
6389,SO0042196,42196,FAS-0009,2023-03-06,8,Shipping Damage
6390,SO0042203,42203,SAF-0015,2023-12-19,8,Wrong Item
6391,SO0042212,42212,ELE-0002,2023-10-14,6,Wrong Item
6392,SO0042218,42218,HVA-0005,2025-11-18,9,Wrong Item
6393,SO0042219,42219,SAF-0012,2025-06-05,2,Customer Changed Mind
6394,SO0042223,42223,SAF-0016,2022-04-01,17,Defective
6395,SO0042234,42234,FAS-0011,2025-11-12,2,Wrong Item
6396,SO0042246,42246,SAF-0001,2024-05-29,3,Damaged
6397,SO0042253,42253,SAF-0003,2021-01-12,3,Damaged
6398,SO0042258,42258,ELE-0006,2023-07-24,15,Shipping Damage
6399,SO0042264,42264,FAS-0006,2023-04-27,7,Customer Changed Mind
6400,SO0042265,42265,ELE-0014,2022-03-28,20,Customer Changed Mind
6401,SO0042268,42268,PWR-0009,2025-04-28,8,Customer Changed Mind
6402,SO0042278,42278,ELE-0015,2021-08-17,6,Defective
6403,SO0042278,42278,FAS-0012,2021-08-19,7,Wrong Item
6404,SO0042280,42280,SAF-0017,2025-01-20,9,Damaged
6405,SO0042282,42282,HVA-0021,2021-12-26,10,Wrong Item
6406,SO0042293,42293,SAF-0012,2022-06-29,3,Wrong Item
6407,SO0042303,42303,SAF-0014,2025-03-24,6,Wrong Item
6408,SO0042310,42310,SAF-0007,2025-01-28,1,Customer Changed Mind
6409,SO0042325,42325,ELE-0001,2022-06-19,1,Customer Changed Mind
6410,SO0042326,42326,SAF-0006,2023-04-06,3,Customer Changed Mind
6411,SO0042328,42328,FAS-0014,2021-05-07,2,Defective
6412,SO0042328,42328,ELE-0007,2021-04-27,1,Defective
6413,SO0042341,42341,FAS-0016,2023-07-01,12,Damaged
6414,SO0042368,42368,ELE-0019,2024-08-10,9,Wrong Item
6415,SO0042370,42370,SAF-0012,2023-09-12,6,Customer Changed Mind
6416,SO0042387,42387,ELE-0009,2024-08-24,11,Shipping Damage
6417,SO0042388,42388,HVA-0016,2025-04-11,20,Shipping Damage
6418,SO0042392,42392,HVA-0011,2023-03-23,2,Shipping Damage
6419,SO0042402,42402,ELE-0022,2023-03-22,4,Customer Changed Mind
6420,SO0042405,42405,HVA-0016,2022-07-25,13,Damaged
6421,SO0042405,42405,HVA-0006,2022-08-02,9,Shipping Damage
6422,SO0042408,42408,HVA-0008,2022-01-28,12,Customer Changed Mind
6423,SO0042417,42417,SAF-0007,2024-04-14,3,Damaged
6424,SO0042420,42420,HVA-0009,2023-06-28,7,Customer Changed Mind
6425,SO0042427,42427,HVA-0017,2023-01-16,3,Customer Changed Mind
6426,SO0042429,42429,ELE-0019,2021-11-18,7,Damaged
6427,SO0042451,42451,PWR-0005,2022-11-17,2,Damaged
6428,SO0042458,42458,PWR-0009,2024-01-16,4,Wrong Item
6429,SO0042459,42459,PWR-0004,2024-03-01,1,Damaged
6430,SO0042467,42467,SAF-0007,2022-06-16,16,Wrong Item
6431,SO0042481,42481,FAS-0005,2022-06-08,9,Wrong Item
6432,SO0042489,42489,ELE-0009,2024-07-01,9,Wrong Item
6433,SO0042490,42490,SAF-0014,2024-12-27,8,Shipping Damage
6434,SO0042492,42492,FAS-0005,2021-05-04,2,Customer Changed Mind
6435,SO0042493,42493,FAS-0010,2024-10-17,2,Damaged
6436,SO0042497,42497,SAF-0015,2025-02-03,1,Damaged
6437,SO0042499,42499,FAS-0016,2022-05-15,15,Customer Changed Mind
6438,SO0042513,42513,SAF-0004,2022-10-12,2,Damaged
6439,SO0042513,42513,PWR-0012,2022-10-29,10,Wrong Item
6440,SO0042514,42514,SAF-0011,2022-06-03,2,Shipping Damage
6441,SO0042516,42516,HVA-0002,2023-03-27,1,Customer Changed Mind
6442,SO0042516,42516,ELE-0001,2023-03-30,1,Wrong Item
6443,SO0042518,42518,SAF-0009,2024-03-16,3,Defective
6444,SO0042527,42527,HVA-0015,2022-08-09,4,Shipping Damage
6445,SO0042538,42538,PWR-0012,2022-11-07,2,Damaged
6446,SO0042540,42540,HVA-0024,2024-09-11,6,Customer Changed Mind
6447,SO0042543,42543,HVA-0026,2022-04-13,9,Shipping Damage
6448,SO0042544,42544,HVA-0010,2025-09-24,1,Wrong Item
6449,SO0042545,42545,SAF-0009,2023-03-29,12,Customer Changed Mind
6450,SO0042549,42549,PWR-0009,2021-09-30,1,Shipping Damage
6451,SO0042552,42552,ELE-0008,2022-12-20,4,Wrong Item
6452,SO0042560,42560,SAF-0017,2024-06-30,12,Shipping Damage
6453,SO0042570,42570,SAF-0010,2022-01-06,3,Damaged
6454,SO0042586,42586,ELE-0009,2025-07-20,12,Customer Changed Mind
6455,SO0042590,42590,FAS-0011,2023-01-25,5,Shipping Damage
6456,SO0042602,42602,HVA-0009,2023-03-02,15,Shipping Damage
6457,SO0042611,42611,SAF-0013,2024-02-26,2,Shipping Damage
6458,SO0042617,42617,HVA-0017,2022-11-10,8,Damaged
6459,SO0042619,42619,PWR-0005,2021-04-19,2,Wrong Item
6460,SO0042620,42620,ELE-0006,2022-01-08,8,Shipping Damage
6461,SO0042627,42627,HVA-0025,2024-12-31,2,Damaged
6462,SO0042633,42633,SAF-0012,2025-07-28,4,Wrong Item
6463,SO0042648,42648,HVA-0025,2024-02-02,14,Customer Changed Mind
6464,SO0042649,42649,ELE-0012,2023-06-08,13,Customer Changed Mind
6465,SO0042650,42650,ELE-0006,2025-08-11,2,Shipping Damage
6466,SO0042670,42670,HVA-0008,2024-01-21,7,Defective
6467,SO0042676,42676,FAS-0014,2021-12-03,13,Defective
6468,SO0042704,42704,PWR-0007,2022-06-10,10,Shipping Damage
6469,SO0042706,42706,ELE-0021,2025-05-16,8,Defective
6470,SO0042709,42709,HVA-0022,2023-01-20,20,Defective
6471,SO0042714,42714,ELE-0021,2024-05-10,8,Shipping Damage
6472,SO0042715,42715,HVA-0023,2025-08-24,6,Shipping Damage
6473,SO0042716,42716,SAF-0015,2021-10-30,2,Shipping Damage
6474,SO0042718,42718,SAF-0001,2024-08-02,5,Customer Changed Mind
6475,SO0042726,42726,FAS-0007,2024-09-21,2,Defective
6476,SO0042733,42733,SAF-0003,2025-06-01,2,Wrong Item
6477,SO0042736,42736,HVA-0004,2024-02-16,11,Defective
6478,SO0042747,42747,HVA-0018,2022-12-13,12,Defective
6479,SO0042749,42749,HVA-0027,2025-02-11,11,Wrong Item
6480,SO0042750,42750,SAF-0006,2025-02-22,1,Customer Changed Mind
6481,SO0042757,42757,HVA-0001,2024-08-19,3,Damaged
6482,SO0042758,42758,HVA-0004,2024-10-29,6,Customer Changed Mind
6483,SO0042761,42761,ELE-0013,2021-01-22,6,Defective
6484,SO0042771,42771,HVA-0005,2021-03-24,8,Defective
6485,SO0042781,42781,HVA-0006,2021-02-13,1,Customer Changed Mind
6486,SO0042784,42784,ELE-0011,2023-07-18,5,Defective
6487,SO0042785,42785,HVA-0004,2021-06-05,6,Damaged
6488,SO0042789,42789,SAF-0004,2022-06-30,6,Defective
6489,SO0042792,42792,ELE-0012,2022-08-21,3,Defective
6490,SO0042798,42798,ELE-0019,2023-06-10,1,Damaged
6491,SO0042802,42802,ELE-0006,2021-03-21,1,Customer Changed Mind
6492,SO0042803,42803,ELE-0016,2021-09-05,7,Defective
6493,SO0042803,42803,PWR-0013,2021-09-19,1,Shipping Damage
6494,SO0042806,42806,FAS-0009,2025-08-31,1,Defective
6495,SO0042812,42812,HVA-0007,2022-04-24,1,Damaged
6496,SO0042814,42814,HVA-0028,2022-01-19,3,Customer Changed Mind
6497,SO0042823,42823,HVA-0001,2024-12-11,5,Customer Changed Mind
6498,SO0042830,42830,HVA-0001,2024-02-17,8,Defective
6499,SO0042840,42840,HVA-0023,2023-08-29,11,Damaged
6500,SO0042861,42861,SAF-0017,2022-11-02,2,Shipping Damage
6501,SO0042865,42865,PWR-0005,2023-02-08,4,Shipping Damage
6502,SO0042868,42868,PWR-0008,2024-04-10,10,Damaged
6503,SO0042906,42906,ELE-0023,2021-11-04,2,Shipping Damage
6504,SO0042910,42910,PWR-0005,2023-11-25,3,Damaged
6505,SO0042919,42919,HVA-0012,2025-06-28,3,Wrong Item
6506,SO0042925,42925,PWR-0007,2021-08-21,5,Wrong Item
6507,SO0042929,42929,HVA-0019,2024-05-17,2,Wrong Item
6508,SO0042936,42936,HVA-0007,2025-05-17,3,Shipping Damage
6509,SO0042937,42937,ELE-0023,2025-06-28,2,Shipping Damage
6510,SO0042947,42947,SAF-0010,2023-04-24,6,Customer Changed Mind
6511,SO0042953,42953,PWR-0010,2024-02-21,9,Wrong Item
6512,SO0042954,42954,SAF-0009,2022-04-06,1,Defective
6513,SO0042959,42959,HVA-0026,2024-11-21,7,Damaged
6514,SO0042975,42975,ELE-0013,2023-08-23,1,Shipping Damage
6515,SO0042977,42977,FAS-0003,2024-09-04,1,Customer Changed Mind
6516,SO0042980,42980,FAS-0005,2021-07-21,2,Customer Changed Mind
6517,SO0042984,42984,ELE-0003,2024-07-27,10,Customer Changed Mind
6518,SO0042995,42995,ELE-0001,2024-11-04,6,Shipping Damage
6519,SO0042995,42995,SAF-0004,2024-10-29,5,Defective
6520,SO0043017,43017,SAF-0001,2022-05-12,6,Damaged
6521,SO0043019,43019,ELE-0012,2022-03-20,5,Customer Changed Mind
6522,SO0043019,43019,FAS-0004,2022-03-04,6,Shipping Damage
6523,SO0043020,43020,PWR-0010,2022-07-14,9,Defective
6524,SO0043021,43021,ELE-0018,2021-12-08,13,Damaged
6525,SO0043022,43022,SAF-0002,2023-11-23,6,Customer Changed Mind
6526,SO0043029,43029,PWR-0004,2024-07-30,3,Shipping Damage
6527,SO0043051,43051,HVA-0010,2021-04-22,8,Damaged
6528,SO0043051,43051,SAF-0006,2021-04-13,4,Wrong Item
6529,SO0043057,43057,SAF-0017,2024-05-28,1,Customer Changed Mind
6530,SO0043069,43069,FAS-0004,2023-10-30,3,Customer Changed Mind
6531,SO0043071,43071,PWR-0012,2025-12-14,9,Damaged
6532,SO0043091,43091,HVA-0026,2023-04-12,4,Wrong Item
6533,SO0043095,43095,ELE-0002,2022-02-22,3,Shipping Damage
6534,SO0043096,43096,HVA-0021,2023-11-28,1,Defective
6535,SO0043096,43096,HVA-0026,2023-12-20,1,Customer Changed Mind
6536,SO0043103,43103,HVA-0020,2024-08-13,2,Customer Changed Mind
6537,SO0043108,43108,FAS-0013,2021-04-29,5,Wrong Item
6538,SO0043115,43115,FAS-0006,2022-11-03,12,Shipping Damage
6539,SO0043116,43116,SAF-0011,2022-05-08,3,Damaged
6540,SO0043124,43124,HVA-0021,2021-06-24,2,Damaged
6541,SO0043125,43125,HVA-0003,2021-09-26,11,Defective
6542,SO0043130,43130,ELE-0003,2022-07-29,1,Customer Changed Mind
6543,SO0043135,43135,PWR-0009,2021-12-24,5,Wrong Item
6544,SO0043138,43138,FAS-0018,2021-01-29,12,Defective
6545,SO0043147,43147,ELE-0002,2025-04-07,3,Customer Changed Mind
6546,SO0043149,43149,PWR-0005,2023-08-18,4,Wrong Item
6547,SO0043151,43151,SAF-0014,2024-04-14,7,Damaged
6548,SO0043184,43184,HVA-0014,2022-01-22,1,Shipping Damage
6549,SO0043190,43190,HVA-0002,2021-11-01,6,Customer Changed Mind
6550,SO0043194,43194,SAF-0003,2024-02-21,4,Wrong Item
6551,SO0043207,43207,PWR-0002,2021-05-09,1,Customer Changed Mind
6552,SO0043208,43208,HVA-0020,2023-09-09,3,Customer Changed Mind
6553,SO0043212,43212,FAS-0007,2022-02-09,6,Shipping Damage
6554,SO0043214,43214,HVA-0016,2024-09-06,6,Defective
6555,SO0043215,43215,HVA-0016,2025-11-25,1,Customer Changed Mind
6556,SO0043229,43229,HVA-0012,2026-01-15,1,Customer Changed Mind
6557,SO0043231,43231,ELE-0014,2023-08-22,2,Damaged
6558,SO0043241,43241,FAS-0002,2023-07-25,2,Wrong Item
6559,SO0043242,43242,HVA-0025,2025-01-06,2,Damaged
6560,SO0043258,43258,ELE-0017,2021-07-10,3,Wrong Item
6561,SO0043258,43258,ELE-0015,2021-06-23,12,Defective
6562,SO0043260,43260,HVA-0021,2021-03-22,10,Defective
6563,SO0043261,43261,HVA-0012,2023-10-09,2,Defective
6564,SO0043263,43263,SAF-0011,2024-03-11,5,Defective
6565,SO0043263,43263,SAF-0007,2024-03-14,8,Defective
6566,SO0043264,43264,HVA-0002,2022-01-24,2,Damaged
6567,SO0043271,43271,ELE-0008,2025-06-05,4,Defective
6568,SO0043273,43273,SAF-0009,2025-10-05,7,Wrong Item
6569,SO0043277,43277,SAF-0005,2023-07-29,1,Shipping Damage
6570,SO0043288,43288,PWR-0014,2023-02-27,5,Shipping Damage
6571,SO0043303,43303,ELE-0017,2024-02-07,15,Damaged
6572,SO0043308,43308,ELE-0019,2025-02-03,8,Customer Changed Mind
6573,SO0043308,43308,HVA-0002,2025-02-07,3,Customer Changed Mind
6574,SO0043335,43335,HVA-0009,2022-12-16,3,Wrong Item
6575,SO0043351,43351,HVA-0004,2025-08-23,10,Defective
6576,SO0043353,43353,ELE-0019,2025-08-06,1,Customer Changed Mind
6577,SO0043356,43356,FAS-0002,2023-11-13,2,Shipping Damage
6578,SO0043370,43370,ELE-0002,2022-03-30,7,Customer Changed Mind
6579,SO0043376,43376,HVA-0011,2023-11-25,3,Damaged
6580,SO0043390,43390,HVA-0003,2024-07-25,2,Defective
6581,SO0043413,43413,HVA-0022,2024-02-28,4,Customer Changed Mind
6582,SO0043427,43427,HVA-0018,2022-10-23,15,Wrong Item
6583,SO0043430,43430,ELE-0022,2023-12-01,2,Shipping Damage
6584,SO0043438,43438,FAS-0003,2021-11-27,2,Customer Changed Mind
6585,SO0043446,43446,PWR-0004,2025-12-16,5,Wrong Item
6586,SO0043450,43450,FAS-0008,2023-02-28,2,Wrong Item
6587,SO0043467,43467,ELE-0021,2021-07-15,10,Wrong Item
6588,SO0043476,43476,SAF-0009,2025-12-07,3,Shipping Damage
6589,SO0043478,43478,FAS-0015,2022-06-07,3,Defective
6590,SO0043502,43502,HVA-0014,2021-11-03,4,Damaged
6591,SO0043505,43505,SAF-0017,2025-02-21,5,Defective
6592,SO0043511,43511,FAS-0013,2022-08-20,6,Damaged
6593,SO0043516,43516,HVA-0018,2021-10-21,3,Defective
6594,SO0043518,43518,FAS-0017,2021-10-24,4,Damaged
6595,SO0043522,43522,ELE-0015,2024-09-28,8,Damaged
6596,SO0043524,43524,PWR-0013,2022-08-11,7,Shipping Damage
6597,SO0043524,43524,SAF-0002,2022-08-19,8,Customer Changed Mind
6598,SO0043543,43543,SAF-0017,2023-05-29,3,Damaged
6599,SO0043544,43544,SAF-0017,2025-09-25,6,Wrong Item
6600,SO0043557,43557,FAS-0011,2025-06-14,10,Damaged
6601,SO0043557,43557,PWR-0006,2025-05-22,13,Wrong Item
6602,SO0043564,43564,SAF-0013,2021-02-27,9,Damaged
6603,SO0043567,43567,ELE-0008,2022-03-21,2,Damaged
6604,SO0043568,43568,PWR-0014,2025-03-03,5,Customer Changed Mind
6605,SO0043573,43573,FAS-0011,2024-03-23,1,Shipping Damage
6606,SO0043584,43584,ELE-0009,2025-04-07,4,Wrong Item
6607,SO0043588,43588,SAF-0007,2023-06-07,5,Shipping Damage
6608,SO0043599,43599,SAF-0017,2026-01-20,2,Damaged
6609,SO0043623,43623,HVA-0002,2024-07-07,11,Shipping Damage
6610,SO0043645,43645,FAS-0016,2025-02-20,1,Defective
6611,SO0043646,43646,HVA-0018,2022-10-14,5,Damaged
6612,SO0043656,43656,FAS-0005,2024-08-09,8,Customer Changed Mind
6613,SO0043667,43667,HVA-0027,2023-10-20,14,Defective
6614,SO0043671,43671,ELE-0002,2025-03-13,3,Shipping Damage
6615,SO0043673,43673,HVA-0026,2023-02-26,1,Customer Changed Mind
6616,SO0043697,43697,PWR-0013,2022-08-07,7,Wrong Item
6617,SO0043706,43706,FAS-0005,2024-09-28,5,Wrong Item
6618,SO0043712,43712,SAF-0017,2024-08-31,6,Shipping Damage
6619,SO0043715,43715,FAS-0017,2023-06-12,13,Shipping Damage
6620,SO0043718,43718,HVA-0013,2023-08-24,10,Customer Changed Mind
6621,SO0043727,43727,HVA-0002,2025-11-01,6,Damaged
6622,SO0043737,43737,SAF-0004,2023-01-01,3,Shipping Damage
6623,SO0043741,43741,FAS-0007,2024-08-03,7,Customer Changed Mind
6624,SO0043750,43750,SAF-0004,2024-09-07,5,Customer Changed Mind
6625,SO0043764,43764,ELE-0019,2023-01-19,2,Defective
6626,SO0043771,43771,ELE-0004,2023-02-18,9,Wrong Item
6627,SO0043774,43774,PWR-0004,2021-01-15,1,Wrong Item
6628,SO0043774,43774,SAF-0006,2021-02-06,6,Damaged
6629,SO0043776,43776,SAF-0015,2022-12-28,8,Customer Changed Mind
6630,SO0043778,43778,HVA-0009,2025-09-05,12,Customer Changed Mind
6631,SO0043791,43791,ELE-0020,2023-01-27,3,Shipping Damage
6632,SO0043797,43797,HVA-0013,2021-01-11,9,Shipping Damage
6633,SO0043797,43797,ELE-0016,2021-01-12,16,Damaged
6634,SO0043842,43842,SAF-0005,2021-12-04,2,Customer Changed Mind
6635,SO0043848,43848,SAF-0011,2023-10-26,10,Defective
6636,SO0043849,43849,FAS-0006,2025-09-20,3,Wrong Item
6637,SO0043849,43849,HVA-0022,2025-09-21,5,Defective
6638,SO0043864,43864,ELE-0019,2025-12-29,8,Customer Changed Mind
6639,SO0043873,43873,HVA-0004,2021-04-05,2,Wrong Item
6640,SO0043874,43874,SAF-0006,2022-08-07,1,Defective
6641,SO0043879,43879,HVA-0005,2022-12-02,12,Shipping Damage
6642,SO0043884,43884,HVA-0008,2021-05-06,9,Shipping Damage
6643,SO0043907,43907,ELE-0014,2025-04-24,13,Customer Changed Mind
6644,SO0043915,43915,HVA-0022,2021-03-24,6,Customer Changed Mind
6645,SO0043919,43919,HVA-0019,2024-05-27,1,Defective
6646,SO0043919,43919,HVA-0026,2024-05-08,3,Customer Changed Mind
6647,SO0043934,43934,SAF-0002,2025-12-15,7,Defective
6648,SO0043935,43935,ELE-0018,2025-03-12,7,Shipping Damage
6649,SO0043941,43941,ELE-0018,2021-10-03,18,Wrong Item
6650,SO0043950,43950,PWR-0008,2023-04-21,5,Customer Changed Mind
6651,SO0043954,43954,ELE-0003,2025-12-20,4,Damaged
6652,SO0043982,43982,FAS-0012,2022-05-15,2,Shipping Damage
6653,SO0043988,43988,HVA-0005,2025-10-17,9,Wrong Item
6654,SO0043993,43993,PWR-0013,2024-08-30,11,Defective
6655,SO0043994,43994,ELE-0002,2023-01-10,5,Customer Changed Mind
6656,SO0043998,43998,HVA-0028,2023-02-06,1,Wrong Item
6657,SO0044025,44025,SAF-0005,2023-12-14,2,Wrong Item
6658,SO0044028,44028,ELE-0007,2024-09-19,5,Damaged
6659,SO0044031,44031,ELE-0007,2021-10-05,5,Defective
6660,SO0044037,44037,FAS-0004,2025-03-25,1,Wrong Item
6661,SO0044038,44038,HVA-0011,2022-12-03,4,Shipping Damage
6662,SO0044048,44048,SAF-0001,2022-07-22,2,Shipping Damage
6663,SO0044054,44054,SAF-0010,2022-09-30,11,Damaged
6664,SO0044066,44066,HVA-0027,2024-04-26,1,Shipping Damage
6665,SO0044092,44092,SAF-0009,2024-06-24,6,Damaged
6666,SO0044095,44095,ELE-0021,2024-06-05,8,Customer Changed Mind
6667,SO0044108,44108,FAS-0014,2021-12-06,5,Customer Changed Mind
6668,SO0044110,44110,PWR-0002,2025-02-18,7,Customer Changed Mind
6669,SO0044112,44112,FAS-0007,2024-10-28,6,Shipping Damage
6670,SO0044122,44122,HVA-0007,2021-08-25,1,Customer Changed Mind
6671,SO0044133,44133,HVA-0002,2022-11-19,10,Damaged
6672,SO0044151,44151,HVA-0023,2023-06-01,5,Wrong Item
6673,SO0044154,44154,HVA-0004,2022-08-28,9,Customer Changed Mind
6674,SO0044158,44158,SAF-0002,2021-10-18,9,Defective
6675,SO0044160,44160,PWR-0001,2023-11-15,10,Defective
6676,SO0044161,44161,PWR-0014,2024-10-17,10,Customer Changed Mind
6677,SO0044162,44162,HVA-0006,2025-11-15,9,Wrong Item
6678,SO0044185,44185,PWR-0009,2022-09-12,4,Damaged
6679,SO0044189,44189,HVA-0008,2023-05-16,4,Customer Changed Mind
6680,SO0044192,44192,FAS-0017,2023-03-31,1,Customer Changed Mind
6681,SO0044193,44193,SAF-0006,2022-10-23,5,Customer Changed Mind
6682,SO0044203,44203,HVA-0026,2021-08-19,5,Damaged
6683,SO0044206,44206,FAS-0002,2024-12-25,1,Shipping Damage
6684,SO0044208,44208,SAF-0015,2025-02-12,3,Shipping Damage
6685,SO0044216,44216,FAS-0010,2023-07-24,4,Defective
6686,SO0044221,44221,SAF-0017,2024-12-31,2,Shipping Damage
6687,SO0044229,44229,ELE-0013,2024-10-15,4,Wrong Item
6688,SO0044238,44238,HVA-0028,2021-02-27,4,Defective
6689,SO0044239,44239,FAS-0001,2022-12-30,2,Damaged
6690,SO0044242,44242,ELE-0015,2023-04-25,7,Damaged
6691,SO0044250,44250,PWR-0009,2024-09-30,10,Shipping Damage
6692,SO0044262,44262,PWR-0005,2023-07-11,1,Shipping Damage
6693,SO0044265,44265,PWR-0011,2021-05-26,1,Wrong Item
6694,SO0044266,44266,ELE-0021,2022-01-24,6,Damaged
6695,SO0044298,44298,HVA-0001,2025-11-05,8,Shipping Damage
6696,SO0044313,44313,ELE-0001,2025-08-23,4,Damaged
6697,SO0044313,44313,SAF-0002,2025-08-21,1,Defective
6698,SO0044313,44313,ELE-0009,2025-08-20,6,Customer Changed Mind
6699,SO0044324,44324,HVA-0003,2025-04-02,4,Damaged
6700,SO0044326,44326,SAF-0017,2025-12-25,1,Customer Changed Mind
6701,SO0044326,44326,PWR-0003,2025-12-14,1,Defective
6702,SO0044329,44329,HVA-0017,2023-04-10,14,Shipping Damage
6703,SO0044333,44333,HVA-0028,2025-08-04,2,Damaged
6704,SO0044335,44335,PWR-0011,2023-03-14,11,Customer Changed Mind
6705,SO0044346,44346,PWR-0005,2021-09-10,5,Shipping Damage
6706,SO0044349,44349,HVA-0018,2021-04-23,2,Wrong Item
6707,SO0044356,44356,FAS-0012,2023-01-04,6,Shipping Damage
6708,SO0044360,44360,HVA-0008,2023-11-14,2,Damaged
6709,SO0044370,44370,FAS-0003,2022-11-16,13,Defective
6710,SO0044370,44370,ELE-0005,2022-11-18,15,Customer Changed Mind
6711,SO0044381,44381,SAF-0010,2025-05-17,3,Customer Changed Mind
6712,SO0044385,44385,ELE-0020,2021-10-16,11,Shipping Damage
6713,SO0044391,44391,ELE-0005,2022-10-08,15,Shipping Damage
6714,SO0044399,44399,FAS-0018,2022-09-17,4,Customer Changed Mind
6715,SO0044400,44400,PWR-0007,2025-08-29,4,Wrong Item
6716,SO0044403,44403,FAS-0017,2024-12-24,5,Damaged
6717,SO0044412,44412,PWR-0013,2023-07-12,3,Wrong Item
6718,SO0044421,44421,HVA-0020,2023-04-08,2,Defective
6719,SO0044423,44423,FAS-0011,2021-03-31,3,Wrong Item
6720,SO0044431,44431,SAF-0010,2021-07-23,12,Shipping Damage
6721,SO0044431,44431,SAF-0008,2021-08-06,5,Customer Changed Mind
6722,SO0044445,44445,ELE-0017,2022-01-15,1,Wrong Item
6723,SO0044449,44449,HVA-0023,2025-10-17,5,Wrong Item
6724,SO0044453,44453,PWR-0001,2024-03-01,4,Shipping Damage
6725,SO0044454,44454,FAS-0010,2021-03-18,2,Shipping Damage
6726,SO0044470,44470,SAF-0013,2023-10-31,2,Damaged
6727,SO0044481,44481,PWR-0008,2025-06-19,2,Shipping Damage
6728,SO0044481,44481,HVA-0008,2025-06-10,1,Wrong Item
6729,SO0044486,44486,SAF-0001,2023-02-23,1,Shipping Damage
6730,SO0044486,44486,PWR-0008,2023-02-28,1,Customer Changed Mind
6731,SO0044487,44487,SAF-0014,2022-07-17,11,Customer Changed Mind
6732,SO0044497,44497,FAS-0015,2023-02-15,5,Wrong Item
6733,SO0044497,44497,SAF-0002,2023-02-04,6,Defective
6734,SO0044497,44497,FAS-0011,2023-02-06,2,Defective
6735,SO0044498,44498,HVA-0003,2025-10-24,1,Damaged
6736,SO0044500,44500,SAF-0005,2023-03-18,1,Wrong Item
6737,SO0044506,44506,ELE-0010,2021-11-24,3,Shipping Damage
6738,SO0044508,44508,SAF-0010,2024-09-24,2,Damaged
6739,SO0044509,44509,HVA-0022,2025-09-14,9,Shipping Damage
6740,SO0044515,44515,ELE-0012,2024-02-02,17,Shipping Damage
6741,SO0044517,44517,SAF-0004,2023-10-06,10,Wrong Item
6742,SO0044518,44518,HVA-0024,2024-09-23,1,Wrong Item
6743,SO0044519,44519,PWR-0001,2023-03-04,5,Damaged
6744,SO0044520,44520,PWR-0006,2021-03-01,2,Damaged
6745,SO0044521,44521,FAS-0010,2023-12-19,1,Customer Changed Mind
6746,SO0044531,44531,PWR-0014,2024-09-02,4,Customer Changed Mind
6747,SO0044533,44533,HVA-0008,2025-09-25,2,Customer Changed Mind
6748,SO0044547,44547,FAS-0010,2021-07-28,3,Damaged
6749,SO0044556,44556,FAS-0010,2023-04-28,2,Defective
6750,SO0044557,44557,SAF-0001,2023-10-26,3,Customer Changed Mind
6751,SO0044557,44557,FAS-0003,2023-10-24,3,Wrong Item
6752,SO0044567,44567,HVA-0001,2024-10-28,8,Wrong Item
6753,SO0044569,44569,ELE-0021,2023-11-08,3,Customer Changed Mind
6754,SO0044571,44571,SAF-0010,2024-09-21,14,Damaged
6755,SO0044571,44571,PWR-0011,2024-09-27,3,Defective
6756,SO0044578,44578,HVA-0008,2024-02-14,6,Damaged
6757,SO0044579,44579,ELE-0001,2024-09-11,4,Damaged
6758,SO0044591,44591,SAF-0015,2024-02-17,2,Damaged
6759,SO0044593,44593,HVA-0003,2025-10-03,1,Damaged
6760,SO0044599,44599,FAS-0007,2021-02-24,7,Customer Changed Mind
6761,SO0044600,44600,SAF-0014,2023-03-21,1,Shipping Damage
6762,SO0044602,44602,ELE-0002,2025-03-18,5,Shipping Damage
6763,SO0044602,44602,ELE-0001,2025-03-22,7,Shipping Damage
6764,SO0044604,44604,SAF-0017,2021-04-03,2,Wrong Item
6765,SO0044617,44617,HVA-0025,2021-04-13,1,Shipping Damage
6766,SO0044625,44625,PWR-0005,2021-07-31,3,Defective
6767,SO0044647,44647,HVA-0024,2025-03-02,6,Damaged
6768,SO0044656,44656,HVA-0024,2025-10-23,5,Wrong Item
6769,SO0044664,44664,ELE-0006,2022-01-11,1,Wrong Item
6770,SO0044666,44666,HVA-0020,2025-02-28,4,Damaged
6771,SO0044676,44676,HVA-0008,2025-06-02,7,Defective
6772,SO0044682,44682,HVA-0028,2025-05-10,5,Defective
6773,SO0044692,44692,FAS-0014,2024-09-23,11,Wrong Item
6774,SO0044708,44708,FAS-0008,2025-03-16,13,Damaged
6775,SO0044723,44723,PWR-0003,2025-06-27,1,Customer Changed Mind
6776,SO0044730,44730,SAF-0008,2021-12-07,8,Wrong Item
6777,SO0044740,44740,PWR-0014,2021-10-18,11,Customer Changed Mind
6778,SO0044764,44764,HVA-0025,2021-02-10,2,Shipping Damage
6779,SO0044768,44768,FAS-0010,2022-03-29,14,Shipping Damage
6780,SO0044771,44771,PWR-0009,2023-10-26,5,Wrong Item
6781,SO0044772,44772,SAF-0016,2024-08-28,5,Damaged
6782,SO0044785,44785,ELE-0006,2022-05-28,1,Shipping Damage
6783,SO0044787,44787,SAF-0005,2021-02-08,7,Wrong Item
6784,SO0044796,44796,HVA-0004,2023-04-11,11,Defective
6785,SO0044802,44802,SAF-0017,2023-11-18,12,Defective
6786,SO0044804,44804,ELE-0005,2023-01-06,12,Defective
6787,SO0044821,44821,HVA-0020,2022-04-23,2,Customer Changed Mind
6788,SO0044838,44838,HVA-0027,2024-02-11,9,Damaged
6789,SO0044849,44849,SAF-0010,2024-12-23,2,Customer Changed Mind
6790,SO0044849,44849,ELE-0014,2025-01-08,5,Customer Changed Mind
6791,SO0044861,44861,SAF-0002,2022-08-29,5,Wrong Item
6792,SO0044877,44877,HVA-0021,2025-06-10,8,Wrong Item
6793,SO0044878,44878,FAS-0018,2025-09-27,10,Defective
6794,SO0044894,44894,FAS-0005,2021-06-05,4,Customer Changed Mind
6795,SO0044919,44919,HVA-0015,2021-07-08,6,Wrong Item
6796,SO0044932,44932,HVA-0003,2023-10-31,4,Defective
6797,SO0044945,44945,HVA-0022,2025-12-25,8,Customer Changed Mind
6798,SO0044947,44947,HVA-0011,2022-07-10,8,Defective
6799,SO0044957,44957,SAF-0002,2021-10-16,4,Defective
6800,SO0044963,44963,SAF-0016,2025-06-16,1,Wrong Item
6801,SO0044968,44968,FAS-0014,2023-11-10,2,Shipping Damage
6802,SO0044975,44975,ELE-0006,2024-12-19,16,Defective
6803,SO0044978,44978,ELE-0023,2022-07-25,16,Damaged
6804,SO0044981,44981,SAF-0014,2021-03-19,1,Damaged
6805,SO0044983,44983,HVA-0002,2025-06-25,1,Damaged
6806,SO0044990,44990,HVA-0003,2023-09-09,15,Wrong Item
6807,SO0044991,44991,PWR-0003,2022-06-22,4,Customer Changed Mind
6808,SO0045002,45002,FAS-0002,2024-08-30,14,Shipping Damage
6809,SO0045004,45004,ELE-0006,2021-07-17,1,Shipping Damage
6810,SO0045004,45004,PWR-0002,2021-06-25,4,Damaged
6811,SO0045014,45014,PWR-0008,2021-09-07,3,Defective
6812,SO0045023,45023,FAS-0014,2022-07-03,3,Shipping Damage
6813,SO0045024,45024,PWR-0013,2025-01-12,9,Wrong Item
6814,SO0045030,45030,HVA-0020,2024-12-06,7,Damaged
6815,SO0045030,45030,SAF-0010,2024-11-30,11,Shipping Damage
6816,SO0045037,45037,HVA-0007,2025-11-18,17,Damaged
6817,SO0045038,45038,ELE-0010,2023-09-14,3,Damaged
6818,SO0045039,45039,SAF-0001,2022-06-18,3,Shipping Damage
6819,SO0045046,45046,PWR-0004,2022-02-11,6,Wrong Item
6820,SO0045058,45058,FAS-0011,2023-12-29,11,Damaged
6821,SO0045061,45061,PWR-0006,2025-05-12,2,Wrong Item
6822,SO0045063,45063,FAS-0009,2024-12-11,12,Shipping Damage
6823,SO0045069,45069,HVA-0002,2023-03-14,2,Shipping Damage
6824,SO0045069,45069,SAF-0002,2023-02-16,5,Customer Changed Mind
6825,SO0045071,45071,ELE-0014,2024-09-22,1,Defective
6826,SO0045075,45075,ELE-0011,2025-11-21,4,Wrong Item
6827,SO0045101,45101,HVA-0013,2025-11-12,4,Customer Changed Mind
6828,SO0045112,45112,HVA-0021,2023-12-29,8,Damaged
6829,SO0045119,45119,SAF-0006,2024-12-16,11,Defective
6830,SO0045134,45134,SAF-0010,2024-07-01,3,Defective
6831,SO0045137,45137,FAS-0008,2023-03-13,5,Shipping Damage
6832,SO0045139,45139,ELE-0021,2021-06-30,9,Customer Changed Mind
6833,SO0045140,45140,SAF-0011,2022-03-29,6,Wrong Item
6834,SO0045141,45141,HVA-0013,2022-04-23,5,Defective
6835,SO0045141,45141,HVA-0028,2022-05-01,8,Shipping Damage
6836,SO0045150,45150,FAS-0011,2021-03-23,1,Wrong Item
6837,SO0045160,45160,ELE-0022,2025-04-05,2,Defective
6838,SO0045161,45161,PWR-0006,2025-07-02,2,Defective
6839,SO0045180,45180,FAS-0006,2021-12-28,7,Wrong Item
6840,SO0045181,45181,PWR-0002,2021-09-03,1,Shipping Damage
6841,SO0045181,45181,ELE-0019,2021-09-25,14,Customer Changed Mind
6842,SO0045187,45187,HVA-0021,2025-07-20,11,Customer Changed Mind
6843,SO0045209,45209,SAF-0008,2025-04-24,15,Shipping Damage
6844,SO0045216,45216,HVA-0002,2022-02-27,1,Wrong Item
6845,SO0045224,45224,HVA-0012,2023-07-30,13,Customer Changed Mind
6846,SO0045225,45225,FAS-0015,2023-05-16,8,Customer Changed Mind
6847,SO0045235,45235,HVA-0016,2025-06-23,3,Customer Changed Mind
6848,SO0045250,45250,HVA-0006,2022-07-12,11,Damaged
6849,SO0045264,45264,FAS-0018,2024-04-23,3,Defective
6850,SO0045267,45267,PWR-0006,2021-11-05,1,Defective
6851,SO0045267,45267,SAF-0009,2021-10-30,11,Damaged
6852,SO0045277,45277,SAF-0003,2022-08-16,3,Defective
6853,SO0045281,45281,PWR-0001,2024-01-19,4,Customer Changed Mind
6854,SO0045292,45292,FAS-0014,2023-04-18,1,Wrong Item
6855,SO0045292,45292,PWR-0011,2023-04-20,4,Defective
6856,SO0045294,45294,ELE-0020,2023-08-17,8,Wrong Item
6857,SO0045300,45300,PWR-0008,2021-07-04,9,Customer Changed Mind
6858,SO0045312,45312,HVA-0025,2022-04-05,7,Damaged
6859,SO0045327,45327,PWR-0003,2022-01-27,3,Defective
6860,SO0045339,45339,FAS-0017,2025-03-09,6,Damaged
6861,SO0045352,45352,HVA-0012,2023-08-12,12,Wrong Item
6862,SO0045362,45362,HVA-0007,2025-05-27,4,Shipping Damage
6863,SO0045368,45368,SAF-0008,2021-06-05,1,Customer Changed Mind
6864,SO0045374,45374,PWR-0001,2021-07-22,6,Damaged
6865,SO0045375,45375,PWR-0003,2022-05-27,3,Shipping Damage
6866,SO0045386,45386,PWR-0009,2021-01-27,1,Defective
6867,SO0045388,45388,HVA-0026,2024-07-16,5,Shipping Damage
6868,SO0045389,45389,PWR-0002,2022-04-10,18,Damaged
6869,SO0045389,45389,FAS-0007,2022-04-02,1,Customer Changed Mind
6870,SO0045391,45391,ELE-0009,2021-11-27,7,Defective
6871,SO0045393,45393,ELE-0014,2022-04-06,5,Wrong Item
6872,SO0045394,45394,SAF-0010,2023-05-04,8,Shipping Damage
6873,SO0045417,45417,ELE-0007,2024-10-08,5,Shipping Damage
6874,SO0045423,45423,PWR-0001,2021-03-10,5,Wrong Item
6875,SO0045442,45442,SAF-0009,2022-08-14,3,Shipping Damage
6876,SO0045452,45452,HVA-0013,2024-08-20,7,Damaged
6877,SO0045456,45456,ELE-0004,2022-09-26,3,Defective
6878,SO0045459,45459,PWR-0007,2021-07-12,6,Customer Changed Mind
6879,SO0045463,45463,PWR-0013,2023-05-07,2,Defective
6880,SO0045466,45466,HVA-0004,2021-07-17,4,Shipping Damage
6881,SO0045469,45469,PWR-0009,2025-09-14,8,Shipping Damage
6882,SO0045470,45470,HVA-0003,2021-10-29,4,Damaged
6883,SO0045485,45485,FAS-0015,2021-11-04,8,Shipping Damage
6884,SO0045491,45491,SAF-0003,2023-04-22,9,Customer Changed Mind
6885,SO0045499,45499,SAF-0008,2022-10-06,5,Shipping Damage
6886,SO0045501,45501,PWR-0001,2023-12-12,18,Customer Changed Mind
6887,SO0045511,45511,HVA-0013,2025-10-27,3,Wrong Item
6888,SO0045518,45518,FAS-0015,2024-05-15,4,Defective
6889,SO0045519,45519,SAF-0005,2024-11-23,6,Defective
6890,SO0045530,45530,HVA-0025,2022-05-14,10,Defective
6891,SO0045539,45539,PWR-0012,2023-05-08,8,Wrong Item
6892,SO0045542,45542,ELE-0022,2021-12-20,1,Shipping Damage
6893,SO0045551,45551,HVA-0003,2024-03-28,2,Defective
6894,SO0045554,45554,HVA-0008,2022-03-06,15,Shipping Damage
6895,SO0045554,45554,FAS-0003,2022-03-11,6,Defective
6896,SO0045555,45555,SAF-0016,2021-07-05,2,Shipping Damage
6897,SO0045557,45557,PWR-0009,2022-03-04,4,Defective
6898,SO0045560,45560,FAS-0018,2021-01-28,1,Wrong Item
6899,SO0045561,45561,ELE-0005,2022-10-04,7,Defective
6900,SO0045567,45567,SAF-0003,2022-05-02,6,Shipping Damage
6901,SO0045589,45589,PWR-0004,2024-01-31,1,Shipping Damage
6902,SO0045596,45596,FAS-0001,2021-08-07,2,Defective
6903,SO0045602,45602,HVA-0005,2021-09-13,4,Wrong Item
6904,SO0045615,45615,ELE-0007,2023-02-11,3,Defective
6905,SO0045622,45622,HVA-0026,2021-10-26,13,Defective
6906,SO0045634,45634,HVA-0018,2022-08-19,7,Defective
6907,SO0045635,45635,ELE-0004,2022-12-09,8,Customer Changed Mind
6908,SO0045640,45640,HVA-0005,2025-02-13,12,Wrong Item
6909,SO0045644,45644,ELE-0006,2024-08-21,7,Damaged
6910,SO0045652,45652,FAS-0005,2025-03-16,4,Damaged
6911,SO0045655,45655,HVA-0027,2021-10-08,10,Damaged
6912,SO0045660,45660,HVA-0001,2024-01-24,4,Damaged
6913,SO0045662,45662,ELE-0015,2022-07-11,8,Defective
6914,SO0045665,45665,HVA-0013,2025-11-07,11,Customer Changed Mind
6915,SO0045668,45668,ELE-0019,2025-03-23,2,Wrong Item
6916,SO0045672,45672,PWR-0001,2023-12-24,1,Customer Changed Mind
6917,SO0045674,45674,PWR-0001,2025-01-25,4,Customer Changed Mind
6918,SO0045679,45679,SAF-0010,2026-01-07,15,Damaged
6919,SO0045680,45680,HVA-0027,2024-09-11,5,Customer Changed Mind
6920,SO0045684,45684,ELE-0005,2021-11-23,2,Damaged
6921,SO0045685,45685,ELE-0022,2023-12-14,1,Customer Changed Mind
6922,SO0045687,45687,ELE-0008,2023-09-08,8,Damaged
6923,SO0045698,45698,FAS-0002,2024-06-01,7,Wrong Item
6924,SO0045702,45702,HVA-0026,2024-05-25,9,Defective
6925,SO0045705,45705,SAF-0012,2024-02-07,1,Wrong Item
6926,SO0045707,45707,FAS-0014,2024-12-30,10,Shipping Damage
6927,SO0045708,45708,ELE-0012,2021-04-12,2,Shipping Damage
6928,SO0045714,45714,ELE-0005,2022-11-29,3,Customer Changed Mind
6929,SO0045734,45734,HVA-0012,2024-11-03,4,Defective
6930,SO0045746,45746,PWR-0008,2024-05-22,1,Damaged
6931,SO0045753,45753,ELE-0011,2024-10-24,7,Customer Changed Mind
6932,SO0045755,45755,ELE-0012,2024-12-25,3,Shipping Damage
6933,SO0045769,45769,ELE-0002,2023-03-29,10,Customer Changed Mind
6934,SO0045792,45792,FAS-0016,2022-08-06,1,Defective
6935,SO0045795,45795,SAF-0001,2022-03-30,1,Wrong Item
6936,SO0045797,45797,ELE-0005,2024-07-10,2,Damaged
6937,SO0045806,45806,HVA-0010,2021-05-06,4,Shipping Damage
6938,SO0045808,45808,ELE-0018,2025-12-27,9,Shipping Damage
6939,SO0045829,45829,ELE-0019,2021-09-15,6,Customer Changed Mind
6940,SO0045830,45830,FAS-0007,2021-12-03,1,Damaged
6941,SO0045854,45854,ELE-0001,2023-04-27,3,Defective
6942,SO0045856,45856,FAS-0013,2025-02-28,7,Defective
6943,SO0045857,45857,PWR-0002,2024-06-15,14,Wrong Item
6944,SO0045868,45868,FAS-0017,2023-12-16,1,Customer Changed Mind
6945,SO0045929,45929,PWR-0004,2023-03-27,13,Damaged
6946,SO0045935,45935,ELE-0017,2021-02-17,11,Shipping Damage
6947,SO0045954,45954,SAF-0008,2024-03-26,1,Wrong Item
6948,SO0045956,45956,HVA-0019,2021-02-24,2,Defective
6949,SO0045956,45956,ELE-0022,2021-02-17,5,Damaged
6950,SO0045963,45963,HVA-0009,2023-03-26,1,Shipping Damage
6951,SO0045983,45983,ELE-0021,2023-01-30,6,Customer Changed Mind
6952,SO0045997,45997,SAF-0016,2024-08-20,12,Wrong Item
6953,SO0046000,46000,HVA-0020,2021-02-25,6,Damaged
6954,SO0046001,46001,HVA-0019,2023-03-19,15,Damaged
6955,SO0046002,46002,HVA-0014,2025-09-22,9,Shipping Damage
6956,SO0046004,46004,SAF-0015,2023-08-06,2,Damaged
6957,SO0046012,46012,SAF-0011,2023-05-09,6,Defective
6958,SO0046013,46013,PWR-0009,2023-11-11,2,Defective
6959,SO0046023,46023,HVA-0022,2021-10-16,1,Shipping Damage
6960,SO0046026,46026,ELE-0001,2021-11-05,6,Defective
6961,SO0046027,46027,PWR-0003,2023-04-22,17,Wrong Item
6962,SO0046029,46029,ELE-0013,2025-09-15,1,Defective
6963,SO0046036,46036,HVA-0014,2023-10-21,7,Wrong Item
6964,SO0046037,46037,SAF-0009,2024-05-15,15,Wrong Item
6965,SO0046039,46039,FAS-0013,2023-09-17,12,Shipping Damage
6966,SO0046041,46041,FAS-0018,2023-10-14,3,Defective
6967,SO0046043,46043,PWR-0008,2021-09-18,11,Damaged
6968,SO0046048,46048,PWR-0003,2022-10-23,2,Damaged
6969,SO0046048,46048,SAF-0012,2022-10-21,3,Wrong Item
6970,SO0046054,46054,HVA-0013,2025-06-23,1,Shipping Damage
6971,SO0046068,46068,SAF-0015,2021-10-18,2,Defective
6972,SO0046068,46068,HVA-0020,2021-10-04,13,Defective
6973,SO0046069,46069,SAF-0015,2024-04-22,8,Wrong Item
6974,SO0046085,46085,FAS-0003,2021-04-25,13,Shipping Damage
6975,SO0046090,46090,SAF-0011,2025-10-17,6,Defective
6976,SO0046094,46094,FAS-0009,2023-12-01,3,Customer Changed Mind
6977,SO0046097,46097,FAS-0013,2025-02-25,11,Damaged
6978,SO0046106,46106,ELE-0007,2021-03-08,5,Shipping Damage
6979,SO0046107,46107,SAF-0010,2025-06-26,2,Wrong Item
6980,SO0046114,46114,HVA-0006,2024-05-18,17,Defective
6981,SO0046117,46117,ELE-0011,2023-04-22,4,Damaged
6982,SO0046119,46119,ELE-0001,2023-07-03,5,Defective
6983,SO0046122,46122,HVA-0022,2023-04-10,5,Shipping Damage
6984,SO0046134,46134,SAF-0017,2021-11-12,1,Defective
6985,SO0046134,46134,SAF-0009,2021-10-23,7,Customer Changed Mind
6986,SO0046136,46136,FAS-0006,2025-03-07,1,Damaged
6987,SO0046147,46147,PWR-0001,2023-05-15,7,Defective
6988,SO0046150,46150,HVA-0011,2022-11-14,9,Customer Changed Mind
6989,SO0046155,46155,FAS-0002,2022-01-12,6,Defective
6990,SO0046156,46156,FAS-0005,2023-03-12,5,Defective
6991,SO0046164,46164,SAF-0002,2025-10-29,6,Customer Changed Mind
6992,SO0046173,46173,PWR-0009,2025-10-30,5,Damaged
6993,SO0046175,46175,HVA-0020,2022-12-29,1,Customer Changed Mind
6994,SO0046188,46188,FAS-0013,2021-01-29,4,Wrong Item
6995,SO0046188,46188,FAS-0009,2021-02-06,5,Customer Changed Mind
6996,SO0046195,46195,PWR-0001,2022-12-23,3,Wrong Item
6997,SO0046196,46196,ELE-0015,2023-06-18,1,Customer Changed Mind
6998,SO0046198,46198,SAF-0015,2021-10-05,2,Shipping Damage
6999,SO0046201,46201,ELE-0015,2022-08-03,7,Defective
7000,SO0046202,46202,HVA-0021,2021-09-24,1,Defective
7001,SO0046204,46204,FAS-0015,2023-02-17,12,Defective
7002,SO0046215,46215,ELE-0021,2023-01-12,9,Wrong Item
7003,SO0046224,46224,SAF-0006,2023-05-17,13,Defective
7004,SO0046224,46224,PWR-0009,2023-05-21,6,Customer Changed Mind
7005,SO0046229,46229,PWR-0010,2022-04-11,2,Customer Changed Mind
7006,SO0046233,46233,FAS-0017,2025-11-27,7,Customer Changed Mind
7007,SO0046241,46241,ELE-0012,2023-02-25,15,Damaged
7008,SO0046242,46242,ELE-0004,2021-11-14,5,Defective
7009,SO0046256,46256,FAS-0004,2022-06-25,12,Shipping Damage
7010,SO0046257,46257,PWR-0010,2023-08-24,1,Damaged
7011,SO0046257,46257,HVA-0018,2023-09-01,3,Damaged
7012,SO0046261,46261,HVA-0014,2022-05-14,7,Damaged
7013,SO0046262,46262,HVA-0028,2025-08-04,1,Wrong Item
7014,SO0046278,46278,FAS-0016,2021-10-05,3,Damaged
7015,SO0046281,46281,HVA-0009,2025-02-20,17,Customer Changed Mind
7016,SO0046281,46281,SAF-0006,2025-03-11,4,Defective
7017,SO0046289,46289,HVA-0021,2022-07-05,13,Customer Changed Mind
7018,SO0046298,46298,SAF-0001,2021-05-16,1,Defective
7019,SO0046298,46298,FAS-0014,2021-06-02,1,Damaged
7020,SO0046302,46302,SAF-0013,2021-10-19,2,Wrong Item
7021,SO0046305,46305,FAS-0017,2021-10-09,13,Wrong Item
7022,SO0046306,46306,FAS-0011,2022-11-13,14,Defective
7023,SO0046310,46310,SAF-0006,2025-10-21,2,Defective
7024,SO0046312,46312,SAF-0012,2021-08-27,5,Damaged
7025,SO0046312,46312,SAF-0015,2021-08-05,4,Damaged
7026,SO0046321,46321,SAF-0011,2025-06-22,4,Customer Changed Mind
7027,SO0046324,46324,PWR-0010,2021-07-02,3,Wrong Item
7028,SO0046330,46330,ELE-0019,2021-07-23,13,Customer Changed Mind
7029,SO0046330,46330,ELE-0020,2021-07-26,9,Customer Changed Mind
7030,SO0046342,46342,ELE-0022,2025-05-25,6,Customer Changed Mind
7031,SO0046342,46342,PWR-0010,2025-05-14,14,Wrong Item
7032,SO0046343,46343,HVA-0007,2022-10-30,7,Customer Changed Mind
7033,SO0046348,46348,ELE-0020,2022-01-08,18,Shipping Damage
7034,SO0046363,46363,HVA-0014,2024-08-14,7,Customer Changed Mind
7035,SO0046364,46364,HVA-0006,2023-06-18,8,Defective
7036,SO0046376,46376,ELE-0014,2021-12-03,6,Damaged
7037,SO0046395,46395,SAF-0011,2024-06-21,1,Customer Changed Mind
7038,SO0046398,46398,HVA-0021,2023-04-21,1,Damaged
7039,SO0046399,46399,SAF-0017,2025-04-05,7,Wrong Item
7040,SO0046417,46417,ELE-0019,2024-10-16,14,Wrong Item
7041,SO0046421,46421,PWR-0001,2021-08-08,13,Defective
7042,SO0046443,46443,PWR-0005,2025-10-25,5,Shipping Damage
7043,SO0046450,46450,ELE-0008,2022-10-02,3,Damaged
7044,SO0046457,46457,SAF-0017,2025-04-21,12,Customer Changed Mind
7045,SO0046461,46461,SAF-0005,2024-07-15,19,Customer Changed Mind
7046,SO0046471,46471,SAF-0015,2024-02-02,11,Damaged
7047,SO0046472,46472,PWR-0012,2023-11-02,6,Shipping Damage
7048,SO0046474,46474,HVA-0018,2024-08-06,6,Defective
7049,SO0046495,46495,HVA-0002,2023-09-09,1,Defective
7050,SO0046501,46501,ELE-0008,2022-08-07,20,Wrong Item
7051,SO0046514,46514,PWR-0014,2023-10-06,6,Wrong Item
7052,SO0046517,46517,PWR-0011,2023-12-24,10,Wrong Item
7053,SO0046519,46519,HVA-0005,2025-03-14,8,Customer Changed Mind
7054,SO0046521,46521,ELE-0007,2023-03-03,1,Wrong Item
7055,SO0046522,46522,FAS-0013,2022-04-27,1,Damaged
7056,SO0046527,46527,HVA-0020,2025-03-02,1,Defective
7057,SO0046536,46536,HVA-0001,2023-11-15,6,Customer Changed Mind
7058,SO0046540,46540,ELE-0006,2023-01-24,1,Shipping Damage
7059,SO0046547,46547,HVA-0019,2024-03-21,5,Customer Changed Mind
7060,SO0046547,46547,PWR-0011,2024-03-09,4,Damaged
7061,SO0046554,46554,PWR-0003,2021-04-18,3,Customer Changed Mind
7062,SO0046555,46555,HVA-0008,2022-04-14,3,Damaged
7063,SO0046563,46563,HVA-0021,2023-11-05,10,Damaged
7064,SO0046565,46565,ELE-0021,2024-01-20,3,Wrong Item
7065,SO0046572,46572,ELE-0001,2023-03-28,2,Shipping Damage
7066,SO0046573,46573,ELE-0022,2023-10-02,16,Shipping Damage
7067,SO0046577,46577,FAS-0002,2025-04-05,18,Customer Changed Mind
7068,SO0046581,46581,SAF-0017,2023-01-31,6,Defective
7069,SO0046586,46586,ELE-0012,2025-11-11,5,Wrong Item
7070,SO0046597,46597,HVA-0004,2023-12-20,3,Shipping Damage
7071,SO0046599,46599,PWR-0011,2023-03-22,10,Damaged
7072,SO0046608,46608,ELE-0023,2023-09-24,5,Wrong Item
7073,SO0046608,46608,SAF-0006,2023-10-08,5,Customer Changed Mind
7074,SO0046608,46608,HVA-0027,2023-09-25,9,Damaged
7075,SO0046637,46637,SAF-0001,2024-07-11,2,Customer Changed Mind
7076,SO0046641,46641,ELE-0015,2022-06-27,13,Wrong Item
7077,SO0046646,46646,SAF-0008,2025-01-27,10,Defective
7078,SO0046647,46647,FAS-0002,2022-03-31,18,Wrong Item
7079,SO0046648,46648,PWR-0010,2025-05-29,5,Defective
7080,SO0046661,46661,HVA-0020,2024-02-20,5,Defective
7081,SO0046661,46661,ELE-0013,2024-02-06,10,Shipping Damage
7082,SO0046667,46667,ELE-0006,2021-06-13,6,Defective
7083,SO0046674,46674,PWR-0014,2025-07-06,1,Customer Changed Mind
7084,SO0046694,46694,HVA-0017,2023-03-20,12,Wrong Item
7085,SO0046696,46696,PWR-0002,2025-10-30,10,Damaged
7086,SO0046697,46697,PWR-0004,2021-05-19,2,Shipping Damage
7087,SO0046721,46721,FAS-0002,2023-02-15,12,Customer Changed Mind
7088,SO0046744,46744,HVA-0019,2023-05-31,9,Wrong Item
7089,SO0046747,46747,SAF-0005,2025-06-08,7,Wrong Item
7090,SO0046772,46772,ELE-0011,2025-12-17,10,Wrong Item
7091,SO0046777,46777,HVA-0001,2025-07-17,5,Shipping Damage
7092,SO0046778,46778,PWR-0009,2022-08-05,1,Customer Changed Mind
7093,SO0046779,46779,HVA-0013,2025-03-06,5,Wrong Item
7094,SO0046783,46783,SAF-0006,2021-03-28,8,Shipping Damage
7095,SO0046786,46786,SAF-0011,2022-04-26,3,Shipping Damage
7096,SO0046798,46798,FAS-0012,2023-11-11,10,Defective
7097,SO0046799,46799,SAF-0001,2025-04-11,7,Wrong Item
7098,SO0046818,46818,ELE-0019,2025-06-02,11,Shipping Damage
7099,SO0046837,46837,FAS-0016,2021-12-12,4,Damaged
7100,SO0046838,46838,PWR-0005,2023-05-14,8,Wrong Item
7101,SO0046846,46846,ELE-0022,2021-02-04,3,Shipping Damage
7102,SO0046855,46855,PWR-0002,2021-09-13,8,Damaged
7103,SO0046860,46860,FAS-0003,2022-07-31,3,Damaged
7104,SO0046862,46862,PWR-0012,2023-11-02,6,Damaged
7105,SO0046862,46862,PWR-0009,2023-11-06,3,Defective
7106,SO0046865,46865,ELE-0013,2021-05-06,1,Damaged
7107,SO0046866,46866,FAS-0001,2024-08-06,6,Damaged
7108,SO0046866,46866,PWR-0011,2024-08-08,1,Customer Changed Mind
7109,SO0046883,46883,FAS-0004,2024-12-16,2,Shipping Damage
7110,SO0046885,46885,HVA-0015,2022-04-07,8,Defective
7111,SO0046887,46887,FAS-0011,2024-03-23,5,Wrong Item
7112,SO0046891,46891,ELE-0020,2025-01-09,10,Shipping Damage
7113,SO0046892,46892,SAF-0006,2025-03-12,6,Customer Changed Mind
7114,SO0046899,46899,ELE-0015,2024-07-01,13,Wrong Item
7115,SO0046899,46899,HVA-0007,2024-06-26,8,Defective
7116,SO0046911,46911,HVA-0023,2021-02-14,13,Defective
7117,SO0046926,46926,ELE-0021,2022-09-20,5,Customer Changed Mind
7118,SO0046930,46930,SAF-0004,2021-05-12,5,Damaged
7119,SO0046931,46931,HVA-0024,2024-11-04,4,Shipping Damage
7120,SO0046933,46933,PWR-0006,2021-03-24,9,Customer Changed Mind
7121,SO0046942,46942,HVA-0011,2025-01-29,10,Damaged
7122,SO0046949,46949,SAF-0003,2021-12-03,4,Wrong Item
7123,SO0046957,46957,PWR-0006,2021-12-28,11,Wrong Item
7124,SO0046957,46957,ELE-0017,2022-01-02,3,Shipping Damage
7125,SO0046968,46968,ELE-0012,2023-09-12,3,Damaged
7126,SO0046970,46970,FAS-0003,2021-02-07,1,Wrong Item
7127,SO0046970,46970,HVA-0005,2021-02-06,6,Shipping Damage
7128,SO0046975,46975,ELE-0023,2023-07-17,3,Damaged
7129,SO0046985,46985,ELE-0013,2021-06-15,6,Customer Changed Mind
7130,SO0047002,47002,SAF-0014,2023-06-08,5,Customer Changed Mind
7131,SO0047007,47007,ELE-0023,2025-08-04,1,Customer Changed Mind
7132,SO0047012,47012,FAS-0001,2023-03-22,6,Defective
7133,SO0047012,47012,ELE-0023,2023-03-15,3,Defective
7134,SO0047015,47015,SAF-0002,2022-01-27,11,Wrong Item
7135,SO0047021,47021,FAS-0011,2021-08-29,1,Shipping Damage
7136,SO0047022,47022,HVA-0027,2023-04-15,3,Damaged
7137,SO0047023,47023,SAF-0013,2024-11-09,2,Defective
7138,SO0047029,47029,ELE-0018,2021-12-22,2,Defective
7139,SO0047032,47032,PWR-0002,2024-10-28,1,Shipping Damage
7140,SO0047043,47043,ELE-0010,2023-02-27,1,Wrong Item
7141,SO0047051,47051,SAF-0013,2026-01-16,1,Customer Changed Mind
7142,SO0047084,47084,FAS-0014,2022-10-30,2,Customer Changed Mind
7143,SO0047104,47104,SAF-0011,2025-04-19,4,Shipping Damage
7144,SO0047112,47112,ELE-0001,2021-05-14,2,Wrong Item
7145,SO0047115,47115,ELE-0009,2023-03-07,3,Wrong Item
7146,SO0047123,47123,SAF-0003,2023-06-06,12,Shipping Damage
7147,SO0047131,47131,HVA-0013,2022-04-21,6,Wrong Item
7148,SO0047135,47135,PWR-0011,2023-01-27,10,Wrong Item
7149,SO0047138,47138,ELE-0005,2024-11-01,2,Damaged
7150,SO0047138,47138,HVA-0010,2024-11-24,5,Defective
7151,SO0047171,47171,SAF-0008,2022-05-15,14,Shipping Damage
7152,SO0047171,47171,HVA-0015,2022-05-11,6,Wrong Item
7153,SO0047182,47182,FAS-0017,2025-05-11,3,Damaged
7154,SO0047186,47186,HVA-0006,2025-07-06,2,Wrong Item
7155,SO0047190,47190,ELE-0006,2025-11-13,10,Shipping Damage
7156,SO0047197,47197,SAF-0009,2022-03-12,7,Defective
7157,SO0047206,47206,HVA-0002,2021-09-08,2,Wrong Item
7158,SO0047213,47213,SAF-0016,2023-07-31,1,Shipping Damage
7159,SO0047214,47214,HVA-0002,2024-06-18,15,Damaged
7160,SO0047221,47221,SAF-0006,2022-08-10,1,Customer Changed Mind
7161,SO0047223,47223,SAF-0005,2021-10-07,6,Damaged
7162,SO0047231,47231,PWR-0004,2023-09-10,4,Damaged
7163,SO0047264,47264,FAS-0016,2023-10-06,18,Customer Changed Mind
7164,SO0047265,47265,PWR-0012,2025-12-18,2,Defective
7165,SO0047266,47266,FAS-0005,2021-11-23,5,Defective
7166,SO0047278,47278,FAS-0011,2021-08-19,1,Shipping Damage
7167,SO0047282,47282,ELE-0013,2024-06-20,7,Shipping Damage
7168,SO0047284,47284,HVA-0001,2024-05-30,13,Defective
7169,SO0047286,47286,SAF-0003,2021-03-04,2,Shipping Damage
7170,SO0047298,47298,PWR-0002,2022-03-06,2,Customer Changed Mind
7171,SO0047299,47299,FAS-0013,2022-07-22,10,Wrong Item
7172,SO0047310,47310,ELE-0007,2024-07-05,2,Customer Changed Mind
7173,SO0047316,47316,SAF-0015,2025-01-07,2,Defective
7174,SO0047319,47319,FAS-0004,2024-12-27,6,Wrong Item
7175,SO0047332,47332,PWR-0005,2024-11-02,12,Shipping Damage
7176,SO0047333,47333,ELE-0015,2023-04-13,1,Wrong Item
7177,SO0047358,47358,ELE-0006,2021-08-01,10,Damaged
7178,SO0047358,47358,ELE-0002,2021-08-01,2,Wrong Item
7179,SO0047364,47364,PWR-0014,2024-04-26,15,Damaged
7180,SO0047370,47370,FAS-0015,2025-10-02,13,Customer Changed Mind
7181,SO0047380,47380,PWR-0007,2024-07-26,4,Damaged
7182,SO0047386,47386,PWR-0014,2022-01-23,8,Damaged
7183,SO0047396,47396,PWR-0009,2021-02-08,1,Customer Changed Mind
7184,SO0047403,47403,HVA-0020,2021-08-07,4,Damaged
7185,SO0047419,47419,FAS-0010,2025-04-09,2,Customer Changed Mind
7186,SO0047423,47423,ELE-0007,2021-11-22,4,Wrong Item
7187,SO0047430,47430,FAS-0016,2025-11-05,3,Shipping Damage
7188,SO0047432,47432,ELE-0005,2024-11-21,8,Wrong Item
7189,SO0047437,47437,HVA-0025,2023-12-07,3,Wrong Item
7190,SO0047439,47439,HVA-0021,2021-03-23,3,Defective
7191,SO0047442,47442,ELE-0017,2024-02-11,1,Damaged
7192,SO0047443,47443,HVA-0003,2023-10-06,3,Damaged
7193,SO0047447,47447,ELE-0010,2023-11-22,3,Wrong Item
7194,SO0047450,47450,HVA-0022,2025-04-03,15,Wrong Item
7195,SO0047450,47450,SAF-0003,2025-03-13,2,Defective
7196,SO0047458,47458,PWR-0013,2022-10-29,9,Customer Changed Mind
7197,SO0047460,47460,ELE-0004,2022-01-21,3,Shipping Damage
7198,SO0047471,47471,HVA-0015,2024-03-08,1,Damaged
7199,SO0047496,47496,ELE-0015,2024-12-31,9,Wrong Item
7200,SO0047500,47500,SAF-0002,2023-11-19,9,Defective
7201,SO0047507,47507,SAF-0002,2022-12-01,1,Customer Changed Mind
7202,SO0047537,47537,FAS-0018,2022-11-13,6,Damaged
7203,SO0047544,47544,HVA-0005,2021-10-19,1,Defective
7204,SO0047554,47554,PWR-0010,2021-07-26,1,Damaged
7205,SO0047555,47555,FAS-0003,2025-05-03,1,Shipping Damage
7206,SO0047560,47560,FAS-0001,2025-02-16,7,Wrong Item
7207,SO0047581,47581,SAF-0013,2023-09-18,8,Wrong Item
7208,SO0047588,47588,HVA-0020,2022-05-01,9,Wrong Item
7209,SO0047599,47599,HVA-0004,2024-01-19,8,Damaged
7210,SO0047600,47600,FAS-0013,2025-03-07,1,Wrong Item
7211,SO0047613,47613,FAS-0006,2023-03-22,1,Damaged
7212,SO0047618,47618,HVA-0013,2021-07-27,5,Customer Changed Mind
7213,SO0047620,47620,FAS-0010,2024-09-21,5,Shipping Damage
7214,SO0047623,47623,PWR-0006,2024-04-03,10,Customer Changed Mind
7215,SO0047628,47628,HVA-0015,2022-06-09,1,Shipping Damage
7216,SO0047645,47645,SAF-0016,2023-04-22,1,Damaged
7217,SO0047647,47647,HVA-0012,2022-06-13,11,Wrong Item
7218,SO0047651,47651,SAF-0013,2021-01-29,4,Shipping Damage
7219,SO0047653,47653,PWR-0007,2023-07-22,3,Customer Changed Mind
7220,SO0047660,47660,ELE-0002,2025-01-02,10,Wrong Item
7221,SO0047664,47664,SAF-0015,2024-02-24,3,Customer Changed Mind
7222,SO0047667,47667,SAF-0002,2024-03-30,4,Defective
7223,SO0047669,47669,FAS-0006,2025-12-16,15,Customer Changed Mind
7224,SO0047676,47676,HVA-0013,2025-11-24,14,Defective
7225,SO0047679,47679,HVA-0020,2021-09-12,10,Shipping Damage
7226,SO0047690,47690,FAS-0010,2024-01-29,11,Customer Changed Mind
7227,SO0047706,47706,HVA-0006,2025-09-18,4,Defective
7228,SO0047714,47714,FAS-0012,2024-04-01,1,Damaged
7229,SO0047714,47714,ELE-0005,2024-04-15,5,Defective
7230,SO0047715,47715,ELE-0008,2021-07-08,3,Wrong Item
7231,SO0047734,47734,FAS-0018,2024-06-08,1,Damaged
7232,SO0047736,47736,SAF-0010,2023-09-14,4,Wrong Item
7233,SO0047740,47740,SAF-0001,2022-04-03,2,Shipping Damage
7234,SO0047742,47742,ELE-0023,2021-11-12,1,Damaged
7235,SO0047748,47748,PWR-0006,2022-01-14,3,Damaged
7236,SO0047765,47765,ELE-0008,2025-01-14,1,Wrong Item
7237,SO0047769,47769,HVA-0014,2022-07-16,1,Damaged
7238,SO0047771,47771,HVA-0025,2023-01-30,3,Customer Changed Mind
7239,SO0047779,47779,SAF-0014,2023-12-27,2,Damaged
7240,SO0047786,47786,HVA-0002,2024-08-15,2,Customer Changed Mind
7241,SO0047787,47787,ELE-0002,2025-02-03,1,Shipping Damage
7242,SO0047789,47789,SAF-0002,2024-05-14,9,Wrong Item
7243,SO0047795,47795,HVA-0003,2021-06-01,2,Customer Changed Mind
7244,SO0047810,47810,PWR-0010,2023-09-13,7,Damaged
7245,SO0047813,47813,SAF-0011,2025-06-13,1,Damaged
7246,SO0047813,47813,ELE-0011,2025-06-25,5,Damaged
7247,SO0047818,47818,ELE-0016,2025-12-28,8,Customer Changed Mind
7248,SO0047822,47822,PWR-0014,2023-12-04,3,Damaged
7249,SO0047835,47835,SAF-0016,2024-11-05,3,Damaged
7250,SO0047857,47857,FAS-0010,2024-05-16,5,Customer Changed Mind
7251,SO0047859,47859,FAS-0008,2021-11-03,12,Damaged
7252,SO0047865,47865,PWR-0011,2022-06-14,14,Customer Changed Mind
7253,SO0047867,47867,FAS-0014,2021-08-25,2,Defective
7254,SO0047877,47877,FAS-0004,2022-07-24,1,Damaged
7255,SO0047881,47881,SAF-0011,2022-05-21,8,Wrong Item
7256,SO0047881,47881,SAF-0003,2022-05-16,4,Defective
7257,SO0047886,47886,HVA-0008,2021-08-08,7,Damaged
7258,SO0047902,47902,FAS-0016,2024-11-28,13,Shipping Damage
7259,SO0047906,47906,SAF-0004,2024-08-12,3,Wrong Item
7260,SO0047909,47909,FAS-0017,2021-07-14,6,Shipping Damage
7261,SO0047915,47915,HVA-0010,2022-07-01,1,Damaged
7262,SO0047921,47921,HVA-0024,2021-07-15,6,Wrong Item
7263,SO0047938,47938,PWR-0012,2025-06-27,6,Shipping Damage
7264,SO0047944,47944,SAF-0008,2023-03-30,4,Damaged
7265,SO0047960,47960,HVA-0005,2022-04-23,6,Wrong Item
7266,SO0047979,47979,HVA-0022,2023-09-21,16,Damaged
7267,SO0047990,47990,HVA-0019,2025-05-18,4,Shipping Damage
7268,SO0047997,47997,SAF-0014,2024-07-30,1,Customer Changed Mind
7269,SO0048000,48000,HVA-0027,2022-02-01,8,Shipping Damage
7270,SO0048003,48003,FAS-0001,2021-10-18,8,Defective
7271,SO0048007,48007,ELE-0010,2024-01-28,6,Defective
7272,SO0048016,48016,HVA-0008,2023-09-28,4,Shipping Damage
7273,SO0048017,48017,ELE-0004,2023-06-09,4,Shipping Damage
7274,SO0048028,48028,PWR-0008,2024-09-16,11,Shipping Damage
7275,SO0048039,48039,FAS-0006,2024-03-10,4,Wrong Item
7276,SO0048044,48044,HVA-0019,2024-08-21,20,Wrong Item
7277,SO0048045,48045,HVA-0007,2024-07-26,13,Defective
7278,SO0048053,48053,SAF-0017,2024-08-19,7,Shipping Damage
7279,SO0048053,48053,SAF-0010,2024-08-02,5,Defective
7280,SO0048059,48059,ELE-0010,2021-05-02,5,Defective
7281,SO0048060,48060,SAF-0005,2024-09-30,9,Defective
7282,SO0048063,48063,HVA-0024,2021-09-18,8,Defective
7283,SO0048072,48072,FAS-0012,2021-08-04,15,Customer Changed Mind
7284,SO0048073,48073,ELE-0003,2022-06-26,3,Wrong Item
7285,SO0048081,48081,HVA-0028,2025-12-16,5,Defective
7286,SO0048099,48099,HVA-0014,2025-06-16,6,Damaged
7287,SO0048110,48110,PWR-0001,2022-01-19,4,Shipping Damage
7288,SO0048125,48125,FAS-0003,2022-01-31,4,Damaged
7289,SO0048127,48127,SAF-0010,2025-12-21,8,Wrong Item
7290,SO0048134,48134,FAS-0001,2023-08-09,8,Damaged
7291,SO0048136,48136,FAS-0001,2025-05-30,13,Wrong Item
7292,SO0048137,48137,ELE-0002,2025-11-14,5,Customer Changed Mind
7293,SO0048145,48145,SAF-0009,2025-06-28,1,Shipping Damage
7294,SO0048155,48155,PWR-0010,2025-03-23,15,Defective
7295,SO0048166,48166,ELE-0012,2023-03-14,19,Customer Changed Mind
7296,SO0048167,48167,FAS-0010,2024-06-18,4,Damaged
7297,SO0048175,48175,HVA-0012,2023-02-15,7,Wrong Item
7298,SO0048180,48180,ELE-0011,2022-08-06,13,Wrong Item
7299,SO0048181,48181,ELE-0001,2023-06-25,3,Customer Changed Mind
7300,SO0048187,48187,SAF-0015,2022-10-27,2,Shipping Damage
7301,SO0048209,48209,ELE-0022,2024-08-03,10,Shipping Damage
7302,SO0048212,48212,PWR-0003,2021-04-13,4,Customer Changed Mind
7303,SO0048219,48219,SAF-0008,2023-07-11,1,Customer Changed Mind
7304,SO0048235,48235,FAS-0008,2025-05-20,1,Wrong Item
7305,SO0048243,48243,ELE-0005,2023-08-08,15,Damaged
7306,SO0048273,48273,PWR-0004,2024-04-29,7,Wrong Item
7307,SO0048277,48277,SAF-0012,2021-12-08,6,Damaged
7308,SO0048279,48279,PWR-0011,2024-11-14,1,Defective
7309,SO0048279,48279,HVA-0007,2024-11-22,4,Damaged
7310,SO0048285,48285,ELE-0021,2022-12-20,1,Defective
7311,SO0048288,48288,HVA-0010,2025-10-15,9,Damaged
7312,SO0048298,48298,FAS-0011,2025-08-13,2,Shipping Damage
7313,SO0048313,48313,HVA-0005,2023-02-24,13,Shipping Damage
7314,SO0048334,48334,PWR-0002,2021-03-02,3,Shipping Damage
7315,SO0048344,48344,HVA-0011,2023-03-03,4,Defective
7316,SO0048349,48349,HVA-0012,2022-11-12,2,Customer Changed Mind
7317,SO0048361,48361,HVA-0013,2021-10-14,1,Customer Changed Mind
7318,SO0048368,48368,HVA-0023,2022-12-29,16,Customer Changed Mind
7319,SO0048373,48373,HVA-0027,2022-03-03,1,Wrong Item
7320,SO0048375,48375,HVA-0023,2023-09-04,17,Damaged
7321,SO0048387,48387,FAS-0008,2025-04-04,4,Customer Changed Mind
7322,SO0048393,48393,ELE-0013,2021-04-20,8,Shipping Damage
7323,SO0048397,48397,ELE-0020,2024-09-28,13,Wrong Item
7324,SO0048403,48403,HVA-0016,2024-03-07,3,Customer Changed Mind
7325,SO0048407,48407,ELE-0007,2025-07-07,7,Damaged
7326,SO0048413,48413,HVA-0027,2024-07-05,3,Defective
7327,SO0048413,48413,FAS-0012,2024-07-02,3,Shipping Damage
7328,SO0048413,48413,PWR-0003,2024-07-12,7,Wrong Item
7329,SO0048418,48418,HVA-0002,2023-12-23,3,Defective
7330,SO0048425,48425,PWR-0007,2023-04-13,7,Wrong Item
7331,SO0048432,48432,PWR-0008,2023-06-29,6,Customer Changed Mind
7332,SO0048435,48435,PWR-0010,2022-05-27,2,Damaged
7333,SO0048454,48454,ELE-0020,2024-08-31,1,Wrong Item
7334,SO0048468,48468,FAS-0013,2022-11-07,3,Shipping Damage
7335,SO0048485,48485,HVA-0009,2023-02-10,5,Customer Changed Mind
7336,SO0048496,48496,HVA-0002,2024-01-23,7,Defective
7337,SO0048499,48499,PWR-0001,2022-11-11,17,Wrong Item
7338,SO0048520,48520,PWR-0010,2023-06-23,7,Wrong Item
7339,SO0048526,48526,HVA-0008,2022-06-17,9,Wrong Item
7340,SO0048546,48546,PWR-0001,2022-02-25,11,Wrong Item
7341,SO0048551,48551,ELE-0011,2021-07-24,7,Wrong Item
7342,SO0048559,48559,SAF-0012,2023-11-08,8,Damaged
7343,SO0048565,48565,ELE-0014,2023-06-14,4,Shipping Damage
7344,SO0048568,48568,SAF-0011,2021-04-22,1,Shipping Damage
7345,SO0048577,48577,HVA-0025,2025-12-29,2,Customer Changed Mind
7346,SO0048579,48579,PWR-0001,2022-09-09,4,Damaged
7347,SO0048583,48583,SAF-0013,2023-08-16,1,Damaged
7348,SO0048584,48584,HVA-0017,2025-07-03,1,Defective
7349,SO0048596,48596,ELE-0016,2023-01-14,2,Damaged
7350,SO0048597,48597,HVA-0006,2025-04-30,13,Damaged
7351,SO0048604,48604,ELE-0006,2025-08-13,2,Shipping Damage
7352,SO0048606,48606,PWR-0001,2024-01-29,1,Defective
7353,SO0048617,48617,HVA-0021,2021-06-29,11,Defective
7354,SO0048619,48619,FAS-0017,2025-04-24,1,Shipping Damage
7355,SO0048620,48620,SAF-0006,2023-05-07,7,Wrong Item
7356,SO0048625,48625,PWR-0005,2023-09-15,8,Damaged
7357,SO0048636,48636,ELE-0010,2021-10-23,5,Wrong Item
7358,SO0048636,48636,FAS-0014,2021-10-22,2,Shipping Damage
7359,SO0048637,48637,HVA-0011,2022-12-12,8,Shipping Damage
7360,SO0048642,48642,ELE-0009,2024-08-03,12,Shipping Damage
7361,SO0048681,48681,HVA-0025,2024-09-06,6,Customer Changed Mind
7362,SO0048684,48684,PWR-0001,2024-07-20,1,Damaged
7363,SO0048694,48694,FAS-0014,2021-08-16,6,Customer Changed Mind
7364,SO0048713,48713,HVA-0013,2021-02-20,4,Customer Changed Mind
7365,SO0048717,48717,FAS-0014,2021-09-17,3,Shipping Damage
7366,SO0048733,48733,FAS-0010,2022-02-14,2,Wrong Item
7367,SO0048735,48735,ELE-0014,2022-07-01,1,Customer Changed Mind
7368,SO0048738,48738,PWR-0006,2023-01-01,10,Damaged
7369,SO0048749,48749,PWR-0005,2022-02-06,18,Customer Changed Mind
7370,SO0048754,48754,HVA-0025,2025-05-08,1,Customer Changed Mind
7371,SO0048755,48755,ELE-0017,2023-07-01,10,Customer Changed Mind
7372,SO0048759,48759,FAS-0001,2024-12-01,10,Defective
7373,SO0048773,48773,HVA-0020,2025-03-26,2,Shipping Damage
7374,SO0048795,48795,ELE-0007,2024-12-30,8,Wrong Item
7375,SO0048801,48801,FAS-0009,2025-11-09,2,Shipping Damage
7376,SO0048805,48805,HVA-0012,2024-01-29,2,Defective
7377,SO0048809,48809,SAF-0007,2021-02-15,8,Shipping Damage
7378,SO0048809,48809,ELE-0017,2021-03-04,1,Customer Changed Mind
7379,SO0048835,48835,FAS-0013,2023-08-25,8,Defective
7380,SO0048842,48842,FAS-0010,2022-10-05,7,Wrong Item
7381,SO0048852,48852,FAS-0002,2021-05-06,9,Customer Changed Mind
7382,SO0048858,48858,SAF-0012,2023-09-30,5,Customer Changed Mind
7383,SO0048862,48862,FAS-0013,2024-01-31,2,Customer Changed Mind
7384,SO0048868,48868,ELE-0020,2022-03-17,10,Defective
7385,SO0048885,48885,FAS-0003,2021-02-03,4,Shipping Damage
7386,SO0048887,48887,HVA-0028,2024-07-16,6,Wrong Item
7387,SO0048903,48903,FAS-0004,2025-01-22,3,Damaged
7388,SO0048904,48904,ELE-0005,2022-05-05,1,Damaged
7389,SO0048908,48908,FAS-0001,2021-09-29,11,Defective
7390,SO0048935,48935,PWR-0007,2024-04-29,1,Damaged
7391,SO0048936,48936,FAS-0014,2022-02-03,1,Shipping Damage
7392,SO0048940,48940,ELE-0022,2021-07-21,1,Damaged
7393,SO0048941,48941,SAF-0017,2023-12-09,1,Defective
7394,SO0048943,48943,FAS-0009,2025-06-17,5,Wrong Item
7395,SO0048949,48949,PWR-0012,2023-09-12,3,Damaged
7396,SO0048957,48957,PWR-0004,2025-02-02,5,Wrong Item
7397,SO0048963,48963,HVA-0010,2022-05-28,1,Wrong Item
7398,SO0048964,48964,FAS-0006,2021-10-15,6,Customer Changed Mind
7399,SO0048964,48964,ELE-0015,2021-10-18,1,Customer Changed Mind
7400,SO0048971,48971,HVA-0005,2024-04-14,14,Wrong Item
7401,SO0048980,48980,ELE-0014,2023-04-02,2,Customer Changed Mind
7402,SO0048985,48985,PWR-0005,2022-08-06,4,Damaged
7403,SO0048986,48986,FAS-0006,2021-03-20,9,Customer Changed Mind
7404,SO0048997,48997,PWR-0013,2022-11-08,17,Wrong Item
7405,SO0049007,49007,ELE-0022,2023-11-01,1,Customer Changed Mind
7406,SO0049023,49023,SAF-0017,2022-06-18,3,Damaged
7407,SO0049023,49023,FAS-0013,2022-06-16,7,Customer Changed Mind
7408,SO0049026,49026,FAS-0003,2025-08-29,12,Defective
7409,SO0049042,49042,FAS-0008,2021-05-03,1,Wrong Item
7410,SO0049044,49044,FAS-0015,2021-05-19,11,Wrong Item
7411,SO0049048,49048,PWR-0001,2025-10-09,1,Damaged
7412,SO0049049,49049,HVA-0025,2022-03-20,5,Shipping Damage
7413,SO0049052,49052,HVA-0026,2022-11-29,5,Wrong Item
7414,SO0049054,49054,SAF-0006,2024-09-13,2,Wrong Item
7415,SO0049063,49063,HVA-0024,2024-10-27,11,Damaged
7416,SO0049075,49075,HVA-0012,2021-04-25,13,Damaged
7417,SO0049079,49079,SAF-0005,2025-02-18,6,Damaged
7418,SO0049079,49079,PWR-0002,2025-02-16,9,Defective
7419,SO0049084,49084,PWR-0004,2021-09-06,1,Damaged
7420,SO0049087,49087,SAF-0005,2021-04-23,5,Shipping Damage
7421,SO0049089,49089,SAF-0010,2024-03-11,14,Shipping Damage
7422,SO0049090,49090,PWR-0013,2022-08-04,1,Customer Changed Mind
7423,SO0049095,49095,ELE-0022,2021-12-31,11,Customer Changed Mind
7424,SO0049104,49104,FAS-0007,2025-06-23,3,Customer Changed Mind
7425,SO0049106,49106,ELE-0007,2022-08-25,2,Defective
7426,SO0049110,49110,HVA-0005,2024-10-15,7,Customer Changed Mind
7427,SO0049121,49121,ELE-0016,2021-09-05,11,Damaged
7428,SO0049145,49145,PWR-0006,2024-01-06,14,Shipping Damage
7429,SO0049156,49156,SAF-0010,2025-08-06,4,Customer Changed Mind
7430,SO0049172,49172,PWR-0008,2023-09-11,1,Defective
7431,SO0049179,49179,PWR-0005,2023-04-29,1,Shipping Damage
7432,SO0049180,49180,ELE-0010,2025-07-05,7,Wrong Item
7433,SO0049203,49203,ELE-0008,2025-06-24,3,Defective
7434,SO0049206,49206,ELE-0015,2021-11-21,1,Defective
7435,SO0049208,49208,ELE-0019,2025-09-02,6,Damaged
7436,SO0049215,49215,FAS-0018,2021-07-10,13,Customer Changed Mind
7437,SO0049238,49238,HVA-0003,2024-10-17,4,Damaged
7438,SO0049245,49245,SAF-0005,2023-03-11,7,Defective
7439,SO0049246,49246,ELE-0001,2024-01-15,1,Damaged
7440,SO0049276,49276,HVA-0011,2021-07-03,6,Wrong Item
7441,SO0049279,49279,HVA-0014,2023-08-30,2,Wrong Item
7442,SO0049280,49280,FAS-0007,2024-08-12,4,Defective
7443,SO0049289,49289,FAS-0003,2024-12-01,4,Customer Changed Mind
7444,SO0049304,49304,HVA-0019,2024-02-11,1,Shipping Damage
7445,SO0049306,49306,FAS-0009,2023-02-27,6,Wrong Item
7446,SO0049315,49315,HVA-0004,2025-01-13,3,Damaged
7447,SO0049323,49323,PWR-0005,2022-03-12,7,Shipping Damage
7448,SO0049327,49327,FAS-0010,2023-08-04,6,Customer Changed Mind
7449,SO0049330,49330,HVA-0008,2022-05-16,2,Shipping Damage
7450,SO0049330,49330,HVA-0006,2022-05-05,12,Defective
7451,SO0049338,49338,HVA-0009,2023-12-16,5,Shipping Damage
7452,SO0049349,49349,ELE-0017,2022-08-06,3,Shipping Damage
7453,SO0049351,49351,HVA-0002,2022-03-08,4,Defective
7454,SO0049363,49363,HVA-0023,2023-09-28,14,Defective
7455,SO0049366,49366,ELE-0017,2022-05-10,9,Customer Changed Mind
7456,SO0049368,49368,ELE-0002,2025-03-01,14,Customer Changed Mind
7457,SO0049369,49369,ELE-0002,2024-04-22,1,Damaged
7458,SO0049396,49396,SAF-0005,2022-04-21,20,Wrong Item
7459,SO0049396,49396,HVA-0019,2022-04-07,4,Damaged
7460,SO0049397,49397,PWR-0007,2023-09-11,1,Damaged
7461,SO0049400,49400,ELE-0013,2021-03-08,7,Damaged
7462,SO0049408,49408,FAS-0008,2022-10-02,11,Wrong Item
7463,SO0049410,49410,HVA-0023,2023-10-08,2,Damaged
7464,SO0049422,49422,SAF-0014,2025-06-08,7,Shipping Damage
7465,SO0049422,49422,FAS-0009,2025-06-18,5,Customer Changed Mind
7466,SO0049439,49439,HVA-0010,2023-05-27,2,Shipping Damage
7467,SO0049454,49454,SAF-0012,2022-03-18,7,Wrong Item
7468,SO0049456,49456,FAS-0001,2021-02-04,17,Shipping Damage
7469,SO0049456,49456,PWR-0011,2021-01-28,3,Shipping Damage
7470,SO0049457,49457,HVA-0009,2024-04-08,7,Defective
7471,SO0049465,49465,ELE-0009,2021-08-06,7,Wrong Item
7472,SO0049494,49494,HVA-0010,2022-11-13,7,Shipping Damage
7473,SO0049497,49497,PWR-0011,2024-03-04,2,Defective
7474,SO0049503,49503,PWR-0014,2024-02-28,3,Shipping Damage
7475,SO0049517,49517,SAF-0008,2026-01-19,4,Wrong Item
7476,SO0049522,49522,PWR-0007,2026-01-16,5,Customer Changed Mind
7477,SO0049527,49527,ELE-0014,2023-04-28,2,Customer Changed Mind
7478,SO0049531,49531,HVA-0004,2023-07-18,2,Shipping Damage
7479,SO0049534,49534,HVA-0003,2024-03-26,3,Defective
7480,SO0049536,49536,HVA-0027,2021-09-05,1,Customer Changed Mind
7481,SO0049537,49537,PWR-0010,2025-02-20,1,Wrong Item
7482,SO0049545,49545,SAF-0006,2022-09-30,14,Customer Changed Mind
7483,SO0049545,49545,SAF-0015,2022-09-14,2,Damaged
7484,SO0049572,49572,HVA-0015,2024-12-26,6,Defective
7485,SO0049574,49574,SAF-0016,2022-12-05,7,Defective
7486,SO0049578,49578,HVA-0027,2024-02-11,6,Wrong Item
7487,SO0049580,49580,SAF-0012,2024-10-26,1,Customer Changed Mind
7488,SO0049595,49595,HVA-0023,2023-12-24,14,Shipping Damage
7489,SO0049603,49603,ELE-0006,2021-07-07,6,Damaged
7490,SO0049604,49604,ELE-0013,2024-02-23,2,Shipping Damage
7491,SO0049622,49622,PWR-0011,2024-03-15,3,Damaged
7492,SO0049625,49625,ELE-0008,2025-09-07,10,Customer Changed Mind
7493,SO0049629,49629,FAS-0017,2022-02-16,15,Shipping Damage
7494,SO0049630,49630,ELE-0022,2021-10-18,6,Defective
7495,SO0049633,49633,PWR-0003,2022-11-03,1,Damaged
7496,SO0049633,49633,HVA-0011,2022-11-11,3,Damaged
7497,SO0049636,49636,FAS-0002,2022-05-09,6,Wrong Item
7498,SO0049636,49636,SAF-0013,2022-04-21,5,Wrong Item
7499,SO0049636,49636,FAS-0001,2022-05-03,1,Customer Changed Mind
7500,SO0049639,49639,HVA-0015,2022-08-09,3,Wrong Item
7501,SO0049641,49641,ELE-0018,2021-05-04,4,Damaged
7502,SO0049642,49642,ELE-0014,2025-12-15,4,Wrong Item
7503,SO0049643,49643,HVA-0014,2021-05-17,1,Customer Changed Mind
7504,SO0049653,49653,FAS-0015,2023-12-02,7,Damaged
7505,SO0049654,49654,FAS-0012,2021-07-02,3,Wrong Item
7506,SO0049654,49654,ELE-0010,2021-06-21,12,Shipping Damage
7507,SO0049656,49656,ELE-0005,2024-11-02,9,Shipping Damage
7508,SO0049661,49661,ELE-0008,2024-07-25,5,Shipping Damage
7509,SO0049672,49672,ELE-0021,2021-09-28,1,Damaged
7510,SO0049676,49676,SAF-0005,2022-04-10,5,Defective
7511,SO0049684,49684,ELE-0018,2023-07-08,1,Damaged
7512,SO0049686,49686,HVA-0020,2025-02-08,4,Shipping Damage
7513,SO0049697,49697,ELE-0001,2025-07-03,1,Wrong Item
7514,SO0049703,49703,PWR-0014,2025-07-19,19,Wrong Item
7515,SO0049708,49708,FAS-0003,2024-09-06,8,Damaged
7516,SO0049716,49716,SAF-0005,2021-12-09,10,Damaged
7517,SO0049724,49724,PWR-0001,2023-12-12,2,Wrong Item
7518,SO0049736,49736,HVA-0028,2024-08-19,2,Customer Changed Mind
7519,SO0049737,49737,ELE-0010,2024-08-06,6,Customer Changed Mind
7520,SO0049739,49739,PWR-0008,2021-12-15,4,Shipping Damage
7521,SO0049745,49745,FAS-0008,2024-04-16,5,Shipping Damage
7522,SO0049750,49750,PWR-0009,2023-02-14,2,Customer Changed Mind
7523,SO0049763,49763,HVA-0004,2022-02-23,11,Damaged
7524,SO0049765,49765,FAS-0001,2023-10-03,6,Defective
7525,SO0049776,49776,HVA-0001,2021-12-22,3,Shipping Damage
7526,SO0049793,49793,ELE-0020,2025-11-26,8,Wrong Item
7527,SO0049803,49803,HVA-0002,2022-07-29,2,Damaged
7528,SO0049809,49809,ELE-0015,2021-12-21,4,Shipping Damage
7529,SO0049821,49821,FAS-0009,2025-01-19,1,Shipping Damage
7530,SO0049824,49824,HVA-0027,2022-05-27,8,Wrong Item
7531,SO0049833,49833,SAF-0002,2025-12-11,10,Damaged
7532,SO0049838,49838,FAS-0014,2021-08-15,8,Defective
7533,SO0049844,49844,PWR-0012,2022-08-03,3,Shipping Damage
7534,SO0049854,49854,FAS-0010,2022-08-15,2,Customer Changed Mind
7535,SO0049869,49869,PWR-0003,2021-04-03,10,Customer Changed Mind
7536,SO0049870,49870,ELE-0021,2024-04-11,7,Wrong Item
7537,SO0049871,49871,FAS-0004,2024-12-22,18,Shipping Damage
7538,SO0049872,49872,ELE-0007,2022-09-09,2,Customer Changed Mind
7539,SO0049873,49873,HVA-0001,2025-03-10,3,Damaged
7540,SO0049877,49877,HVA-0001,2021-04-03,5,Customer Changed Mind
7541,SO0049888,49888,SAF-0004,2025-01-23,1,Defective
7542,SO0049892,49892,PWR-0003,2022-03-25,15,Defective
7543,SO0049906,49906,HVA-0021,2021-05-09,6,Defective
7544,SO0049917,49917,SAF-0013,2026-01-03,4,Defective
7545,SO0049922,49922,HVA-0009,2021-07-19,14,Damaged
7546,SO0049929,49929,SAF-0013,2025-10-07,2,Customer Changed Mind
7547,SO0049933,49933,FAS-0015,2023-08-02,4,Defective
7548,SO0049933,49933,HVA-0020,2023-07-22,1,Wrong Item
7549,SO0049937,49937,HVA-0006,2023-08-24,8,Wrong Item
7550,SO0049943,49943,FAS-0007,2022-04-25,3,Damaged
7551,SO0049957,49957,FAS-0007,2023-01-22,14,Damaged
7552,SO0049962,49962,ELE-0004,2023-03-17,10,Damaged
7553,SO0049963,49963,PWR-0012,2024-09-26,7,Damaged
7554,SO0049975,49975,HVA-0009,2022-11-29,12,Wrong Item
7555,SO0049989,49989,HVA-0004,2022-06-16,2,Damaged
